"date_value","Retail Theft","Theft","Fraud/Theft of Services","Vandalism","Alcohol Possession by Minor","Public Drunkenness","Trespass","Disorderly Conduct","Minor Violations (Open Container, Public Urination, Smoking Violation)","Uncategorized Offenses"
2014-01-01,4,1,18,0,2,1,10,6,97,41
2014-01-02,2,0,4,1,0,1,2,13,34,25
2014-01-03,0,0,13,1,0,1,1,4,15,19
2014-01-04,6,0,13,0,0,1,2,0,44,36
2014-01-05,4,0,5,0,0,0,0,4,9,15
2014-01-06,6,0,15,1,0,0,0,5,17,26
2014-01-07,5,0,7,0,0,1,2,1,19,13
2014-01-08,3,0,13,0,0,2,1,1,23,17
2014-01-09,4,0,13,1,0,0,7,3,18,22
2014-01-10,2,0,13,0,0,0,0,5,25,14
2014-01-11,8,0,3,2,0,0,0,4,23,30
2014-01-12,6,0,4,0,0,0,0,3,14,14
2014-01-13,8,0,11,0,0,0,3,2,21,16
2014-01-14,7,0,8,0,0,0,7,14,36,28
2014-01-15,6,0,8,0,0,0,9,13,27,35
2014-01-16,7,0,10,0,0,0,0,14,24,31
2014-01-17,8,0,19,0,3,0,3,5,28,38
2014-01-18,11,0,10,0,0,0,2,10,27,23
2014-01-19,3,0,15,1,0,0,2,3,11,16
2014-01-20,4,0,10,1,0,1,4,5,15,23
2014-01-21,1,0,5,1,0,1,1,4,7,9
2014-01-22,7,0,2,0,0,0,2,2,12,14
2014-01-23,3,0,4,1,0,0,3,3,13,23
2014-01-24,9,0,6,0,0,0,2,6,12,23
2014-01-25,5,0,12,0,0,1,3,1,11,12
2014-01-26,6,1,8,0,0,0,4,2,8,15
2014-01-27,7,0,10,0,0,0,0,9,7,15
2014-01-28,5,0,14,0,0,0,2,8,20,24
2014-01-29,13,0,9,0,0,1,3,4,17,20
2014-01-30,9,0,10,0,0,0,2,4,17,28
2014-01-31,4,0,13,0,3,1,0,22,38,35
2014-02-01,6,0,19,1,3,0,2,4,42,25
2014-02-02,5,0,9,0,0,1,0,4,16,17
2014-02-03,3,0,3,1,0,1,2,3,11,12
2014-02-04,2,0,10,1,0,0,1,10,21,27
2014-02-05,4,0,7,0,0,0,2,6,15,22
2014-02-06,4,0,12,0,0,2,2,6,28,21
2014-02-07,8,0,12,0,5,4,3,7,32,34
2014-02-08,5,0,6,4,0,1,1,7,17,32
2014-02-09,4,0,5,0,0,0,0,3,10,8
2014-02-10,8,0,2,0,0,0,1,10,12,24
2014-02-11,6,0,3,0,0,2,0,3,15,18
2014-02-12,3,0,5,0,0,0,1,4,9,22
2014-02-13,4,0,2,0,0,0,3,2,8,15
2014-02-14,6,0,14,0,0,1,6,5,32,24
2014-02-15,1,0,4,1,1,3,2,4,13,19
2014-02-16,7,0,4,1,0,1,1,5,6,8
2014-02-17,3,0,5,0,0,0,1,7,10,11
2014-02-18,5,0,12,0,0,1,4,3,23,12
2014-02-19,2,0,7,0,0,0,2,9,13,27
2014-02-20,4,0,8,0,0,1,4,9,20,27
2014-02-21,4,0,13,1,0,1,3,5,35,25
2014-02-22,4,0,23,0,1,3,8,10,40,44
2014-02-23,3,0,9,0,0,2,7,8,15,24
2014-02-24,1,0,6,1,0,0,3,9,13,13
2014-02-25,7,0,4,0,0,0,3,5,17,19
2014-02-26,6,0,7,0,0,0,0,5,18,20
2014-02-27,4,0,4,0,0,1,7,20,18,31
2014-02-28,6,0,12,0,0,1,3,9,29,40
2014-03-01,2,0,5,0,4,3,3,7,38,39
2014-03-02,7,0,4,0,0,1,0,4,1,5
2014-03-03,7,0,8,0,0,0,1,1,12,10
2014-03-04,3,0,5,0,0,0,5,5,11,28
2014-03-05,9,0,4,0,0,0,5,10,16,23
2014-03-06,4,0,16,1,0,0,0,3,28,34
2014-03-07,5,0,13,0,2,1,9,6,35,30
2014-03-08,9,0,14,2,3,1,8,15,26,29
2014-03-09,8,0,7,0,0,0,0,6,12,6
2014-03-10,6,1,10,6,0,0,1,16,12,12
2014-03-11,5,0,7,0,1,0,4,7,31,35
2014-03-12,3,0,7,0,2,3,4,7,31,33
2014-03-13,8,0,16,0,0,1,4,6,15,33
2014-03-14,6,0,7,0,4,2,5,5,31,31
2014-03-15,10,0,11,0,3,4,1,16,28,31
2014-03-16,7,0,5,1,0,0,0,6,13,22
2014-03-17,9,0,7,1,0,0,1,4,10,9
2014-03-18,5,0,16,0,0,0,9,7,26,34
2014-03-19,9,0,5,0,0,0,0,4,19,22
2014-03-20,5,0,9,2,0,1,5,17,31,30
2014-03-21,7,0,20,0,1,0,4,13,41,38
2014-03-22,4,0,12,2,0,3,1,6,21,16
2014-03-23,5,0,4,0,0,1,1,4,14,5
2014-03-24,7,0,5,1,0,0,2,10,11,21
2014-03-25,4,0,10,1,0,0,5,6,20,26
2014-03-26,7,0,9,2,0,2,8,11,29,18
2014-03-27,3,0,10,0,0,0,8,5,36,37
2014-03-28,2,0,14,0,6,0,5,9,35,51
2014-03-29,4,0,6,0,2,3,3,3,21,24
2014-03-30,4,0,3,0,3,1,1,4,9,9
2014-03-31,3,0,7,0,0,0,2,4,10,16
2014-04-01,2,0,10,0,0,0,10,9,38,35
2014-04-02,8,0,10,1,0,0,9,6,26,28
2014-04-03,1,0,9,0,0,2,4,8,49,31
2014-04-04,5,0,9,0,0,0,2,7,37,22
2014-04-05,6,0,16,2,0,1,4,4,30,29
2014-04-06,6,0,3,0,0,1,4,3,8,14
2014-04-07,7,0,3,1,0,0,2,8,16,16
2014-04-08,5,0,2,2,0,1,8,17,29,70
2014-04-09,9,0,7,0,1,0,9,8,33,29
2014-04-10,2,0,10,1,0,1,7,7,37,56
2014-04-11,6,0,12,1,8,2,2,9,37,49
2014-04-12,3,0,5,1,1,5,8,14,32,82
2014-04-13,2,0,5,1,2,4,3,3,22,21
2014-04-14,4,0,4,0,3,1,1,7,34,24
2014-04-15,6,0,8,0,0,0,5,2,28,26
2014-04-16,6,0,7,1,0,1,15,11,37,35
2014-04-17,5,0,15,0,0,0,5,4,28,36
2014-04-18,7,0,14,1,1,1,7,5,62,40
2014-04-19,4,0,5,0,2,0,11,10,39,43
2014-04-20,2,0,4,1,0,1,2,9,17,18
2014-04-21,5,0,9,1,0,1,6,3,11,26
2014-04-22,2,0,9,0,0,0,8,12,29,39
2014-04-23,2,0,8,0,0,2,7,12,34,36
2014-04-24,2,0,12,0,0,3,5,6,33,42
2014-04-25,6,0,25,0,9,1,7,6,40,39
2014-04-26,6,0,13,2,1,1,6,6,45,38
2014-04-27,2,0,2,1,0,0,6,10,21,16
2014-04-28,11,0,10,0,0,0,3,4,17,16
2014-04-29,6,0,8,0,0,0,0,14,24,176
2014-04-30,3,0,6,0,0,0,3,3,20,20
2014-05-01,2,0,9,0,0,2,13,5,37,57
2014-05-02,4,0,17,1,1,2,25,15,67,50
2014-05-03,5,0,12,0,2,1,18,9,38,38
2014-05-04,4,0,3,1,1,2,1,6,26,19
2014-05-05,3,0,6,0,1,0,4,6,17,17
2014-05-06,4,0,8,0,0,0,3,4,38,22
2014-05-07,5,0,16,2,0,0,2,6,47,31
2014-05-08,7,0,4,0,1,2,4,12,36,44
2014-05-09,8,0,9,1,0,3,2,8,45,60
2014-05-10,5,0,15,3,0,1,8,5,48,26
2014-05-11,4,0,8,0,1,1,0,3,17,18
2014-05-12,7,0,10,0,0,1,3,10,31,23
2014-05-13,2,0,9,1,0,2,3,5,36,34
2014-05-14,8,0,6,0,3,0,9,32,34,32
2014-05-15,2,0,10,1,0,3,7,14,23,29
2014-05-16,2,0,9,0,2,1,12,7,30,26
2014-05-17,7,0,3,1,0,0,2,6,36,28
2014-05-18,3,0,3,0,0,0,1,6,22,14
2014-05-19,7,0,5,0,0,0,8,2,24,23
2014-05-20,11,0,12,1,0,0,4,9,24,24
2014-05-21,10,0,7,0,0,1,9,6,28,33
2014-05-22,3,0,5,0,0,0,4,4,21,17
2014-05-23,5,0,14,1,1,0,5,7,31,31
2014-05-24,7,0,8,0,1,0,11,6,23,39
2014-05-25,6,0,6,0,0,2,0,4,14,27
2014-05-26,3,0,14,1,0,0,3,9,16,18
2014-05-27,9,0,11,0,0,2,5,8,29,22
2014-05-28,11,0,5,0,2,0,3,1,20,23
2014-05-29,6,0,8,0,2,1,5,8,26,31
2014-05-30,12,0,20,2,7,1,9,10,48,58
2014-05-31,6,0,8,1,0,0,23,9,46,30
2014-06-01,2,0,3,1,2,0,2,5,9,13
2014-06-02,3,0,9,2,1,1,4,8,15,20
2014-06-03,5,0,10,1,0,3,8,6,28,34
2014-06-04,5,0,9,0,0,1,9,12,38,34
2014-06-05,4,0,12,1,0,2,5,4,39,34
2014-06-06,13,0,8,1,2,2,16,8,43,40
2014-06-07,3,0,11,1,0,1,14,12,23,26
2014-06-08,2,0,6,0,0,1,3,5,16,15
2014-06-09,7,0,5,0,0,0,2,8,17,19
2014-06-10,7,0,8,0,0,0,4,9,22,22
2014-06-11,7,1,8,1,0,1,8,3,23,24
2014-06-12,5,1,5,0,0,0,9,5,38,22
2014-06-13,4,0,23,0,3,2,4,6,39,25
2014-06-14,4,0,5,1,11,3,8,9,34,30
2014-06-15,5,0,8,0,0,1,2,9,21,15
2014-06-16,4,0,10,1,0,1,1,6,19,26
2014-06-17,4,0,14,0,1,2,13,10,31,26
2014-06-18,3,0,12,0,0,0,3,3,35,26
2014-06-19,4,0,6,0,0,0,3,6,32,12
2014-06-20,7,0,5,0,1,0,9,6,53,36
2014-06-21,4,0,13,1,0,0,8,10,32,21
2014-06-22,3,0,9,0,0,0,0,4,20,14
2014-06-23,1,0,9,0,0,1,3,2,25,20
2014-06-24,4,0,7,2,0,0,4,4,28,18
2014-06-25,3,0,20,0,1,0,7,4,23,38
2014-06-26,9,0,19,2,0,0,2,2,27,22
2014-06-27,7,0,15,0,1,0,3,8,32,28
2014-06-28,3,0,10,2,2,2,2,12,33,25
2014-06-29,6,0,2,0,0,1,1,1,9,14
2014-06-30,2,0,5,2,0,0,7,5,23,28
2014-07-01,9,0,17,0,0,0,8,7,29,37
2014-07-02,1,0,10,2,0,1,6,7,37,37
2014-07-03,3,0,10,0,0,3,14,5,34,39
2014-07-04,4,0,26,2,0,1,2,10,40,29
2014-07-05,6,0,14,0,3,3,6,8,29,33
2014-07-06,9,0,14,0,0,1,3,1,19,19
2014-07-07,4,0,16,0,0,0,1,8,20,14
2014-07-08,7,0,13,0,0,3,6,2,23,29
2014-07-09,2,0,14,0,0,2,8,2,37,23
2014-07-10,2,1,11,0,0,2,5,5,34,24
2014-07-11,4,0,15,1,5,2,6,4,33,40
2014-07-12,8,0,7,1,1,0,9,3,27,25
2014-07-13,6,0,2,0,0,0,2,9,16,20
2014-07-14,8,0,11,0,0,2,3,6,21,26
2014-07-15,3,0,9,1,1,1,2,8,33,31
2014-07-16,9,0,9,0,0,1,13,4,39,41
2014-07-17,1,0,10,0,0,0,4,6,30,37
2014-07-18,5,0,13,0,6,2,10,11,50,37
2014-07-19,3,0,13,2,1,0,3,4,30,41
2014-07-20,2,0,7,1,0,1,2,2,21,23
2014-07-21,5,0,11,0,0,0,3,5,36,22
2014-07-22,6,0,14,0,4,1,4,5,38,32
2014-07-23,5,0,15,0,0,0,8,6,29,22
2014-07-24,7,0,11,0,0,0,3,2,46,38
2014-07-25,10,0,11,1,0,1,3,3,33,43
2014-07-26,3,0,9,1,0,3,3,16,33,27
2014-07-27,4,0,6,0,0,1,2,9,18,13
2014-07-28,4,0,14,0,0,0,1,4,20,17
2014-07-29,3,0,14,1,0,4,4,4,36,36
2014-07-30,5,0,8,0,0,3,4,2,35,25
2014-07-31,3,0,15,2,0,0,1,9,15,22
2014-08-01,4,0,8,0,0,1,2,8,45,31
2014-08-02,5,0,3,2,4,2,4,12,49,49
2014-08-03,3,0,10,0,1,0,5,10,19,24
2014-08-04,4,0,15,0,0,2,0,10,43,26
2014-08-05,5,0,14,1,1,2,4,7,33,24
2014-08-06,3,0,6,0,1,0,6,5,34,27
2014-08-07,4,0,9,0,0,0,3,6,34,41
2014-08-08,5,0,8,0,0,2,7,9,44,30
2014-08-09,4,0,12,1,0,1,1,5,38,28
2014-08-10,3,0,9,1,0,0,3,10,23,28
2014-08-11,2,0,11,2,1,0,2,4,23,22
2014-08-12,6,0,12,0,0,1,4,4,29,21
2014-08-13,7,0,7,0,0,0,6,4,49,28
2014-08-14,7,0,8,0,0,1,5,5,27,22
2014-08-15,6,0,6,0,2,2,2,8,44,50
2014-08-16,4,1,11,0,1,0,6,5,25,21
2014-08-17,7,0,3,0,0,1,0,1,14,16
2014-08-18,6,0,3,0,0,0,2,4,19,15
2014-08-19,7,0,9,1,2,0,0,4,36,26
2014-08-20,6,0,6,1,2,1,3,6,35,38
2014-08-21,4,0,13,0,0,0,6,7,28,28
2014-08-22,8,0,12,0,0,0,2,3,29,25
2014-08-23,4,0,15,0,2,1,5,9,26,31
2014-08-24,6,0,5,0,3,1,2,2,26,34
2014-08-25,12,0,17,1,0,1,2,5,29,29
2014-08-26,9,0,20,0,0,1,3,5,42,29
2014-08-27,10,1,14,1,0,3,3,6,27,38
2014-08-28,3,0,9,0,0,0,5,8,40,19
2014-08-29,7,0,18,0,1,1,2,10,41,51
2014-08-30,7,0,16,0,0,1,5,8,53,97
2014-08-31,4,0,14,1,0,5,0,5,30,51
2014-09-01,8,0,12,0,0,1,2,3,23,15
2014-09-02,5,1,11,2,0,6,4,14,30,35
2014-09-03,1,0,4,0,0,2,4,5,44,33
2014-09-04,5,0,8,0,0,0,6,13,36,32
2014-09-05,2,0,8,0,3,1,7,12,47,56
2014-09-06,2,0,3,1,0,1,5,12,31,39
2014-09-07,6,0,10,0,1,1,2,6,31,33
2014-09-08,4,0,7,0,0,1,2,3,22,23
2014-09-09,3,0,6,1,0,0,5,4,27,33
2014-09-10,5,0,13,0,0,0,5,4,25,27
2014-09-11,1,0,12,0,0,3,3,6,23,28
2014-09-12,4,0,14,0,14,0,2,11,31,30
2014-09-13,1,0,12,1,5,2,3,7,32,29
2014-09-14,7,0,8,1,5,4,1,4,18,20
2014-09-15,7,0,7,0,0,0,0,3,20,21
2014-09-16,4,0,22,0,0,0,3,9,30,40
2014-09-17,4,0,16,0,0,0,4,6,36,33
2014-09-18,7,0,11,0,0,2,10,10,30,35
2014-09-19,5,0,21,0,0,0,8,11,37,34
2014-09-20,11,0,7,0,0,2,5,8,32,34
2014-09-21,3,0,2,0,0,0,3,10,18,19
2014-09-22,7,0,11,0,0,0,2,7,13,21
2014-09-23,5,0,14,0,0,0,1,3,32,25
2014-09-24,12,0,17,1,0,0,0,13,32,25
2014-09-25,3,0,12,1,0,0,2,4,28,24
2014-09-26,2,0,20,1,5,0,1,1,37,38
2014-09-27,9,0,20,2,0,2,1,7,37,54
2014-09-28,3,0,6,0,0,0,2,13,27,23
2014-09-29,2,0,10,0,0,0,2,7,28,14
2014-09-30,3,0,9,0,0,1,1,13,23,24
2014-10-01,5,0,7,0,0,0,3,5,34,31
2014-10-02,4,0,12,0,0,4,6,12,38,37
2014-10-03,6,0,12,0,4,1,0,6,27,34
2014-10-04,6,0,19,1,1,0,3,6,35,21
2014-10-05,3,0,8,0,0,0,2,9,9,24
2014-10-06,7,0,6,0,0,1,4,1,23,25
2014-10-07,2,0,15,0,0,0,2,10,26,23
2014-10-08,4,1,10,0,0,0,3,18,41,27
2014-10-09,4,0,14,1,0,0,3,13,35,27
2014-10-10,6,0,11,0,2,0,3,7,33,25
2014-10-11,5,0,20,1,0,1,1,7,38,40
2014-10-12,3,0,5,1,0,1,4,3,30,22
2014-10-13,7,0,12,0,0,1,0,1,22,22
2014-10-14,5,0,17,3,1,0,4,7,28,23
2014-10-15,3,0,15,0,1,1,1,12,25,32
2014-10-16,4,0,8,0,0,1,5,15,25,29
2014-10-17,5,0,12,5,0,2,7,6,39,28
2014-10-18,8,0,10,2,1,1,1,5,21,29
2014-10-19,9,0,10,1,1,0,3,8,18,28
2014-10-20,7,0,14,0,0,0,1,9,20,19
2014-10-21,9,0,9,0,0,1,7,12,25,27
2014-10-22,11,0,11,0,0,0,2,12,18,18
2014-10-23,5,0,11,0,0,0,1,10,30,24
2014-10-24,3,0,12,1,0,2,2,3,35,37
2014-10-25,9,0,6,0,1,2,3,8,29,27
2014-10-26,2,0,7,0,0,1,2,3,11,14
2014-10-27,5,0,12,0,0,0,1,7,23,18
2014-10-28,10,0,8,0,0,0,3,5,37,31
2014-10-29,6,0,6,1,0,1,5,11,27,19
2014-10-30,9,0,11,1,0,2,1,2,32,32
2014-10-31,2,0,8,0,0,1,1,8,21,21
2014-11-01,6,1,9,0,0,0,3,7,23,22
2014-11-02,2,0,5,3,1,1,1,3,20,21
2014-11-03,2,0,11,1,0,1,1,9,30,28
2014-11-04,6,0,13,0,0,0,4,6,28,24
2014-11-05,7,0,12,0,0,1,11,6,43,38
2014-11-06,4,0,10,1,1,0,4,11,26,35
2014-11-07,8,0,9,0,4,4,3,6,43,41
2014-11-08,5,0,16,0,8,2,6,7,35,36
2014-11-09,7,0,15,0,0,1,3,5,19,22
2014-11-10,7,0,7,1,0,2,3,10,32,28
2014-11-11,8,0,7,0,0,2,6,6,37,35
2014-11-12,5,0,14,0,0,0,4,8,27,33
2014-11-13,2,0,17,1,0,2,14,7,24,43
2014-11-14,15,0,17,0,5,1,2,16,26,26
2014-11-15,11,0,11,0,0,1,0,5,29,26
2014-11-16,10,0,9,2,0,2,6,4,11,23
2014-11-17,7,0,11,0,0,1,0,5,16,7
2014-11-18,6,0,10,0,0,0,0,2,26,23
2014-11-19,6,0,11,0,0,1,2,4,28,29
2014-11-20,10,0,7,0,0,2,2,3,32,35
2014-11-21,3,0,15,0,2,3,2,4,32,24
2014-11-22,4,0,5,0,0,2,5,5,30,32
2014-11-23,3,0,4,1,0,2,0,4,29,15
2014-11-24,2,0,13,0,0,0,0,8,21,24
2014-11-25,7,0,10,0,0,2,2,8,16,16
2014-11-26,5,0,8,0,0,0,1,5,21,15
2014-11-27,0,0,1,0,0,0,0,3,7,22
2014-11-28,6,1,8,0,3,4,1,1,19,20
2014-11-29,6,0,12,0,0,1,4,13,23,49
2014-11-30,4,0,6,0,0,1,1,3,12,19
2014-12-01,5,0,12,0,0,2,1,4,13,12
2014-12-02,7,0,9,1,0,0,1,4,17,23
2014-12-03,7,0,13,0,0,2,6,4,13,26
2014-12-04,6,0,8,0,1,0,5,8,21,24
2014-12-05,8,0,8,1,0,0,8,5,34,23
2014-12-06,5,0,3,0,0,3,0,6,37,15
2014-12-07,7,0,5,1,3,1,1,2,13,10
2014-12-08,2,0,8,1,0,1,1,3,11,17
2014-12-09,11,0,2,0,0,0,4,1,20,17
2014-12-10,7,0,9,1,2,1,5,7,15,19
2014-12-11,5,0,9,0,3,1,3,5,19,16
2014-12-12,6,0,8,0,1,0,4,7,21,29
2014-12-13,4,1,2,0,0,0,2,5,11,27
2014-12-14,4,0,9,0,0,2,0,3,11,13
2014-12-15,3,0,5,0,0,0,1,4,16,6
2014-12-16,5,0,0,0,0,0,4,5,15,17
2014-12-17,7,0,6,0,0,0,3,10,24,16
2014-12-18,8,0,13,1,0,1,4,5,26,19
2014-12-19,16,0,12,1,2,1,5,7,25,50
2014-12-20,6,0,15,1,2,2,5,5,20,29
2014-12-21,3,0,4,3,1,0,2,4,2,13
2014-12-22,11,0,6,0,0,0,2,6,5,20
2014-12-23,10,0,10,1,0,0,2,2,22,11
2014-12-24,5,0,2,0,1,1,0,1,7,14
2014-12-25,0,0,10,0,0,0,1,5,5,6
2014-12-26,6,0,7,2,0,2,5,4,19,17
2014-12-27,2,0,15,0,0,0,1,1,17,17
2014-12-28,9,0,11,0,1,1,7,3,12,17
2014-12-29,10,0,7,0,0,0,1,0,12,19
2014-12-30,4,0,10,1,0,1,4,7,17,25
2014-12-31,3,0,7,0,1,0,5,6,15,20
2015-01-01,3,0,12,3,0,3,1,10,32,20
2015-01-02,6,0,10,1,0,1,9,4,29,23
2015-01-03,4,0,19,0,0,0,0,4,26,17
2015-01-04,2,0,3,0,0,0,0,2,8,10
2015-01-05,4,0,12,0,0,0,1,1,11,13
2015-01-06,6,0,15,0,0,0,2,1,14,18
2015-01-07,5,1,10,0,0,1,1,4,20,11
2015-01-08,9,0,12,0,0,0,1,0,20,14
2015-01-09,10,0,13,0,0,1,1,3,15,15
2015-01-10,6,0,11,0,0,1,1,3,20,16
2015-01-11,4,0,4,0,1,0,1,6,8,14
2015-01-12,4,0,5,0,0,0,1,3,12,13
2015-01-13,8,0,13,0,0,0,2,7,29,34
2015-01-14,4,0,11,1,0,0,2,13,30,29
2015-01-15,6,0,9,1,0,0,3,11,35,34
2015-01-16,6,0,3,2,0,1,1,7,36,20
2015-01-17,2,0,9,0,0,0,3,10,35,23
2015-01-18,2,0,11,1,0,0,2,2,4,12
2015-01-19,13,0,9,0,0,0,1,1,12,15
2015-01-20,4,0,14,0,0,0,1,5,19,28
2015-01-21,3,0,7,2,0,1,0,7,20,25
2015-01-22,6,1,9,0,0,1,1,5,28,25
2015-01-23,7,0,9,0,3,0,6,7,35,27
2015-01-24,12,0,7,1,0,3,3,2,16,25
2015-01-25,3,0,5,1,0,0,1,1,14,11
2015-01-26,1,0,5,0,0,3,0,1,13,13
2015-01-27,6,0,8,1,0,1,5,6,21,28
2015-01-28,6,0,7,0,1,2,2,7,19,18
2015-01-29,4,0,11,0,0,2,10,6,26,45
2015-01-30,10,0,13,5,1,3,4,12,28,29
2015-01-31,9,0,2,0,3,2,0,5,24,11
2015-02-01,5,0,4,1,0,0,2,1,8,11
2015-02-02,3,0,3,0,0,0,2,9,13,17
2015-02-03,4,0,10,1,0,1,1,5,25,23
2015-02-04,3,0,6,0,0,2,4,8,27,26
2015-02-05,12,0,10,0,0,3,3,4,32,35
2015-02-06,5,0,17,1,0,2,4,4,22,32
2015-02-07,6,0,4,2,0,0,2,1,29,33
2015-02-08,4,0,5,0,0,0,7,3,14,20
2015-02-09,5,0,7,0,0,0,0,4,10,5
2015-02-10,11,0,5,0,0,2,2,7,29,30
2015-02-11,7,0,10,2,0,2,5,5,27,28
2015-02-12,8,0,4,1,2,1,4,8,28,32
2015-02-13,3,0,13,0,1,2,0,5,21,21
2015-02-14,3,0,11,0,6,0,4,4,12,18
2015-02-15,1,0,8,1,0,1,0,1,3,10
2015-02-16,1,0,6,0,0,0,1,5,9,10
2015-02-17,5,0,13,0,0,2,1,4,12,23
2015-02-18,1,0,5,1,0,1,1,7,25,29
2015-02-19,4,0,14,0,0,2,3,4,15,22
2015-02-20,6,0,5,0,0,1,3,3,25,27
2015-02-21,2,0,5,2,0,1,2,1,16,18
2015-02-22,5,0,1,1,0,1,0,8,10,11
2015-02-23,4,0,4,1,0,3,1,5,19,18
2015-02-24,3,0,4,0,0,4,2,6,26,32
2015-02-25,4,0,5,0,1,3,2,7,43,37
2015-02-26,2,0,9,1,0,1,8,4,25,27
2015-02-27,4,0,4,0,0,5,3,5,34,29
2015-02-28,5,0,5,0,0,0,1,6,43,30
2015-03-01,6,0,5,1,0,2,2,5,12,13
2015-03-02,2,0,6,0,0,0,3,4,19,19
2015-03-03,7,0,6,0,0,0,1,2,28,31
2015-03-04,5,0,10,0,0,0,4,12,32,27
2015-03-05,4,0,5,1,0,0,2,2,15,20
2015-03-06,2,0,8,0,0,2,4,3,20,21
2015-03-07,7,0,15,0,0,2,0,10,30,35
2015-03-08,1,0,2,0,0,3,3,4,13,17
2015-03-09,0,0,5,0,0,0,3,0,30,17
2015-03-10,10,0,5,0,0,2,2,7,29,25
2015-03-11,6,0,3,0,0,3,5,9,34,46
2015-03-12,4,0,11,0,0,3,4,7,25,31
2015-03-13,3,0,15,0,3,4,4,7,20,43
2015-03-14,2,0,8,0,2,3,4,5,34,22
2015-03-15,4,0,7,1,1,1,1,4,30,45
2015-03-16,12,2,5,0,0,2,1,2,18,22
2015-03-17,3,0,5,2,0,5,4,6,28,35
2015-03-18,7,0,10,1,0,1,6,5,18,32
2015-03-19,7,0,3,0,0,3,4,16,29,30
2015-03-20,5,0,6,2,4,1,4,7,19,12
2015-03-21,6,0,11,0,3,1,0,2,20,22
2015-03-22,5,0,3,0,0,1,1,5,15,20
2015-03-23,5,0,6,0,0,1,2,3,17,14
2015-03-24,3,0,10,1,0,0,3,7,18,35
2015-03-25,6,0,8,0,0,2,4,6,33,25
2015-03-26,5,0,7,0,0,0,2,4,33,33
2015-03-27,3,0,4,0,1,1,2,8,35,37
2015-03-28,2,0,6,0,0,1,2,4,28,41
2015-03-29,4,0,6,0,0,2,1,5,12,12
2015-03-30,6,0,7,0,0,0,3,5,11,22
2015-03-31,3,0,8,0,0,2,5,4,28,30
2015-04-01,2,0,8,1,0,2,5,6,35,40
2015-04-02,6,0,4,1,3,0,1,7,58,43
2015-04-03,7,0,11,0,3,3,9,5,62,40
2015-04-04,3,0,8,0,5,3,7,7,49,36
2015-04-05,0,0,2,0,1,1,2,7,21,17
2015-04-06,3,0,8,5,0,0,3,5,34,90
2015-04-07,8,0,8,0,0,0,4,9,40,41
2015-04-08,7,0,9,0,0,2,3,5,32,31
2015-04-09,6,0,4,2,1,2,4,4,31,27
2015-04-10,7,0,6,0,3,0,10,5,31,39
2015-04-11,3,0,6,0,5,1,3,5,35,34
2015-04-12,6,0,5,1,0,1,1,10,15,22
2015-04-13,5,0,3,0,0,1,3,2,18,26
2015-04-14,7,0,10,1,0,0,1,4,38,39
2015-04-15,11,0,4,1,0,1,5,11,38,45
2015-04-16,8,0,5,1,0,0,3,4,45,54
2015-04-17,3,0,10,1,6,3,8,10,38,45
2015-04-18,6,0,8,0,2,2,2,13,32,41
2015-04-19,3,1,4,1,0,0,3,8,20,17
2015-04-20,7,0,5,0,0,0,2,8,19,23
2015-04-21,4,0,9,0,0,1,6,7,43,48
2015-04-22,8,0,9,1,0,2,6,10,32,28
2015-04-23,7,0,3,0,0,1,11,17,39,38
2015-04-24,3,0,13,0,3,0,4,6,38,47
2015-04-25,3,0,3,0,0,1,5,9,33,56
2015-04-26,5,0,4,1,0,2,2,7,16,18
2015-04-27,9,0,9,0,0,1,6,6,20,15
2015-04-28,4,0,4,0,0,2,0,8,46,49
2015-04-29,6,0,4,2,1,4,3,4,33,40
2015-04-30,6,0,10,0,0,0,2,7,31,31
2015-05-01,6,0,3,0,0,4,2,7,21,34
2015-05-02,1,0,3,2,1,1,8,5,34,46
2015-05-03,3,0,4,0,0,1,2,6,18,19
2015-05-04,6,0,7,0,0,1,7,2,34,29
2015-05-05,10,0,5,2,0,0,9,11,63,42
2015-05-06,5,0,5,0,0,5,4,9,29,58
2015-05-07,1,0,8,0,0,2,15,7,55,60
2015-05-08,8,0,10,2,1,2,9,3,38,45
2015-05-09,5,0,15,1,0,1,4,5,29,24
2015-05-10,3,0,3,0,1,1,4,3,19,21
2015-05-11,2,0,5,0,2,0,1,4,19,24
2015-05-12,3,0,10,1,0,0,9,7,34,40
2015-05-13,4,0,11,1,1,0,7,5,25,31
2015-05-14,10,0,5,0,0,0,1,6,42,36
2015-05-15,4,0,6,0,3,1,11,4,64,55
2015-05-16,7,0,7,1,0,1,5,10,24,38
2015-05-17,3,0,4,0,0,2,4,3,27,19
2015-05-18,9,0,8,1,0,1,4,2,22,31
2015-05-19,6,0,5,0,0,1,2,2,13,28
2015-05-20,12,0,5,0,0,5,7,7,37,42
2015-05-21,4,0,11,0,0,0,8,4,14,32
2015-05-22,5,0,4,0,1,1,4,6,38,35
2015-05-23,4,0,1,2,1,0,6,6,32,24
2015-05-24,6,0,6,0,0,2,3,5,22,17
2015-05-25,5,0,11,0,0,1,6,4,12,21
2015-05-26,3,0,13,0,0,0,11,5,39,39
2015-05-27,8,0,4,1,1,0,4,6,22,30
2015-05-28,3,0,12,1,0,0,2,5,32,35
2015-05-29,9,0,6,0,1,0,13,4,37,42
2015-05-30,5,0,11,0,0,0,4,16,29,46
2015-05-31,4,0,3,1,0,1,4,3,23,11
2015-06-01,3,0,5,0,0,0,1,3,18,10
2015-06-02,9,0,7,3,0,1,1,3,17,30
2015-06-03,5,0,7,0,0,0,4,1,43,27
2015-06-04,3,0,10,1,0,2,4,11,37,32
2015-06-05,6,0,6,1,4,1,3,6,41,34
2015-06-06,4,0,9,0,3,0,7,5,47,38
2015-06-07,0,0,3,0,1,1,1,2,18,12
2015-06-08,4,0,6,1,0,2,3,8,32,26
2015-06-09,5,0,14,1,0,0,5,5,32,37
2015-06-10,4,0,4,0,0,1,7,3,51,36
2015-06-11,2,0,4,0,0,1,10,5,39,54
2015-06-12,3,0,7,0,1,1,16,4,36,42
2015-06-13,4,0,9,0,0,3,14,5,18,26
2015-06-14,2,0,7,0,0,0,3,1,18,34
2015-06-15,3,0,3,0,0,0,9,2,19,24
2015-06-16,5,0,12,0,0,1,5,13,37,46
2015-06-17,3,0,10,4,0,1,5,8,23,45
2015-06-18,4,0,10,0,2,0,2,2,37,32
2015-06-19,8,0,4,0,0,1,5,6,34,51
2015-06-20,4,0,3,0,2,0,2,5,29,30
2015-06-21,4,0,1,1,0,0,1,3,14,12
2015-06-22,7,0,3,0,0,0,0,3,24,21
2015-06-23,4,0,6,0,0,0,4,10,30,32
2015-06-24,5,0,4,0,0,0,5,8,39,26
2015-06-25,5,0,2,0,0,0,3,1,48,32
2015-06-26,6,0,4,0,0,0,4,8,35,26
2015-06-27,11,0,2,0,0,2,3,4,17,19
2015-06-28,4,0,1,0,0,0,3,3,17,16
2015-06-29,9,0,11,0,0,0,2,2,22,24
2015-06-30,2,0,7,0,0,0,8,2,32,34
2015-07-01,5,0,9,1,0,0,3,6,36,40
2015-07-02,5,0,10,1,0,1,5,12,66,33
2015-07-03,4,0,10,0,0,1,5,6,57,45
2015-07-04,3,0,14,1,0,1,1,3,15,24
2015-07-05,4,0,9,1,0,0,5,9,10,16
2015-07-06,8,0,5,0,0,0,9,5,28,30
2015-07-07,3,0,1,0,0,0,3,6,46,44
2015-07-08,7,0,11,0,0,1,7,4,54,35
2015-07-09,2,0,4,0,0,3,6,5,40,25
2015-07-10,2,0,3,0,2,2,5,4,49,41
2015-07-11,4,0,7,2,0,0,7,4,40,31
2015-07-12,3,0,14,0,0,0,5,4,10,16
2015-07-13,11,0,7,1,0,1,4,5,25,20
2015-07-14,3,0,15,1,0,0,12,10,39,28
2015-07-15,2,0,6,0,0,1,0,4,22,23
2015-07-16,5,0,8,0,1,0,7,5,46,33
2015-07-17,2,0,5,0,0,1,11,3,23,25
2015-07-18,1,0,3,0,0,1,5,4,14,13
2015-07-19,4,0,6,0,0,1,0,2,15,14
2015-07-20,6,0,6,0,3,2,1,3,21,15
2015-07-21,9,0,13,1,0,0,2,0,19,21
2015-07-22,9,0,10,0,0,3,4,5,26,47
2015-07-23,6,0,4,1,2,0,3,3,29,26
2015-07-24,4,0,4,1,0,4,8,6,11,27
2015-07-25,7,0,3,0,0,0,9,4,33,29
2015-07-26,5,0,3,0,0,2,2,2,19,8
2015-07-27,5,0,5,0,0,0,2,0,18,18
2015-07-28,6,0,11,0,0,2,6,1,36,46
2015-07-29,2,0,1,0,0,0,2,8,27,14
2015-07-30,6,0,2,0,0,2,12,4,22,23
2015-07-31,9,0,0,0,2,1,2,2,28,19
2015-08-01,4,0,12,0,1,1,4,2,38,25
2015-08-02,2,0,5,0,0,0,1,4,21,13
2015-08-03,5,0,2,0,0,0,1,1,37,18
2015-08-04,6,0,3,0,0,1,2,4,18,11
2015-08-05,4,0,7,0,0,1,12,5,36,28
2015-08-06,5,0,4,0,0,1,11,2,36,18
2015-08-07,5,0,5,1,0,0,5,3,20,19
2015-08-08,3,0,3,0,2,0,4,7,32,15
2015-08-09,4,0,11,1,0,0,0,2,17,8
2015-08-10,5,0,2,0,0,0,4,0,15,12
2015-08-11,4,0,8,1,0,1,1,3,16,22
2015-08-12,0,0,2,0,0,0,2,4,35,24
2015-08-13,2,0,5,0,0,0,5,4,28,17
2015-08-14,3,0,3,0,0,2,2,3,36,20
2015-08-15,10,0,6,0,4,1,1,7,28,18
2015-08-16,2,0,7,1,0,2,0,6,17,9
2015-08-17,8,0,7,1,0,1,4,4,12,24
2015-08-18,7,0,6,0,1,1,1,3,25,19
2015-08-19,2,0,2,0,1,0,6,8,23,29
2015-08-20,3,0,1,0,0,0,8,4,17,20
2015-08-21,6,0,3,1,1,0,6,5,27,36
2015-08-22,7,0,5,0,0,3,7,6,30,26
2015-08-23,3,0,7,1,2,1,1,8,15,16
2015-08-24,7,0,3,1,0,0,3,6,18,18
2015-08-25,7,0,6,0,0,0,6,8,29,29
2015-08-26,4,1,6,0,0,0,0,1,20,21
2015-08-27,2,0,5,0,0,0,1,9,27,27
2015-08-28,11,0,1,0,3,2,7,4,28,43
2015-08-29,7,0,5,0,1,1,4,9,22,46
2015-08-30,3,0,0,0,0,0,0,4,10,16
2015-08-31,3,0,5,1,0,0,2,3,20,18
2015-09-01,4,0,4,0,0,0,5,4,26,23
2015-09-02,8,0,3,0,0,1,6,2,32,14
2015-09-03,3,0,2,0,1,0,3,7,30,25
2015-09-04,2,0,9,1,0,0,10,6,28,49
2015-09-05,4,0,8,1,1,0,7,9,46,33
2015-09-06,3,0,4,0,0,1,3,7,10,22
2015-09-07,5,0,10,0,0,2,0,6,20,10
2015-09-08,6,0,6,0,0,1,9,3,28,25
2015-09-09,6,0,11,0,0,1,2,6,20,25
2015-09-10,6,0,6,0,0,0,2,3,14,15
2015-09-11,3,0,6,0,0,1,2,5,31,49
2015-09-12,6,0,4,0,0,2,0,2,21,63
2015-09-13,3,0,3,0,1,0,1,4,7,24
2015-09-14,4,0,4,0,0,1,4,7,23,22
2015-09-15,5,1,5,0,0,1,3,3,24,21
2015-09-16,12,0,3,0,0,2,3,8,16,34
2015-09-17,1,0,6,1,0,1,1,12,23,17
2015-09-18,10,0,4,1,1,1,4,8,12,18
2015-09-19,3,0,3,1,0,2,2,3,16,13
2015-09-20,2,0,3,0,1,1,2,5,10,7
2015-09-21,2,0,8,0,0,0,2,2,10,13
2015-09-22,2,0,10,0,0,0,1,6,21,19
2015-09-23,8,0,4,0,0,0,5,9,21,32
2015-09-24,1,0,7,0,0,1,0,6,11,13
2015-09-25,1,0,4,0,0,2,0,2,2,10
2015-09-26,5,0,4,0,0,0,5,4,2,21
2015-09-27,5,0,2,0,0,0,1,3,2,3
2015-09-28,9,0,2,0,0,0,2,3,6,15
2015-09-29,1,1,11,1,0,0,1,3,24,11
2015-09-30,2,1,2,1,0,0,2,2,19,16
2015-10-01,3,1,4,0,0,0,14,2,17,12
2015-10-02,2,0,1,1,0,1,1,3,4,11
2015-10-03,3,0,1,0,0,0,2,2,31,15
2015-10-04,2,0,2,0,0,1,1,4,7,11
2015-10-05,3,0,2,0,0,0,7,2,17,17
2015-10-06,6,0,3,0,0,1,3,8,25,35
2015-10-07,5,0,2,0,0,1,7,5,19,26
2015-10-08,5,0,8,0,0,1,8,5,14,17
2015-10-09,5,0,3,1,0,2,3,9,23,27
2015-10-10,4,0,6,0,3,1,2,11,10,43
2015-10-11,4,0,1,0,0,0,2,11,9,19
2015-10-12,5,0,3,1,0,1,7,2,30,12
2015-10-13,4,0,12,0,0,1,5,4,15,28
2015-10-14,3,0,5,0,0,1,3,4,19,26
2015-10-15,5,0,2,0,0,0,8,4,15,22
2015-10-16,3,0,6,0,3,1,14,4,18,10
2015-10-17,6,0,5,0,0,1,6,2,16,20
2015-10-18,2,0,5,0,0,0,4,5,5,12
2015-10-19,8,0,6,0,0,1,2,3,8,11
2015-10-20,3,0,4,0,0,1,6,2,12,30
2015-10-21,5,0,4,0,0,2,5,12,21,21
2015-10-22,3,0,5,0,0,0,5,4,15,15
2015-10-23,7,0,2,0,0,0,3,5,20,9
2015-10-24,3,0,3,0,4,2,4,3,33,10
2015-10-25,5,0,3,1,0,0,0,6,9,7
2015-10-26,4,0,4,0,0,0,2,2,17,13
2015-10-27,5,0,13,0,0,1,8,6,12,19
2015-10-28,3,0,1,0,2,1,6,8,12,16
2015-10-29,2,0,5,0,0,0,6,8,15,28
2015-10-30,8,0,8,1,0,0,4,5,12,36
2015-10-31,2,0,2,2,0,0,8,2,11,35
2015-11-01,7,0,1,0,0,0,4,3,11,23
2015-11-02,5,0,3,0,0,0,6,6,13,20
2015-11-03,4,0,9,3,0,1,4,6,7,13
2015-11-04,7,0,1,0,0,0,4,12,19,17
2015-11-05,6,0,4,1,0,0,3,3,22,21
2015-11-06,7,0,7,2,1,1,8,8,22,17
2015-11-07,2,0,5,0,1,0,6,11,47,26
2015-11-08,5,0,3,0,0,1,0,5,0,9
2015-11-09,5,0,3,0,0,0,10,3,18,12
2015-11-10,1,0,5,0,0,0,6,7,8,14
2015-11-11,4,0,4,1,0,1,5,6,13,18
2015-11-12,6,0,3,1,0,0,4,8,12,15
2015-11-13,5,0,8,0,0,0,8,12,18,20
2015-11-14,9,0,2,0,2,1,0,11,18,7
2015-11-15,3,0,0,0,3,0,1,1,13,11
2015-11-16,4,0,6,0,0,0,3,0,12,11
2015-11-17,4,0,14,1,0,2,5,2,19,26
2015-11-18,5,0,13,0,0,0,4,6,16,19
2015-11-19,5,0,4,1,1,0,4,3,13,15
2015-11-20,11,0,7,0,2,2,6,5,10,27
2015-11-21,5,0,4,0,1,0,4,3,11,12
2015-11-22,7,0,5,0,0,1,3,1,4,13
2015-11-23,5,0,3,0,0,0,2,5,6,8
2015-11-24,9,0,5,0,0,0,5,7,18,25
2015-11-25,4,0,4,0,2,2,1,3,12,14
2015-11-26,2,0,9,0,0,1,1,1,0,5
2015-11-27,5,1,3,1,4,0,7,6,25,20
2015-11-28,2,0,2,0,0,1,2,6,24,16
2015-11-29,1,0,7,0,0,2,2,1,2,7
2015-11-30,6,0,4,1,0,0,4,2,6,7
2015-12-01,2,0,4,0,0,2,1,5,15,7
2015-12-02,4,0,7,1,0,0,2,4,12,14
2015-12-03,6,0,2,1,0,0,2,1,13,14
2015-12-04,5,0,1,0,5,2,4,3,23,14
2015-12-05,3,0,1,1,0,2,1,8,17,14
2015-12-06,4,0,3,0,1,1,2,2,3,9
2015-12-07,3,0,3,0,0,2,4,5,15,12
2015-12-08,2,0,3,0,0,1,1,6,14,20
2015-12-09,6,0,8,0,0,2,5,4,14,13
2015-12-10,3,0,5,0,0,1,9,3,17,18
2015-12-11,6,0,5,0,2,0,6,8,12,22
2015-12-12,0,0,3,1,0,0,13,7,13,20
2015-12-13,2,0,3,0,0,2,3,5,8,5
2015-12-14,2,0,2,0,0,0,2,3,7,9
2015-12-15,4,0,5,1,0,0,3,1,14,10
2015-12-16,8,0,5,1,0,0,3,3,15,15
2015-12-17,4,1,1,0,1,1,2,0,14,6
2015-12-18,6,0,3,0,0,1,1,4,6,15
2015-12-19,4,0,3,0,1,0,2,5,21,12
2015-12-20,2,0,6,0,0,0,3,6,2,8
2015-12-21,7,0,5,0,0,0,3,3,8,8
2015-12-22,7,1,3,0,0,2,2,6,6,17
2015-12-23,3,0,6,0,0,0,2,0,13,9
2015-12-24,4,0,4,0,0,4,7,1,5,6
2015-12-25,0,0,0,0,0,0,1,2,0,2
2015-12-26,3,0,5,0,0,2,6,8,11,13
2015-12-27,5,0,2,1,0,0,1,4,4,4
2015-12-28,3,0,3,0,0,0,3,5,5,10
2015-12-29,8,0,6,1,0,0,2,6,14,10
2015-12-30,5,0,1,0,0,1,2,5,17,11
2015-12-31,3,0,9,1,0,0,2,6,16,21
2016-01-01,0,0,6,0,1,2,0,6,4,11
2016-01-02,4,0,3,1,0,1,4,6,7,17
2016-01-03,8,0,3,0,0,1,2,2,6,6
2016-01-04,8,0,0,0,0,0,0,1,2,3
2016-01-05,4,0,3,0,0,0,0,1,13,14
2016-01-06,4,0,6,0,0,2,0,6,10,19
2016-01-07,5,0,0,0,0,2,2,0,8,16
2016-01-08,5,0,5,0,1,4,3,7,4,21
2016-01-09,6,0,4,0,0,2,3,4,11,14
2016-01-10,3,0,9,0,0,3,1,4,2,8
2016-01-11,10,0,3,1,0,0,3,1,5,4
2016-01-12,8,0,7,1,0,1,5,4,5,17
2016-01-13,4,0,3,1,0,3,2,4,7,9
2016-01-14,6,0,9,0,0,2,3,0,2,17
2016-01-15,6,0,1,0,0,1,3,7,5,16
2016-01-16,9,0,2,2,0,0,2,6,15,20
2016-01-17,3,0,3,2,0,2,3,4,3,5
2016-01-18,6,0,8,4,0,0,5,0,1,5
2016-01-19,8,0,2,0,0,1,2,0,6,6
2016-01-20,2,0,2,0,0,0,1,9,8,14
2016-01-21,6,0,5,0,0,3,7,0,6,6
2016-01-22,3,0,3,0,0,0,5,8,4,19
2016-01-23,0,0,3,1,0,0,0,1,0,1
2016-01-24,2,0,4,0,0,0,0,2,1,3
2016-01-25,3,0,9,0,0,0,0,1,1,1
2016-01-26,4,0,10,0,0,1,3,3,5,8
2016-01-27,5,0,7,1,0,0,4,2,8,11
2016-01-28,6,0,8,0,0,0,5,4,11,16
2016-01-29,4,0,7,0,0,0,4,4,17,22
2016-01-30,3,0,10,1,0,1,2,11,25,22
2016-01-31,8,0,5,0,0,2,6,5,4,10
2016-02-01,1,0,10,0,0,0,1,1,1,9
2016-02-02,6,0,6,4,0,2,1,7,16,21
2016-02-03,4,0,3,0,0,4,2,4,6,14
2016-02-04,6,0,10,0,0,1,2,3,12,17
2016-02-05,5,0,4,1,1,1,4,8,11,12
2016-02-06,4,0,5,2,4,2,8,3,15,6
2016-02-07,3,0,3,0,0,1,2,4,4,15
2016-02-08,3,0,10,0,0,0,1,7,3,5
2016-02-09,7,0,11,0,0,5,2,2,9,14
2016-02-10,6,0,7,0,0,0,2,7,9,28
2016-02-11,4,0,5,0,0,3,3,2,7,20
2016-02-12,2,0,4,1,0,1,7,8,13,12
2016-02-13,2,0,6,0,0,0,1,5,0,4
2016-02-14,2,0,2,1,0,0,2,0,2,7
2016-02-15,3,0,5,0,0,0,1,4,2,3
2016-02-16,2,0,9,0,0,1,2,10,12,17
2016-02-17,3,0,4,0,3,1,1,3,4,13
2016-02-18,6,0,8,0,0,3,3,3,3,7
2016-02-19,4,0,13,0,0,1,2,6,6,15
2016-02-20,2,0,10,0,1,3,2,10,18,15
2016-02-21,4,0,7,0,2,1,3,4,6,16
2016-02-22,2,0,10,2,0,1,4,4,7,13
2016-02-23,8,0,2,0,0,2,4,2,3,7
2016-02-24,2,0,8,0,0,0,2,7,5,12
2016-02-25,5,0,10,0,0,1,2,5,7,13
2016-02-26,9,0,6,0,0,1,4,2,6,17
2016-02-27,4,0,9,1,3,4,3,2,10,8
2016-02-28,3,0,10,2,0,2,2,3,3,12
2016-02-29,3,0,19,1,0,2,1,3,2,11
2016-03-01,3,0,6,0,0,2,2,0,15,18
2016-03-02,4,0,4,0,0,2,5,6,5,9
2016-03-03,7,0,6,0,0,0,4,2,3,9
2016-03-04,9,0,5,0,0,1,2,5,3,7
2016-03-05,5,0,6,0,0,2,4,10,4,11
2016-03-06,1,0,5,0,0,2,3,1,1,6
2016-03-07,5,0,5,0,0,4,1,4,6,8
2016-03-08,3,0,7,0,0,0,3,2,14,14
2016-03-09,4,0,5,0,0,1,1,12,11,18
2016-03-10,2,0,16,0,0,1,3,6,7,15
2016-03-11,6,0,10,0,2,3,4,10,12,16
2016-03-12,2,0,5,1,2,5,2,5,6,12
2016-03-13,1,0,7,0,2,1,5,1,3,35
2016-03-14,5,0,10,0,0,1,0,1,4,7
2016-03-15,2,0,8,0,0,1,2,4,2,10
2016-03-16,2,0,6,0,0,1,2,8,7,13
2016-03-17,5,0,8,2,0,2,5,3,8,13
2016-03-18,5,0,0,0,0,1,6,9,9,12
2016-03-19,3,0,5,1,3,1,2,3,19,14
2016-03-20,5,0,4,0,0,0,1,1,0,3
2016-03-21,4,0,5,2,0,0,4,7,5,12
2016-03-22,7,0,6,1,0,0,2,4,20,20
2016-03-23,11,0,2,0,0,1,6,3,11,18
2016-03-24,8,0,4,0,9,1,1,3,5,15
2016-03-25,5,1,5,0,7,2,3,5,9,29
2016-03-26,2,0,1,0,2,0,7,3,8,29
2016-03-27,3,0,6,1,0,0,3,2,7,7
2016-03-28,2,0,11,0,0,0,3,8,0,6
2016-03-29,7,0,9,1,0,0,8,11,6,13
2016-03-30,4,1,4,1,0,0,5,3,1,21
2016-03-31,2,0,11,0,0,1,1,4,4,10
2016-04-01,3,0,8,0,0,1,8,5,8,11
2016-04-02,5,0,4,0,0,4,8,7,8,32
2016-04-03,3,0,4,0,0,1,5,7,5,7
2016-04-04,5,0,4,0,0,0,0,2,2,7
2016-04-05,5,0,2,0,0,0,0,3,3,10
2016-04-06,6,0,3,1,0,0,3,2,5,14
2016-04-07,12,0,5,0,0,0,10,4,5,18
2016-04-08,5,0,4,0,1,3,8,6,6,19
2016-04-09,6,0,7,1,0,1,3,1,13,16
2016-04-10,8,0,5,0,0,0,5,0,3,14
2016-04-11,7,0,2,0,0,0,2,6,6,39
2016-04-12,3,0,0,0,2,1,1,5,6,15
2016-04-13,6,0,3,0,3,0,6,4,9,19
2016-04-14,1,0,5,1,2,0,4,3,1,12
2016-04-15,5,0,3,0,3,4,17,5,9,28
2016-04-16,4,0,2,0,7,1,16,9,5,25
2016-04-17,4,0,3,0,0,0,2,3,1,18
2016-04-18,4,0,9,0,0,0,3,2,2,18
2016-04-19,9,0,4,0,3,2,5,5,5,25
2016-04-20,7,0,8,0,1,0,8,4,11,10
2016-04-21,12,0,3,0,0,0,4,5,6,13
2016-04-22,5,0,3,0,1,1,4,8,11,30
2016-04-23,7,0,4,0,0,1,10,3,15,21
2016-04-24,7,0,1,0,1,1,10,3,1,16
2016-04-25,6,0,2,0,0,1,4,3,7,9
2016-04-26,7,0,5,0,0,1,4,5,6,16
2016-04-27,3,0,1,1,0,2,4,0,6,11
2016-04-28,6,0,2,0,0,1,9,3,5,23
2016-04-29,6,0,5,0,0,2,6,4,8,15
2016-04-30,7,0,7,1,0,1,5,3,8,24
2016-05-01,4,0,4,1,2,1,3,6,5,10
2016-05-02,6,0,5,0,0,1,6,6,5,7
2016-05-03,6,0,6,0,0,1,3,3,4,10
2016-05-04,7,0,3,0,0,1,2,9,5,16
2016-05-05,4,0,7,0,0,1,6,6,4,8
2016-05-06,4,0,10,0,0,0,2,3,3,4
2016-05-07,4,0,6,0,1,0,6,3,14,12
2016-05-08,3,0,3,1,1,2,2,8,7,17
2016-05-09,5,0,4,1,0,1,4,4,2,7
2016-05-10,5,0,5,3,0,0,2,0,8,16
2016-05-11,2,0,2,0,0,1,2,4,3,12
2016-05-12,2,0,5,0,2,2,8,8,5,17
2016-05-13,7,0,6,1,0,1,7,4,3,11
2016-05-14,5,0,2,0,2,1,7,7,18,25
2016-05-15,3,0,6,0,0,1,2,9,1,7
2016-05-16,7,0,5,0,0,0,2,7,4,10
2016-05-17,9,0,5,0,0,1,2,5,1,16
2016-05-18,5,0,9,0,0,0,4,5,5,11
2016-05-19,4,0,7,0,0,0,3,12,9,14
2016-05-20,5,0,11,1,0,1,1,2,6,7
2016-05-21,3,0,0,0,5,2,0,4,7,13
2016-05-22,3,0,2,1,0,0,11,1,9,13
2016-05-23,5,0,3,0,0,1,3,4,4,9
2016-05-24,11,0,2,0,0,1,5,4,10,15
2016-05-25,6,0,6,1,1,0,10,11,8,17
2016-05-26,3,0,5,0,0,0,9,4,3,12
2016-05-27,6,0,4,1,2,1,15,3,9,14
2016-05-28,3,1,4,0,0,1,20,3,9,22
2016-05-29,6,0,2,1,1,2,5,4,6,14
2016-05-30,3,0,5,0,0,0,2,2,3,12
2016-05-31,4,0,10,1,1,1,5,0,3,13
2016-06-01,2,0,3,1,1,0,3,7,12,15
2016-06-02,8,1,5,0,1,4,1,4,9,23
2016-06-03,6,0,12,1,0,3,4,6,3,18
2016-06-04,4,0,5,2,1,1,5,2,10,16
2016-06-05,4,0,6,0,0,1,1,3,5,9
2016-06-06,5,0,5,1,0,0,1,2,5,8
2016-06-07,11,0,12,0,0,0,6,2,4,10
2016-06-08,5,0,8,0,0,2,3,2,5,10
2016-06-09,3,0,5,0,0,0,3,2,8,10
2016-06-10,5,0,8,0,0,1,6,2,5,18
2016-06-11,6,0,12,1,0,0,12,3,4,24
2016-06-12,3,0,3,1,0,0,3,5,1,5
2016-06-13,2,0,6,0,0,1,1,3,2,7
2016-06-14,5,1,6,0,0,1,4,4,7,20
2016-06-15,2,0,5,0,0,1,8,2,6,17
2016-06-16,4,0,8,0,0,1,6,5,7,41
2016-06-17,3,0,5,1,1,0,5,5,10,18
2016-06-18,4,1,5,0,3,1,2,2,5,24
2016-06-19,1,0,8,3,0,0,3,5,6,8
2016-06-20,2,0,4,0,0,0,6,1,6,7
2016-06-21,0,0,3,2,0,0,8,3,10,18
2016-06-22,7,0,4,0,0,1,6,5,5,13
2016-06-23,8,0,13,0,0,0,5,2,4,16
2016-06-24,5,0,10,1,0,1,6,4,6,17
2016-06-25,12,0,8,1,0,1,5,5,13,23
2016-06-26,3,0,6,1,0,0,5,4,2,6
2016-06-27,8,0,8,1,0,1,10,2,3,12
2016-06-28,1,0,3,0,0,0,3,7,6,16
2016-06-29,3,0,7,3,0,0,3,2,4,11
2016-06-30,6,0,7,1,0,0,3,0,4,17
2016-07-01,6,0,3,0,0,0,9,5,7,12
2016-07-02,8,0,5,1,2,1,8,1,3,14
2016-07-03,4,0,5,0,0,1,4,1,1,4
2016-07-04,4,0,18,1,0,0,3,1,1,12
2016-07-05,8,0,4,0,0,0,3,2,3,6
2016-07-06,7,0,8,0,0,0,3,1,4,14
2016-07-07,7,0,4,1,0,0,3,1,3,42
2016-07-08,0,0,8,0,0,0,4,0,4,12
2016-07-09,3,0,3,1,2,2,4,0,1,6
2016-07-10,5,0,3,0,0,1,3,0,0,7
2016-07-11,2,0,5,0,0,0,4,1,0,4
2016-07-12,9,0,5,1,0,0,2,2,2,2
2016-07-13,5,0,4,0,0,0,0,0,0,7
2016-07-14,4,0,6,0,0,0,5,0,1,13
2016-07-15,3,0,6,0,0,0,10,0,1,18
2016-07-16,7,0,10,0,0,1,1,0,4,15
2016-07-17,2,0,1,0,0,0,1,0,1,12
2016-07-18,3,0,8,0,1,0,4,1,2,2
2016-07-19,4,0,10,0,1,0,1,0,0,10
2016-07-20,3,0,7,0,0,0,6,2,0,6
2016-07-21,3,0,5,0,0,0,12,1,0,20
2016-07-22,2,0,8,0,0,0,1,2,0,5
2016-07-23,4,0,7,0,0,0,0,1,0,5
2016-07-24,2,0,8,0,0,0,0,1,0,7
2016-07-25,4,0,7,1,0,0,3,2,0,4
2016-07-26,5,0,12,0,1,0,0,1,0,8
2016-07-27,3,0,9,0,0,0,5,2,0,3
2016-07-28,2,0,12,0,0,0,2,1,1,12
2016-07-29,2,0,4,0,0,0,6,1,0,19
2016-07-30,6,0,1,0,0,1,1,0,0,3
2016-07-31,3,0,3,0,0,0,1,0,1,8
2016-08-01,3,0,3,0,0,0,4,4,4,6
2016-08-02,4,0,5,0,2,3,1,2,8,9
2016-08-03,6,0,4,0,0,0,4,0,1,8
2016-08-04,4,0,2,0,0,0,2,0,3,4
2016-08-05,4,0,6,0,0,0,3,1,2,5
2016-08-06,7,0,10,0,0,0,4,0,2,10
2016-08-07,3,0,0,1,0,2,2,1,1,9
2016-08-08,2,0,6,0,0,0,3,1,2,2
2016-08-09,4,0,6,0,0,0,4,1,6,2
2016-08-10,4,0,2,1,0,0,3,1,7,6
2016-08-11,4,0,5,0,0,0,2,2,5,8
2016-08-12,4,0,3,0,0,1,3,2,4,15
2016-08-13,5,0,4,0,0,1,15,1,4,18
2016-08-14,0,0,2,0,0,0,2,1,1,8
2016-08-15,2,0,6,0,0,0,7,0,5,11
2016-08-16,5,0,3,1,1,0,8,3,6,10
2016-08-17,5,0,8,0,0,1,7,0,8,13
2016-08-18,2,0,7,0,0,0,8,1,11,12
2016-08-19,3,0,13,0,1,1,13,2,2,18
2016-08-20,3,0,9,0,2,1,10,0,1,12
2016-08-21,2,0,5,2,0,0,0,0,3,7
2016-08-22,4,0,6,0,0,0,10,0,2,10
2016-08-23,7,0,6,0,0,0,7,1,5,14
2016-08-24,8,0,6,0,0,1,8,0,1,12
2016-08-25,7,0,5,0,0,0,6,1,3,12
2016-08-26,10,0,6,1,0,2,11,0,4,31
2016-08-27,2,0,5,0,0,0,11,1,2,29
2016-08-28,4,0,12,0,1,2,5,2,2,16
2016-08-29,2,0,9,0,0,0,4,3,0,9
2016-08-30,3,0,5,0,0,0,2,1,11,14
2016-08-31,6,0,10,1,0,0,3,0,1,8
2016-09-01,3,0,4,1,0,1,3,3,0,14
2016-09-02,7,0,11,0,0,1,10,2,4,29
2016-09-03,7,0,4,1,0,1,10,3,3,21
2016-09-04,5,0,2,0,2,0,2,1,3,14
2016-09-05,3,0,9,0,0,0,1,0,1,8
2016-09-06,4,0,16,0,0,0,3,1,2,7
2016-09-07,3,0,4,1,0,1,4,1,3,15
2016-09-08,5,0,12,1,0,1,4,1,3,15
2016-09-09,4,0,11,0,0,0,7,1,2,16
2016-09-10,7,0,14,1,2,0,6,1,3,32
2016-09-11,4,0,2,0,0,0,3,2,2,12
2016-09-12,5,0,9,0,0,0,4,3,0,7
2016-09-13,6,0,3,0,0,0,3,2,3,9
2016-09-14,3,0,3,0,0,0,12,4,2,13
2016-09-15,2,0,4,0,0,0,7,1,4,11
2016-09-16,4,0,7,0,0,1,6,2,4,11
2016-09-17,1,0,4,1,1,0,7,3,2,22
2016-09-18,3,0,1,0,2,1,4,0,1,11
2016-09-19,1,0,5,1,0,0,6,1,3,7
2016-09-20,5,0,6,1,0,1,9,0,1,13
2016-09-21,3,0,1,0,0,0,2,1,5,11
2016-09-22,7,0,9,0,0,0,0,4,2,7
2016-09-23,4,0,3,0,0,2,2,3,2,27
2016-09-24,5,0,8,0,0,1,1,2,4,25
2016-09-25,2,0,6,0,0,0,0,2,0,18
2016-09-26,4,0,9,0,0,0,2,2,0,5
2016-09-27,5,0,11,0,0,0,0,0,3,12
2016-09-28,9,0,5,0,0,0,4,0,2,6
2016-09-29,4,0,10,0,0,2,1,1,0,1
2016-09-30,5,0,7,1,0,2,2,2,3,11
2016-10-01,2,0,9,0,0,1,4,1,3,12
2016-10-02,5,0,8,1,0,0,2,1,1,2
2016-10-03,2,0,10,0,0,0,3,1,0,7
2016-10-04,6,0,12,0,0,0,9,0,2,15
2016-10-05,5,0,5,1,0,0,5,2,3,13
2016-10-06,4,0,12,0,0,0,1,1,2,13
2016-10-07,2,0,12,0,1,0,5,2,2,24
2016-10-08,2,0,5,0,0,1,2,0,1,9
2016-10-09,5,0,6,0,0,1,0,0,0,4
2016-10-10,3,1,4,0,0,0,0,0,1,4
2016-10-11,8,0,5,0,0,0,7,3,1,13
2016-10-12,4,0,6,0,0,0,2,2,3,16
2016-10-13,3,0,10,0,0,0,3,1,1,9
2016-10-14,4,0,7,1,0,1,6,3,0,10
2016-10-15,9,0,2,0,1,0,7,1,1,17
2016-10-16,4,0,10,0,0,0,2,1,5,5
2016-10-17,7,0,8,0,0,1,6,2,0,11
2016-10-18,4,0,5,0,0,0,5,7,7,6
2016-10-19,8,0,4,0,0,1,9,4,4,8
2016-10-20,6,1,9,0,0,1,4,3,4,9
2016-10-21,2,0,7,1,0,0,11,3,3,14
2016-10-22,3,0,5,0,0,0,11,1,0,14
2016-10-23,2,0,6,0,0,1,1,1,2,7
2016-10-24,8,0,13,1,0,1,6,0,7,9
2016-10-25,6,0,7,0,0,0,1,3,1,4
2016-10-26,7,0,7,0,0,0,1,3,1,14
2016-10-27,5,0,4,0,0,0,1,1,0,11
2016-10-28,9,0,12,0,0,0,11,2,1,13
2016-10-29,4,0,3,0,2,1,15,3,6,18
2016-10-30,2,0,10,0,0,2,1,1,1,12
2016-10-31,9,0,5,1,0,0,4,1,0,8
2016-11-01,4,0,1,1,0,0,6,1,4,10
2016-11-02,3,0,0,1,1,0,3,0,6,10
2016-11-03,2,0,4,0,0,0,0,4,2,9
2016-11-04,6,0,5,0,0,0,5,0,4,9
2016-11-05,0,0,0,0,0,0,4,0,1,3
2016-11-06,0,0,0,8,0,0,0,0,1,7
2016-11-07,4,1,3,0,0,1,0,1,1,4
2016-11-08,6,0,4,0,0,0,4,2,0,7
2016-11-09,5,0,2,0,0,0,0,1,0,11
2016-11-10,3,0,7,0,0,0,4,1,3,12
2016-11-11,4,0,6,0,0,0,2,1,0,2
2016-11-12,5,0,5,0,1,0,19,1,0,19
2016-11-13,6,0,9,0,0,1,1,4,0,6
2016-11-14,3,0,6,1,0,0,1,1,0,6
2016-11-15,6,0,2,0,0,0,0,0,2,5
2016-11-16,3,0,3,1,0,0,0,2,1,9
2016-11-17,4,0,2,1,0,1,6,1,0,9
2016-11-18,6,0,8,2,0,1,10,2,2,11
2016-11-19,9,0,3,0,1,1,3,2,2,5
2016-11-20,2,0,4,1,0,0,1,3,0,3
2016-11-21,6,0,3,0,0,0,3,1,1,6
2016-11-22,8,0,5,0,0,0,1,0,4,10
2016-11-23,2,0,5,0,1,0,6,0,2,4
2016-11-24,0,0,2,1,0,1,2,0,0,3
2016-11-25,5,0,9,0,0,0,5,1,0,11
2016-11-26,2,0,11,1,1,1,4,2,0,12
2016-11-27,2,0,8,1,0,0,6,2,0,11
2016-11-28,3,0,6,0,0,0,3,1,0,11
2016-11-29,3,0,6,0,0,0,2,3,0,4
2016-11-30,2,0,4,1,0,1,1,1,4,5
2016-12-01,5,0,7,0,2,0,4,1,0,10
2016-12-02,6,0,10,0,0,0,6,4,3,6
2016-12-03,3,0,10,0,1,2,1,1,3,13
2016-12-04,4,0,6,1,0,0,0,0,1,4
2016-12-05,4,2,6,0,0,0,3,4,0,6
2016-12-06,6,0,3,0,0,0,3,0,4,6
2016-12-07,2,0,7,0,0,0,4,2,2,6
2016-12-08,3,0,5,0,0,1,7,1,1,10
2016-12-09,1,0,6,0,0,0,4,2,2,28
2016-12-10,4,0,7,0,0,1,0,0,0,2
2016-12-11,7,0,13,0,0,0,3,0,0,5
2016-12-12,3,0,3,0,0,0,0,1,0,6
2016-12-13,3,0,5,0,0,1,2,3,1,2
2016-12-14,1,0,5,0,0,0,1,2,2,8
2016-12-15,5,0,4,0,0,0,0,1,1,5
2016-12-16,5,0,3,0,0,0,2,0,2,4
2016-12-17,5,0,6,0,0,1,0,1,1,4
2016-12-18,2,0,3,1,0,0,1,1,1,1
2016-12-19,5,0,3,1,0,0,0,1,1,2
2016-12-20,7,0,4,0,0,0,3,1,1,12
2016-12-21,1,0,5,1,0,1,2,0,3,5
2016-12-22,6,0,8,0,1,1,4,4,1,4
2016-12-23,7,0,3,1,0,0,3,1,0,8
2016-12-24,2,0,3,0,0,0,0,2,0,9
2016-12-25,1,0,4,0,0,1,0,1,0,3
2016-12-26,7,0,3,0,0,0,2,2,0,7
2016-12-27,6,0,5,0,0,0,0,1,1,9
2016-12-28,4,0,2,0,0,0,0,0,3,7
2016-12-29,5,0,5,0,0,0,2,0,1,8
2016-12-30,3,0,2,0,0,1,4,0,4,7
2016-12-31,2,0,2,0,0,1,4,0,0,27
2017-01-01,0,0,8,0,3,0,1,2,1,9
2017-01-02,3,0,4,0,0,0,2,0,0,5
2017-01-03,1,0,7,0,0,0,2,1,0,6
2017-01-04,3,0,2,0,0,0,1,0,3,9
2017-01-05,0,0,6,0,0,0,3,0,2,6
2017-01-06,4,1,4,0,0,0,6,4,2,5
2017-01-07,6,0,4,0,0,0,2,0,0,2
2017-01-08,6,0,3,0,0,0,3,1,0,5
2017-01-09,2,0,10,0,0,1,0,1,0,5
2017-01-10,4,0,4,0,0,0,1,1,0,7
2017-01-11,7,0,2,0,0,0,1,2,2,5
2017-01-12,5,0,15,0,0,0,4,3,3,5
2017-01-13,0,0,8,0,0,0,4,0,1,8
2017-01-14,3,0,4,0,0,0,6,0,1,16
2017-01-15,3,0,0,0,0,0,0,3,0,1
2017-01-16,7,0,2,0,0,0,2,1,0,3
2017-01-17,3,0,5,0,0,0,2,1,0,10
2017-01-18,3,0,5,0,0,2,7,4,0,5
2017-01-19,7,0,16,0,0,0,2,0,0,7
2017-01-20,5,0,9,0,0,0,0,0,0,12
2017-01-21,4,0,13,0,1,0,9,0,0,25
2017-01-22,2,1,8,0,0,0,0,1,0,4
2017-01-23,4,0,10,1,0,0,0,1,1,6
2017-01-24,7,0,1,1,0,0,0,2,1,7
2017-01-25,5,0,3,0,0,0,3,0,0,5
2017-01-26,2,0,11,0,0,0,2,1,0,4
2017-01-27,2,0,6,0,0,1,0,0,0,8
2017-01-28,5,0,9,0,0,1,3,1,0,20
2017-01-29,5,0,4,0,0,0,0,0,0,8
2017-01-30,5,0,6,0,0,0,2,0,1,4
2017-01-31,5,0,8,0,0,0,4,1,1,9
2017-02-01,7,0,8,0,0,1,1,4,1,13
2017-02-02,10,0,9,0,0,0,6,3,2,21
2017-02-03,2,0,1,0,0,0,2,2,1,6
2017-02-04,4,0,7,0,0,0,2,1,1,2
2017-02-05,3,0,7,0,0,0,1,0,0,1
2017-02-06,2,0,1,0,0,1,0,1,0,6
2017-02-07,4,0,5,1,0,0,0,1,0,8
2017-02-08,4,0,4,1,0,0,5,4,3,8
2017-02-09,3,0,3,1,0,0,2,2,2,4
2017-02-10,2,0,5,0,0,1,6,2,2,11
2017-02-11,1,0,6,0,4,0,9,2,1,13
2017-02-12,3,0,9,1,0,1,1,1,0,4
2017-02-13,1,0,9,0,0,1,1,4,2,6
2017-02-14,4,0,1,0,0,0,1,1,1,4
2017-02-15,3,0,2,0,0,0,8,3,1,11
2017-02-16,5,0,5,1,0,0,3,3,1,13
2017-02-17,6,0,2,1,0,0,2,5,0,16
2017-02-18,3,0,0,0,0,0,2,1,0,5
2017-02-19,1,1,6,0,2,2,0,0,1,11
2017-02-20,10,0,3,1,0,0,4,0,2,4
2017-02-21,2,0,4,0,0,0,7,2,2,16
2017-02-22,4,0,3,0,0,0,1,4,1,3
2017-02-23,5,0,9,0,0,1,0,3,0,4
2017-02-24,8,0,1,0,0,1,10,1,4,7
2017-02-25,4,0,4,0,0,1,0,3,1,17
2017-02-26,1,0,11,0,0,0,1,1,2,3
2017-02-27,5,0,5,0,0,0,0,1,0,1
2017-02-28,5,0,11,0,2,0,7,6,0,11
2017-03-01,3,0,3,0,0,1,1,2,2,9
2017-03-02,4,0,5,0,0,1,1,7,1,15
2017-03-03,4,0,3,0,0,0,1,1,0,10
2017-03-04,2,0,4,0,0,1,0,1,1,8
2017-03-05,4,0,3,0,2,0,1,1,1,7
2017-03-06,2,0,5,1,0,0,2,6,0,4
2017-03-07,4,0,3,0,0,1,5,4,1,17
2017-03-08,4,1,5,0,0,0,5,1,1,9
2017-03-09,3,0,5,0,0,0,11,2,2,16
2017-03-10,5,0,5,0,0,0,3,0,0,15
2017-03-11,6,0,11,0,0,0,7,3,1,19
2017-03-12,0,0,4,1,3,1,3,1,1,18
2017-03-13,3,0,5,0,0,2,1,1,0,5
2017-03-14,1,1,3,0,0,0,4,1,0,6
2017-03-15,3,0,2,0,0,0,0,1,0,2
2017-03-16,6,0,6,0,0,0,1,0,0,6
2017-03-17,4,0,5,0,0,0,1,5,2,11
2017-03-18,0,0,7,0,3,1,1,1,2,9
2017-03-19,2,0,3,1,0,1,0,0,0,3
2017-03-20,4,0,2,0,0,1,4,0,1,5
2017-03-21,5,0,1,0,4,1,2,3,2,10
2017-03-22,7,0,6,0,0,0,2,2,3,11
2017-03-23,1,0,8,1,0,1,3,3,0,10
2017-03-24,5,0,3,0,0,0,2,4,1,14
2017-03-25,0,0,3,0,2,1,11,3,1,14
2017-03-26,0,0,8,0,0,1,1,1,1,6
2017-03-27,5,0,5,0,0,1,2,1,0,5
2017-03-28,4,0,6,0,0,0,4,4,1,3
2017-03-29,5,0,2,0,0,0,5,0,3,8
2017-03-30,2,0,10,0,0,0,2,2,1,8
2017-03-31,3,0,7,0,0,1,1,1,2,2
2017-04-01,2,0,4,0,2,0,10,2,5,13
2017-04-02,2,0,6,0,0,1,1,4,1,5
2017-04-03,3,0,2,0,0,1,0,1,0,5
2017-04-04,6,0,4,1,0,0,2,0,6,3
2017-04-05,6,0,4,0,0,1,6,0,0,8
2017-04-06,8,0,4,0,0,2,2,0,0,4
2017-04-07,4,0,2,0,2,0,5,1,1,39
2017-04-08,1,0,3,0,0,0,23,1,0,26
2017-04-09,1,0,6,0,0,0,0,1,0,5
2017-04-10,2,0,1,0,2,0,5,2,1,8
2017-04-11,6,0,3,0,2,0,4,1,2,7
2017-04-12,3,0,3,0,0,0,5,4,3,10
2017-04-13,5,0,3,0,0,1,2,1,1,13
2017-04-14,2,0,4,0,9,1,0,0,3,5
2017-04-15,1,0,6,1,0,1,13,1,1,16
2017-04-16,1,0,9,0,0,1,1,4,1,10
2017-04-17,5,0,6,0,0,0,0,1,1,8
2017-04-18,4,0,4,1,0,0,1,0,0,5
2017-04-19,5,0,7,0,0,1,6,1,2,18
2017-04-20,3,0,8,0,0,0,3,1,5,20
2017-04-21,1,0,2,0,1,0,16,2,0,23
2017-04-22,2,0,3,0,1,0,0,1,1,17
2017-04-23,1,0,6,0,0,0,1,5,3,8
2017-04-24,7,1,6,0,0,1,1,0,2,9
2017-04-25,6,0,3,0,0,0,1,3,1,6
2017-04-26,2,0,4,0,0,0,7,11,4,5
2017-04-27,1,0,6,0,0,0,5,1,3,2
2017-04-28,3,0,3,0,2,0,5,1,1,6
2017-04-29,2,0,9,0,2,0,10,0,0,13
2017-04-30,4,0,13,0,0,0,0,1,1,7
2017-05-01,4,0,6,1,0,0,0,0,0,11
2017-05-02,3,0,4,0,0,0,10,0,2,12
2017-05-03,3,0,4,0,0,0,5,0,1,11
2017-05-04,6,0,1,0,0,0,5,1,0,18
2017-05-05,5,0,3,0,1,0,5,2,4,11
2017-05-06,3,0,5,0,2,0,7,0,2,9
2017-05-07,5,0,9,0,0,1,1,4,0,6
2017-05-08,6,0,2,0,0,0,3,1,1,6
2017-05-09,0,0,5,1,3,0,7,2,2,15
2017-05-10,7,0,4,1,0,1,4,4,2,7
2017-05-11,5,0,7,1,0,0,5,5,2,12
2017-05-12,8,0,13,0,0,1,16,1,1,16
2017-05-13,3,0,5,0,0,0,11,0,2,15
2017-05-14,5,0,3,0,0,0,2,2,3,8
2017-05-15,3,0,1,0,0,0,1,3,0,4
2017-05-16,3,0,1,0,0,0,0,0,0,7
2017-05-17,2,0,2,0,0,0,7,0,0,11
2017-05-18,3,0,7,2,0,1,6,0,3,16
2017-05-19,8,0,4,0,0,0,11,3,4,13
2017-05-20,5,0,7,0,0,0,6,2,0,12
2017-05-21,2,0,4,0,0,0,0,0,0,5
2017-05-22,8,0,3,1,0,0,2,1,1,4
2017-05-23,7,0,8,0,0,1,3,0,2,12
2017-05-24,5,0,3,0,0,0,6,1,0,13
2017-05-25,3,0,5,1,0,0,1,0,1,5
2017-05-26,5,0,4,0,1,1,8,1,0,14
2017-05-27,2,0,5,0,0,0,20,0,0,20
2017-05-28,3,0,3,0,0,0,0,0,0,5
2017-05-29,6,0,11,1,0,0,0,0,0,7
2017-05-30,5,0,3,0,0,1,0,4,0,8
2017-05-31,4,0,2,0,0,1,2,1,2,5
2017-06-01,5,0,3,0,0,0,5,1,1,16
2017-06-02,3,0,5,1,4,0,5,1,2,14
2017-06-03,2,0,6,0,0,0,8,1,0,23
2017-06-04,4,0,7,0,0,0,4,0,2,10
2017-06-05,3,0,8,0,0,0,2,1,0,6
2017-06-06,2,0,3,0,0,0,2,0,0,11
2017-06-07,5,0,2,0,1,0,3,1,2,6
2017-06-08,4,0,1,0,0,0,4,2,1,14
2017-06-09,3,0,3,0,0,0,4,4,1,7
2017-06-10,1,0,6,0,0,0,26,1,0,27
2017-06-11,1,0,2,0,0,0,1,0,1,10
2017-06-12,3,0,5,0,0,0,0,2,0,11
2017-06-13,4,0,7,0,0,0,6,0,0,7
2017-06-14,3,0,2,0,1,1,0,0,0,8
2017-06-15,7,0,3,5,0,0,8,3,2,16
2017-06-16,6,0,5,0,1,1,0,1,2,27
2017-06-17,1,0,8,0,0,1,0,2,0,9
2017-06-18,2,0,4,1,0,0,1,1,0,8
2017-06-19,2,0,7,0,0,0,1,1,0,9
2017-06-20,11,0,5,0,0,0,5,1,0,7
2017-06-21,3,0,5,0,0,0,3,0,1,6
2017-06-22,4,0,8,0,0,0,2,1,0,9
2017-06-23,1,0,5,0,0,0,1,3,2,17
2017-06-24,4,0,5,0,0,0,29,0,1,17
2017-06-25,3,1,9,0,0,0,1,0,0,7
2017-06-26,4,0,10,0,0,1,0,2,0,5
2017-06-27,6,0,7,0,0,0,6,1,1,8
2017-06-28,2,0,4,0,0,1,7,2,0,9
2017-06-29,4,0,14,0,0,0,3,1,0,11
2017-06-30,3,0,9,1,0,0,4,0,0,9
2017-07-01,2,0,8,0,0,0,20,2,1,12
2017-07-02,9,0,15,0,0,0,4,0,2,9
2017-07-03,2,1,3,1,0,0,0,0,0,4
2017-07-04,1,0,14,0,0,1,0,1,2,14
2017-07-05,1,0,4,0,0,0,6,0,1,17
2017-07-06,3,0,11,0,0,0,2,0,2,10
2017-07-07,6,0,11,0,0,0,9,3,0,6
2017-07-08,8,0,5,2,0,0,19,0,1,11
2017-07-09,2,0,3,0,0,0,0,2,3,6
2017-07-10,3,0,8,0,0,0,0,1,3,6
2017-07-11,5,0,2,0,0,0,4,0,3,4
2017-07-12,3,0,7,0,0,0,3,2,0,12
2017-07-13,5,0,14,0,0,0,10,0,3,13
2017-07-14,3,0,10,0,0,0,2,1,2,11
2017-07-15,4,0,4,0,0,0,11,4,6,19
2017-07-16,1,0,9,0,0,0,13,4,3,7
2017-07-17,5,0,3,1,0,0,1,1,1,7
2017-07-18,2,0,6,0,0,0,11,0,1,12
2017-07-19,6,0,7,0,0,0,5,2,1,13
2017-07-20,1,0,8,0,0,0,7,0,2,11
2017-07-21,5,0,4,0,0,0,8,0,0,10
2017-07-22,6,0,6,1,0,0,21,1,0,25
2017-07-23,4,0,4,0,0,0,1,0,0,8
2017-07-24,4,0,12,0,0,0,0,0,1,3
2017-07-25,7,0,2,0,0,0,0,0,0,12
2017-07-26,5,0,7,0,0,0,13,2,2,11
2017-07-27,2,0,7,0,0,0,4,1,1,10
2017-07-28,0,0,15,0,0,0,17,1,1,15
2017-07-29,2,0,5,0,1,0,3,3,1,10
2017-07-30,4,0,7,1,0,0,5,2,5,13
2017-07-31,3,0,10,0,0,0,0,2,0,9
2017-08-01,9,0,7,0,0,0,0,2,0,4
2017-08-02,1,0,2,0,0,0,1,2,1,29
2017-08-03,3,0,11,0,0,0,2,2,2,6
2017-08-04,4,0,3,0,0,0,8,0,0,10
2017-08-05,5,0,5,0,3,0,3,0,2,4
2017-08-06,2,0,3,1,0,0,0,2,1,8
2017-08-07,9,0,7,0,0,1,0,1,2,5
2017-08-08,6,0,4,0,0,0,0,1,6,6
2017-08-09,1,0,3,0,0,1,0,0,0,61
2017-08-10,3,0,4,0,0,0,4,0,1,6
2017-08-11,3,0,4,0,1,0,9,0,3,16
2017-08-12,3,0,3,0,0,0,0,0,2,5
2017-08-13,1,0,8,0,0,0,0,0,2,6
2017-08-14,7,0,1,0,0,0,3,3,2,9
2017-08-15,4,0,9,0,0,0,3,0,3,5
2017-08-16,3,0,3,0,0,0,2,3,2,41
2017-08-17,10,0,7,1,3,0,2,1,0,12
2017-08-18,2,0,7,0,0,0,0,2,0,8
2017-08-19,2,0,8,0,0,0,7,2,0,14
2017-08-20,1,0,5,0,0,0,0,4,0,7
2017-08-21,2,0,11,0,0,0,1,1,1,3
2017-08-22,5,0,6,2,0,0,0,2,0,4
2017-08-23,4,0,6,0,2,0,1,0,0,39
2017-08-24,5,0,8,0,0,0,1,5,1,13
2017-08-25,3,0,8,0,0,0,1,6,2,10
2017-08-26,2,0,6,3,1,1,3,0,1,6
2017-08-27,1,0,8,0,1,0,0,0,3,6
2017-08-28,2,0,4,0,0,0,1,2,0,9
2017-08-29,4,0,3,0,0,0,0,1,1,7
2017-08-30,4,0,10,0,0,0,2,1,3,29
2017-08-31,3,0,11,0,0,0,3,1,3,12
2017-09-01,3,0,8,0,0,0,3,1,4,9
2017-09-02,4,0,7,0,4,1,2,2,2,37
2017-09-03,9,0,13,0,1,0,1,1,2,20
2017-09-04,5,0,19,0,0,0,1,0,0,11
2017-09-05,2,0,5,0,0,0,1,0,2,9
2017-09-06,6,0,5,0,0,0,2,0,0,7
2017-09-07,5,0,5,1,0,0,2,3,1,5
2017-09-08,4,0,4,0,4,0,0,0,4,28
2017-09-09,2,0,18,0,0,0,2,0,2,36
2017-09-10,2,0,11,0,0,0,0,1,2,24
2017-09-11,4,0,5,0,0,0,3,1,1,3
2017-09-12,3,2,1,0,0,0,0,2,3,8
2017-09-13,4,0,3,0,0,0,1,0,1,5
2017-09-14,2,0,10,0,0,0,1,2,2,13
2017-09-15,3,0,11,0,3,2,3,2,1,18
2017-09-16,4,0,6,0,0,0,2,0,4,5
2017-09-17,2,1,14,1,0,0,3,1,1,6
2017-09-18,3,0,4,0,0,0,1,2,2,5
2017-09-19,3,0,7,0,0,0,1,1,0,7
2017-09-20,4,0,8,0,0,0,1,2,2,8
2017-09-21,3,0,14,0,0,0,3,3,4,2
2017-09-22,2,0,4,0,0,0,2,3,2,19
2017-09-23,5,0,20,0,0,0,2,3,0,7
2017-09-24,5,0,8,1,0,0,1,0,3,4
2017-09-25,5,0,7,0,0,0,0,1,1,5
2017-09-26,6,0,6,0,2,0,1,4,0,8
2017-09-27,6,0,5,1,0,0,3,2,1,7
2017-09-28,2,1,6,1,0,0,4,3,1,7
2017-09-29,6,0,2,0,3,1,1,5,2,4
2017-09-30,2,0,23,0,0,0,0,2,2,14
2017-10-01,3,0,12,0,0,0,0,1,1,5
2017-10-02,2,0,5,0,0,0,1,1,1,5
2017-10-03,4,0,3,0,0,1,1,1,2,10
2017-10-04,3,0,16,0,0,0,0,2,1,10
2017-10-05,3,0,4,0,0,0,4,0,2,10
2017-10-06,7,0,6,0,1,0,2,0,4,7
2017-10-07,7,0,14,0,0,0,2,0,3,3
2017-10-08,4,0,10,0,0,0,2,1,2,11
2017-10-09,5,0,7,0,0,0,2,2,1,12
2017-10-10,5,0,3,0,0,0,1,1,2,7
2017-10-11,3,0,4,0,0,0,1,1,0,2
2017-10-12,4,0,9,0,0,1,2,4,1,6
2017-10-13,1,0,11,1,1,0,4,4,1,18
2017-10-14,2,0,5,0,1,1,4,3,3,43
2017-10-15,3,0,7,0,0,0,2,1,0,24
2017-10-16,4,0,2,0,0,0,0,0,1,5
2017-10-17,4,0,5,0,0,0,0,1,0,5
2017-10-18,4,0,8,0,0,0,1,1,1,8
2017-10-19,8,0,1,0,0,0,2,2,1,4
2017-10-20,3,0,6,0,2,0,3,1,1,7
2017-10-21,5,0,9,0,0,1,0,2,1,7
2017-10-22,2,0,13,0,0,0,1,2,2,8
2017-10-23,5,0,15,0,0,0,1,4,1,9
2017-10-24,2,0,6,1,0,0,0,4,0,1
2017-10-25,4,0,11,0,0,0,0,1,0,8
2017-10-26,5,0,11,1,0,0,4,0,1,4
2017-10-27,5,0,11,1,0,0,0,1,1,28
2017-10-28,5,0,18,0,1,0,6,6,1,35
2017-10-29,2,0,15,1,0,0,1,1,2,24
2017-10-30,4,0,6,0,0,0,1,0,1,5
2017-10-31,2,0,10,0,0,1,3,0,0,13
2017-11-01,2,0,4,0,0,1,1,0,1,10
2017-11-02,3,0,7,1,0,0,1,2,1,5
2017-11-03,6,0,12,1,0,0,3,3,2,11
2017-11-04,5,0,4,0,0,0,2,1,0,9
2017-11-05,3,0,4,0,0,1,6,1,0,4
2017-11-06,3,0,5,0,0,0,0,0,0,8
2017-11-07,2,0,10,0,0,0,4,3,1,8
2017-11-08,3,0,10,0,0,0,3,2,0,13
2017-11-09,4,0,6,0,1,0,0,1,1,8
2017-11-10,4,0,6,0,0,0,7,1,2,8
2017-11-11,7,0,5,0,0,1,3,1,0,22
2017-11-12,3,0,13,0,0,0,0,1,2,5
2017-11-13,3,0,7,0,0,0,1,0,0,9
2017-11-14,1,0,10,0,0,0,5,2,1,13
2017-11-15,5,0,5,0,0,1,4,4,2,5
2017-11-16,1,0,5,0,0,0,2,2,0,3
2017-11-17,2,0,6,0,0,0,4,1,3,8
2017-11-18,6,0,6,0,0,0,6,1,2,6
2017-11-19,2,0,10,0,0,0,0,1,1,1
2017-11-20,2,0,6,0,0,0,0,1,2,3
2017-11-21,3,0,8,0,1,0,4,5,0,7
2017-11-22,5,0,9,0,3,0,2,4,2,8
2017-11-23,0,0,14,0,0,0,3,3,1,7
2017-11-24,5,0,9,0,0,0,5,1,1,3
2017-11-25,0,0,12,0,0,0,2,1,0,6
2017-11-26,3,0,16,0,0,1,2,0,0,5
2017-11-27,5,0,9,0,0,1,1,2,2,5
2017-11-28,5,0,12,1,0,0,0,1,1,6
2017-11-29,4,0,10,0,0,0,2,1,0,4
2017-11-30,5,0,11,0,0,0,5,1,0,7
2017-12-01,3,0,5,0,0,1,5,1,2,8
2017-12-02,2,0,7,0,0,1,4,1,1,11
2017-12-03,3,0,6,1,0,1,1,2,1,5
2017-12-04,4,0,4,0,0,0,0,1,1,3
2017-12-05,4,0,9,0,0,0,0,1,1,3
2017-12-06,6,0,8,0,0,0,2,1,1,2
2017-12-07,4,0,10,0,0,0,3,2,0,6
2017-12-08,4,0,8,0,0,0,3,0,2,16
2017-12-09,2,0,10,0,0,0,2,2,2,11
2017-12-10,1,0,5,2,0,0,0,0,2,7
2017-12-11,4,0,1,0,0,0,3,3,3,13
2017-12-12,3,0,7,0,0,0,2,4,0,10
2017-12-13,5,0,12,0,0,1,0,2,0,5
2017-12-14,3,0,1,0,0,0,1,2,0,6
2017-12-15,3,0,1,1,0,0,6,7,0,10
2017-12-16,3,0,5,0,0,0,8,0,0,10
2017-12-17,2,0,5,0,0,0,2,1,0,3
2017-12-18,2,0,1,1,0,0,1,1,0,8
2017-12-19,2,0,8,0,0,1,0,0,0,5
2017-12-20,5,0,5,0,0,0,1,1,0,8
2017-12-21,2,0,3,0,0,1,4,0,1,9
2017-12-22,2,0,5,0,0,0,1,2,0,7
2017-12-23,1,0,2,0,0,0,1,0,1,8
2017-12-24,3,0,5,0,0,0,2,0,0,6
2017-12-25,1,0,4,1,0,0,1,1,0,4
2017-12-26,4,0,7,0,1,1,2,0,0,4
2017-12-27,5,0,7,0,0,0,1,0,0,4
2017-12-28,3,0,5,0,0,0,1,0,1,5
2017-12-29,4,0,2,0,0,1,2,3,3,2
2017-12-30,4,0,7,0,0,1,0,2,0,4
2017-12-31,3,0,17,0,0,0,2,1,0,6
2018-01-01,2,0,12,0,1,0,1,1,0,8
2018-01-02,3,0,5,0,0,0,0,2,0,5
2018-01-03,3,0,2,0,0,0,0,3,1,6
2018-01-04,1,0,2,1,0,0,1,1,0,4
2018-01-05,1,0,11,0,0,0,0,1,1,5
2018-01-06,1,0,9,0,0,0,0,0,0,2
2018-01-07,4,0,6,1,0,0,0,0,0,2
2018-01-08,7,0,6,0,0,0,1,1,0,6
2018-01-09,3,0,7,0,0,0,2,0,1,4
2018-01-10,0,0,10,0,0,0,0,2,0,8
2018-01-11,4,0,10,0,0,0,3,1,0,9
2018-01-12,4,0,7,0,0,0,1,0,0,5
2018-01-13,7,0,4,0,0,0,4,1,0,12
2018-01-14,5,0,3,0,0,0,2,0,0,8
2018-01-15,9,0,16,0,0,0,3,2,1,12
2018-01-16,4,0,9,0,0,0,2,1,0,8
2018-01-17,3,0,8,0,0,0,6,4,0,5
2018-01-18,0,0,6,0,0,0,6,1,0,6
2018-01-19,3,0,5,0,2,0,7,1,0,9
2018-01-20,2,0,6,1,0,0,4,1,0,10
2018-01-21,2,0,13,1,0,0,1,0,1,2
2018-01-22,0,1,10,0,0,0,0,2,0,4
2018-01-23,4,0,8,1,0,0,0,2,1,7
2018-01-24,9,0,7,0,0,0,6,3,1,16
2018-01-25,5,0,6,1,0,0,3,0,0,9
2018-01-26,5,0,4,0,0,0,2,1,2,8
2018-01-27,3,0,6,0,2,0,5,1,3,18
2018-01-28,7,0,12,0,0,0,0,0,0,11
2018-01-29,3,0,8,0,0,0,1,0,0,13
2018-01-30,5,0,7,0,0,0,1,1,1,7
2018-01-31,3,0,6,0,0,1,3,1,2,6
2018-02-01,3,0,5,0,0,0,1,2,1,5
2018-02-02,4,0,4,0,0,1,2,1,0,9
2018-02-03,3,0,7,1,0,1,1,1,1,7
2018-02-04,1,0,5,0,0,1,0,0,2,2
2018-02-05,6,0,4,1,0,0,0,2,2,5
2018-02-06,2,0,1,1,0,0,0,0,0,4
2018-02-07,3,0,3,0,0,0,1,0,0,7
2018-02-08,2,0,0,0,0,0,0,15,0,4
2018-02-09,6,0,6,1,1,1,0,0,1,8
2018-02-10,8,0,6,0,0,0,2,1,1,3
2018-02-11,3,0,3,0,0,0,2,0,1,6
2018-02-12,4,0,7,1,0,0,3,2,0,4
2018-02-13,5,0,2,0,0,0,2,2,0,4
2018-02-14,4,0,5,0,0,1,1,1,0,5
2018-02-15,11,1,3,0,0,0,1,1,0,5
2018-02-16,18,0,4,0,0,0,1,1,0,6
2018-02-17,7,0,8,0,2,0,1,3,2,7
2018-02-18,3,0,10,0,0,0,2,5,1,12
2018-02-19,12,0,6,0,0,0,0,0,1,8
2018-02-20,8,0,8,1,0,0,4,3,1,10
2018-02-21,14,0,5,0,0,1,2,3,1,7
2018-02-22,7,0,9,0,0,0,2,0,0,8
2018-02-23,8,0,4,0,0,0,2,0,0,9
2018-02-24,6,0,3,0,0,1,4,4,0,9
2018-02-25,8,0,7,0,0,0,3,1,2,6
2018-02-26,12,0,4,0,0,0,1,0,0,13
2018-02-27,8,0,7,0,0,0,1,0,1,10
2018-02-28,11,0,5,0,0,0,4,2,4,10
2018-03-01,8,0,3,0,0,0,1,0,1,3
2018-03-02,7,0,1,0,0,0,4,0,2,13
2018-03-03,8,0,3,0,0,0,1,1,1,2
2018-03-04,5,0,7,0,1,1,1,0,3,5
2018-03-05,9,0,9,0,0,1,5,0,0,3
2018-03-06,6,0,6,0,0,0,0,2,1,5
2018-03-07,4,0,5,0,0,0,0,1,0,3
2018-03-08,10,0,6,0,0,0,1,1,1,7
2018-03-09,8,0,11,0,0,0,9,4,2,7
2018-03-10,10,0,3,0,0,0,1,0,0,2
2018-03-11,4,0,5,0,0,0,3,3,2,45
2018-03-12,4,0,5,2,0,1,2,1,1,6
2018-03-13,5,0,4,0,0,0,2,1,2,2
2018-03-14,12,0,5,0,0,0,4,0,0,12
2018-03-15,8,0,3,0,0,0,2,1,0,2
2018-03-16,6,0,5,0,0,0,1,0,1,6
2018-03-17,3,0,8,2,1,3,4,1,0,5
2018-03-18,8,0,12,0,0,0,0,1,0,7
2018-03-19,10,0,5,1,0,0,2,1,1,5
2018-03-20,5,0,6,0,0,0,3,3,0,11
2018-03-21,3,0,4,0,0,0,2,0,1,7
2018-03-22,10,0,3,0,0,0,3,4,0,10
2018-03-23,7,0,2,0,0,0,1,2,1,22
2018-03-24,5,0,1,0,0,1,0,1,0,4
2018-03-25,4,0,6,0,0,0,0,0,1,2
2018-03-26,9,0,1,0,0,0,0,0,1,4
2018-03-27,6,0,4,2,0,0,1,1,0,2
2018-03-28,3,0,9,0,1,0,1,1,1,8
2018-03-29,4,0,3,0,0,0,0,2,0,3
2018-03-30,9,0,6,0,0,0,1,2,0,8
2018-03-31,8,0,6,1,0,0,2,1,1,4
2018-04-01,6,0,15,0,0,0,1,0,1,11
2018-04-02,4,0,13,0,0,0,0,0,0,7
2018-04-03,10,0,4,0,0,0,0,0,2,5
2018-04-04,6,0,10,2,0,0,0,1,0,6
2018-04-05,8,0,7,0,0,0,5,1,3,36
2018-04-06,12,0,12,0,0,0,0,0,0,9
2018-04-07,3,0,5,0,0,1,1,4,0,5
2018-04-08,12,0,7,0,0,0,2,0,2,4
2018-04-09,16,0,3,2,0,0,0,3,1,14
2018-04-10,12,0,14,0,0,0,2,0,1,5
2018-04-11,11,0,7,0,0,0,0,2,0,7
2018-04-12,5,0,11,0,0,0,1,0,0,16
2018-04-13,8,0,4,1,0,0,2,0,1,14
2018-04-14,5,0,11,2,0,0,1,0,0,15
2018-04-15,4,0,7,0,0,0,0,0,0,3
2018-04-16,4,0,2,0,0,0,0,0,1,5
2018-04-17,9,0,6,0,0,1,0,1,0,7
2018-04-18,5,0,6,0,0,1,2,2,1,2
2018-04-19,13,0,5,2,0,0,0,1,0,10
2018-04-20,9,0,6,0,1,0,0,1,2,7
2018-04-21,5,0,2,0,0,0,1,1,0,5
2018-04-22,5,0,4,0,0,0,2,0,2,5
2018-04-23,10,0,8,0,0,0,3,0,2,9
2018-04-24,8,1,9,1,0,0,0,0,3,6
2018-04-25,6,0,8,0,0,0,1,0,0,7
2018-04-26,7,0,3,0,0,0,0,1,0,7
2018-04-27,5,0,7,1,1,1,0,0,2,15
2018-04-28,4,1,1,1,0,0,0,1,2,4
2018-04-29,8,0,4,0,1,0,0,2,0,10
2018-04-30,7,0,10,0,0,0,0,2,0,6
2018-05-01,5,0,7,0,0,0,3,3,1,11
2018-05-02,5,0,8,0,0,0,3,0,0,5
2018-05-03,2,0,2,0,0,0,1,0,3,11
2018-05-04,8,0,10,0,0,0,0,2,1,14
2018-05-05,2,0,2,0,0,0,0,0,1,6
2018-05-06,4,0,10,0,0,0,3,2,0,4
2018-05-07,7,0,10,0,0,0,2,1,1,3
2018-05-08,8,0,9,0,0,0,0,2,0,7
2018-05-09,5,0,7,1,0,0,3,1,1,5
2018-05-10,6,0,8,0,0,0,0,0,1,32
2018-05-11,7,0,4,1,5,0,0,1,4,22
2018-05-12,9,0,3,0,0,0,0,2,1,5
2018-05-13,3,0,4,0,0,0,1,0,0,4
2018-05-14,6,0,12,0,0,0,0,0,0,6
2018-05-15,10,0,8,0,0,0,4,2,1,7
2018-05-16,9,0,4,1,0,1,1,0,0,4
2018-05-17,7,0,5,2,0,0,0,2,1,8
2018-05-18,12,0,6,0,0,0,2,0,3,13
2018-05-19,2,0,6,1,0,0,5,2,0,5
2018-05-20,5,0,7,1,0,0,2,1,0,2
2018-05-21,3,0,10,0,2,0,6,0,0,6
2018-05-22,8,0,15,0,0,0,0,0,1,7
2018-05-23,8,0,7,2,0,0,4,1,0,10
2018-05-24,4,0,6,0,1,0,1,3,0,9
2018-05-25,8,0,4,0,0,0,1,0,1,9
2018-05-26,4,0,7,1,0,0,0,1,0,8
2018-05-27,5,0,8,0,0,0,1,1,1,6
2018-05-28,13,0,9,1,0,0,0,1,0,4
2018-05-29,8,0,16,1,0,0,2,4,3,11
2018-05-30,11,0,11,0,0,0,0,2,0,4
2018-05-31,11,0,11,0,0,0,0,1,0,6
2018-06-01,8,0,6,0,0,0,1,0,5,6
2018-06-02,11,0,7,0,0,0,0,0,1,6
2018-06-03,6,0,5,0,0,0,1,1,0,5
2018-06-04,5,2,7,0,0,0,0,1,2,4
2018-06-05,9,0,3,1,0,0,0,0,2,14
2018-06-06,6,0,5,0,0,0,1,1,0,31
2018-06-07,9,0,7,0,0,0,1,0,2,3
2018-06-08,8,0,5,0,0,1,0,0,2,10
2018-06-09,5,0,7,0,0,0,0,0,0,5
2018-06-10,6,0,9,0,1,0,0,1,0,0
2018-06-11,6,0,8,0,0,0,0,0,0,3
2018-06-12,7,0,7,0,0,0,1,0,0,8
2018-06-13,14,0,7,0,0,0,2,2,1,22
2018-06-14,8,0,8,0,0,0,1,1,0,6
2018-06-15,8,0,3,0,2,0,1,1,0,3
2018-06-16,5,1,7,0,1,0,0,0,0,5
2018-06-17,9,0,11,0,0,0,2,3,0,5
2018-06-18,8,0,8,0,0,0,0,2,0,4
2018-06-19,8,0,11,0,0,0,0,3,0,10
2018-06-20,5,0,7,0,0,0,0,0,2,31
2018-06-21,7,0,7,1,0,0,2,2,0,4
2018-06-22,13,0,9,0,0,0,2,0,2,6
2018-06-23,6,0,1,0,0,0,0,1,0,3
2018-06-24,8,0,3,1,0,0,0,2,2,7
2018-06-25,9,0,9,0,0,0,0,1,0,7
2018-06-26,9,0,2,0,0,0,2,0,2,4
2018-06-27,3,0,21,0,0,0,1,0,2,17
2018-06-28,10,0,10,0,0,2,4,0,0,10
2018-06-29,7,0,4,0,0,0,4,0,1,10
2018-06-30,7,0,10,1,0,1,1,0,0,5
2018-07-01,5,0,4,0,0,0,1,2,1,12
2018-07-02,3,0,15,0,0,0,0,0,2,2
2018-07-03,6,0,2,0,0,0,2,1,1,4
2018-07-04,2,0,8,0,0,0,0,1,0,7
2018-07-05,7,0,11,0,0,0,1,2,0,15
2018-07-06,6,0,12,0,0,0,3,0,1,10
2018-07-07,6,0,11,0,0,0,0,1,0,8
2018-07-08,4,0,10,0,0,0,1,0,1,5
2018-07-09,8,0,9,0,0,0,1,0,0,8
2018-07-10,8,0,7,0,0,0,0,0,1,9
2018-07-11,7,0,13,0,0,0,0,0,1,24
2018-07-12,2,0,7,0,0,0,1,0,1,12
2018-07-13,3,0,9,0,0,0,0,1,0,1
2018-07-14,6,0,15,0,0,0,1,0,1,10
2018-07-15,3,0,7,0,0,0,2,2,1,1
2018-07-16,7,0,10,0,0,0,0,0,1,8
2018-07-17,7,0,6,0,0,0,0,0,0,5
2018-07-18,7,0,6,0,0,0,2,0,1,24
2018-07-19,7,0,9,0,0,0,3,0,0,2
2018-07-20,6,0,11,1,2,0,1,1,0,6
2018-07-21,5,0,4,0,0,0,0,1,1,4
2018-07-22,5,0,3,0,0,1,1,0,0,5
2018-07-23,9,0,7,0,1,0,0,0,2,4
2018-07-24,8,0,7,0,0,0,3,1,1,5
2018-07-25,8,0,5,0,0,0,1,0,0,6
2018-07-26,4,0,17,0,0,1,2,0,1,6
2018-07-27,3,0,6,1,0,0,2,1,1,5
2018-07-28,5,0,4,1,0,0,0,2,0,6
2018-07-29,12,0,10,0,0,0,3,0,0,6
2018-07-30,2,0,6,0,0,0,0,1,0,4
2018-07-31,5,0,13,0,0,0,2,1,1,8
2018-08-01,4,0,8,0,0,0,2,1,2,8
2018-08-02,3,0,6,0,0,0,1,3,4,7
2018-08-03,2,0,5,0,0,0,0,0,1,4
2018-08-04,3,0,7,0,0,1,1,0,2,5
2018-08-05,4,0,5,1,0,0,4,0,0,3
2018-08-06,6,0,4,0,0,0,0,2,2,13
2018-08-07,6,0,2,0,0,0,4,0,2,9
2018-08-08,6,0,5,0,0,1,1,2,6,17
2018-08-09,5,0,3,1,0,0,0,0,1,18
2018-08-10,4,0,3,0,0,1,0,0,1,4
2018-08-11,3,0,3,0,0,0,0,0,0,4
2018-08-12,8,0,2,0,0,0,2,0,0,7
2018-08-13,7,0,7,1,0,0,3,2,0,8
2018-08-14,8,0,4,0,0,0,0,1,1,7
2018-08-15,4,1,3,2,1,0,0,1,1,16
2018-08-16,3,0,3,1,1,0,3,1,3,7
2018-08-17,7,0,2,0,0,1,4,1,0,4
2018-08-18,5,0,3,0,2,0,2,1,0,5
2018-08-19,3,0,8,1,0,0,3,0,0,5
2018-08-20,8,1,2,0,0,0,1,0,0,7
2018-08-21,6,0,15,1,0,0,1,1,1,7
2018-08-22,12,0,17,0,0,0,0,0,3,12
2018-08-23,5,0,4,0,0,0,0,0,0,6
2018-08-24,11,0,12,0,0,0,4,2,1,4
2018-08-25,1,0,9,0,3,0,2,1,0,5
2018-08-26,7,1,5,0,0,0,0,2,0,1
2018-08-27,9,0,7,0,0,0,2,1,0,7
2018-08-28,7,0,8,0,0,0,0,1,2,6
2018-08-29,13,0,9,1,0,0,1,1,2,6
2018-08-30,2,0,7,0,0,0,3,0,1,12
2018-08-31,4,0,8,0,0,0,2,1,0,9
2018-09-01,7,1,14,0,1,0,1,1,0,67
2018-09-02,2,0,9,0,0,0,1,1,1,93
2018-09-03,7,1,12,0,0,0,2,0,0,5
2018-09-04,6,0,6,0,0,0,2,1,4,4
2018-09-05,9,0,9,0,0,0,1,0,3,7
2018-09-06,3,0,6,0,0,0,1,2,1,3
2018-09-07,4,0,10,1,0,0,1,0,0,4
2018-09-08,4,0,5,0,0,0,2,2,1,16
2018-09-09,4,0,1,0,0,0,2,1,0,6
2018-09-10,6,0,12,0,0,0,0,0,0,6
2018-09-11,5,0,5,0,0,0,0,0,2,9
2018-09-12,8,3,9,0,0,0,0,1,1,9
2018-09-13,8,0,4,0,0,0,2,1,1,6
2018-09-14,7,0,4,1,1,0,4,3,1,7
2018-09-15,13,0,5,1,0,0,0,2,1,2
2018-09-16,8,1,15,0,0,0,2,1,0,2
2018-09-17,7,0,6,1,0,0,2,0,3,4
2018-09-18,10,0,7,1,0,0,3,2,0,8
2018-09-19,7,0,7,0,0,0,0,1,2,4
2018-09-20,6,0,8,0,0,0,1,1,1,14
2018-09-21,2,0,9,0,0,0,0,2,0,18
2018-09-22,7,0,10,1,0,2,2,1,0,6
2018-09-23,3,0,6,1,0,2,0,1,0,5
2018-09-24,5,0,5,0,0,0,3,0,0,4
2018-09-25,9,0,6,0,0,0,0,1,1,5
2018-09-26,10,0,9,0,0,1,1,0,1,8
2018-09-27,9,0,11,0,0,0,0,1,2,7
2018-09-28,7,0,5,0,0,0,2,0,1,16
2018-09-29,4,0,5,2,0,0,0,2,0,26
2018-09-30,7,1,15,0,0,0,0,0,1,20
2018-10-01,4,0,8,0,0,1,1,2,1,5
2018-10-02,4,0,13,0,0,0,3,0,0,4
2018-10-03,4,0,5,0,0,0,3,0,0,2
2018-10-04,3,0,9,1,0,0,0,0,0,2
2018-10-05,5,0,12,2,0,0,3,3,0,7
2018-10-06,2,0,10,1,0,0,5,0,3,9
2018-10-07,1,0,7,0,0,0,2,2,0,12
2018-10-08,7,0,5,0,0,0,0,0,2,5
2018-10-09,6,1,8,1,0,0,2,1,1,7
2018-10-10,6,0,5,1,0,0,0,0,1,9
2018-10-11,10,0,4,1,0,0,1,0,0,11
2018-10-12,3,0,5,1,0,0,0,4,1,5
2018-10-13,2,1,12,0,0,0,1,4,2,10
2018-10-14,4,0,8,0,0,0,0,1,0,5
2018-10-15,4,0,3,0,0,0,1,0,1,4
2018-10-16,4,0,5,0,0,0,1,14,0,2
2018-10-17,5,0,4,0,0,0,0,1,2,2
2018-10-18,6,0,5,0,0,0,0,3,0,10
2018-10-19,9,1,4,2,0,0,1,0,1,31
2018-10-20,6,0,11,0,0,1,2,0,0,36
2018-10-21,6,0,6,0,0,0,0,0,0,11
2018-10-22,7,0,11,0,0,0,2,0,0,7
2018-10-23,11,0,7,0,0,0,0,0,2,7
2018-10-24,9,0,3,0,0,0,1,0,2,16
2018-10-25,6,0,7,0,0,0,1,2,1,35
2018-10-26,2,0,6,0,0,1,1,0,0,11
2018-10-27,6,0,11,0,0,0,2,1,0,9
2018-10-28,6,0,17,1,0,0,1,4,0,5
2018-10-29,8,1,7,2,0,0,3,4,0,9
2018-10-30,5,0,6,0,0,0,1,1,0,6
2018-10-31,8,0,8,0,0,0,0,0,0,7
2018-11-01,7,0,8,1,0,0,4,1,0,7
2018-11-02,5,0,11,0,0,1,3,1,4,14
2018-11-03,5,0,18,0,1,0,2,1,0,14
2018-11-04,6,0,11,1,0,0,0,1,0,8
2018-11-05,6,0,8,0,0,0,0,0,1,4
2018-11-06,6,0,10,0,0,0,2,1,0,7
2018-11-07,1,0,11,0,0,0,0,5,0,10
2018-11-08,0,0,12,0,0,0,1,1,3,13
2018-11-09,3,0,17,0,0,0,2,4,1,10
2018-11-10,5,0,10,0,0,2,2,2,0,6
2018-11-11,7,0,14,1,0,0,1,0,0,14
2018-11-12,6,0,13,1,0,0,1,0,1,3
2018-11-13,3,0,5,0,0,0,0,1,1,10
2018-11-14,9,0,8,0,0,0,0,0,3,7
2018-11-15,5,0,3,0,0,0,1,0,0,4
2018-11-16,2,0,9,1,0,0,0,1,1,6
2018-11-17,5,0,10,0,0,0,0,6,0,6
2018-11-18,4,0,4,0,0,0,1,1,2,10
2018-11-19,5,0,2,0,0,0,0,0,2,4
2018-11-20,6,0,4,0,0,0,0,1,2,3
2018-11-21,9,0,6,0,0,0,0,2,0,12
2018-11-22,0,0,16,1,0,0,0,0,0,9
2018-11-23,6,0,4,0,0,0,0,2,0,7
2018-11-24,6,0,10,0,0,1,1,1,2,12
2018-11-25,5,0,20,0,0,0,0,1,1,14
2018-11-26,5,0,3,0,0,0,0,0,0,7
2018-11-27,14,0,12,0,0,0,2,0,0,3
2018-11-28,7,0,6,0,0,0,1,2,1,9
2018-11-29,6,0,4,1,0,0,1,3,0,6
2018-11-30,4,0,11,0,0,0,1,1,2,13
2018-12-01,6,0,9,1,0,0,1,1,0,3
2018-12-02,5,0,5,0,0,0,0,2,0,1
2018-12-03,3,0,2,0,0,0,2,2,1,6
2018-12-04,5,0,2,0,0,0,0,2,1,7
2018-12-05,8,0,8,0,0,0,0,1,0,6
2018-12-06,5,0,1,0,0,0,1,0,1,5
2018-12-07,3,0,2,0,0,0,3,0,3,6
2018-12-08,4,0,3,0,0,1,0,1,0,7
2018-12-09,5,0,6,0,0,0,0,0,0,5
2018-12-10,10,0,11,0,0,0,0,7,0,6
2018-12-11,9,0,8,0,0,2,1,1,0,9
2018-12-12,9,0,5,0,0,0,3,2,2,3
2018-12-13,5,0,9,0,0,0,0,1,0,6
2018-12-14,8,0,10,0,0,0,0,0,2,8
2018-12-15,0,0,2,1,0,0,1,0,0,12
2018-12-16,7,0,9,0,0,0,0,1,0,3
2018-12-17,8,0,8,0,0,0,0,1,0,0
2018-12-18,12,0,9,0,0,0,0,2,1,8
2018-12-19,6,0,6,0,0,0,1,2,0,7
2018-12-20,5,0,6,0,0,0,1,1,0,4
2018-12-21,15,1,9,0,0,1,3,1,0,6
2018-12-22,6,0,7,0,0,0,0,0,0,1
2018-12-23,8,0,9,0,0,0,0,1,1,17
2018-12-24,9,1,7,0,0,0,0,1,0,6
2018-12-25,0,0,3,0,0,0,0,1,0,3
2018-12-26,4,1,7,0,0,0,1,1,0,9
2018-12-27,7,0,7,0,2,0,1,2,3,4
2018-12-28,6,0,4,0,0,0,0,1,0,7
2018-12-29,9,0,7,0,0,0,0,2,0,1
2018-12-30,6,0,7,0,0,0,1,1,0,9
2018-12-31,4,0,6,0,0,0,2,1,0,5
2019-01-01,5,0,7,0,0,0,1,0,0,7
2019-01-02,6,3,5,0,0,0,1,1,0,8
2019-01-03,8,0,6,0,0,0,1,1,1,3
2019-01-04,3,0,10,1,0,0,0,0,0,14
2019-01-05,7,1,9,0,0,0,1,0,0,17
2019-01-06,5,0,8,0,0,0,0,0,0,12
2019-01-07,2,0,4,0,0,0,2,0,0,4
2019-01-08,8,0,11,1,0,0,0,4,0,10
2019-01-09,5,0,8,0,0,0,1,1,0,8
2019-01-10,1,0,13,0,0,0,0,0,0,3
2019-01-11,9,0,6,0,0,0,0,0,0,11
2019-01-12,1,0,8,0,0,0,1,0,0,9
2019-01-13,1,0,9,0,0,0,0,0,0,6
2019-01-14,1,0,8,0,0,0,0,1,1,4
2019-01-15,4,0,6,0,0,0,1,0,0,6
2019-01-16,2,0,3,0,0,0,1,1,0,7
2019-01-17,4,0,7,2,0,0,0,0,0,6
2019-01-18,6,0,10,0,0,1,0,0,0,4
2019-01-19,11,0,7,0,0,0,1,0,0,8
2019-01-20,2,0,11,0,0,0,1,2,0,4
2019-01-21,13,0,9,0,0,0,0,0,0,3
2019-01-22,8,0,7,1,0,0,1,1,0,10
2019-01-23,5,0,7,1,0,0,2,0,0,4
2019-01-24,3,0,7,0,0,0,0,1,1,5
2019-01-25,5,0,7,1,0,2,1,0,0,9
2019-01-26,5,0,11,0,0,0,1,1,0,9
2019-01-27,2,0,21,0,0,0,1,1,0,6
2019-01-28,7,0,5,0,0,0,1,0,0,7
2019-01-29,6,0,10,0,0,0,3,2,2,6
2019-01-30,6,0,10,0,0,0,0,1,0,8
2019-01-31,5,0,5,0,0,0,0,0,0,6
2019-02-01,4,0,7,0,0,1,0,1,0,6
2019-02-02,6,0,8,0,0,0,1,0,2,8
2019-02-03,4,0,5,0,0,1,0,2,0,7
2019-02-04,5,0,11,0,0,0,1,0,2,4
2019-02-05,3,0,1,0,0,0,0,1,1,5
2019-02-06,6,0,7,0,0,0,0,1,0,6
2019-02-07,9,0,4,0,0,0,1,1,0,3
2019-02-08,8,0,3,0,0,0,0,0,0,9
2019-02-09,6,0,8,0,0,0,0,5,0,10
2019-02-10,9,0,13,1,0,0,0,1,1,7
2019-02-11,3,0,8,0,0,0,1,3,1,8
2019-02-12,8,0,13,0,0,0,1,0,0,11
2019-02-13,4,0,7,1,0,0,1,1,0,5
2019-02-14,6,0,1,0,0,0,0,1,0,4
2019-02-15,9,0,3,1,0,0,0,1,0,5
2019-02-16,5,0,2,0,0,0,0,2,0,11
2019-02-17,5,0,10,0,0,0,0,0,0,6
2019-02-18,7,0,15,0,0,0,2,3,0,4
2019-02-19,6,1,8,0,0,0,0,0,1,1
2019-02-20,3,0,5,0,0,0,0,0,0,5
2019-02-21,6,0,4,0,0,0,0,0,1,5
2019-02-22,6,0,3,0,1,0,1,0,0,8
2019-02-23,2,0,9,0,0,0,2,0,0,5
2019-02-24,6,0,12,0,0,1,0,1,0,4
2019-02-25,8,0,5,0,0,0,0,1,1,3
2019-02-26,5,0,10,0,0,0,1,0,0,7
2019-02-27,6,0,2,0,0,0,0,1,0,3
2019-02-28,5,0,4,2,0,0,4,2,1,7
2019-03-01,12,0,2,0,0,0,0,0,0,11
2019-03-02,3,0,8,0,0,0,0,0,0,6
2019-03-03,4,0,1,0,0,0,1,2,0,4
2019-03-04,4,0,4,0,0,0,0,0,0,3
2019-03-05,8,0,4,0,0,0,1,4,0,6
2019-03-06,8,0,2,0,0,0,0,0,0,4
2019-03-07,3,0,0,0,0,0,3,0,1,2
2019-03-08,8,0,0,0,0,0,0,0,0,13
2019-03-09,7,1,0,0,0,0,0,0,0,4
2019-03-10,3,0,1,0,0,0,1,1,0,13
2019-03-11,7,0,0,0,0,0,0,0,0,0
2019-03-12,7,0,0,0,0,0,0,0,2,6
2019-03-13,6,0,0,0,0,0,0,0,0,2
2019-03-14,5,0,0,0,0,0,1,0,1,5
2019-03-15,6,0,4,0,0,0,0,1,0,11
2019-03-16,5,0,3,0,0,0,0,0,0,12
2019-03-17,5,0,3,0,0,0,0,1,0,3
2019-03-18,8,0,5,0,0,0,0,0,1,6
2019-03-19,9,0,1,0,0,0,0,0,1,1
2019-03-20,3,0,7,1,0,0,0,5,1,9
2019-03-21,6,1,0,0,0,0,1,1,0,10
2019-03-22,7,0,4,0,0,0,0,0,1,21
2019-03-23,8,0,4,0,0,0,1,1,0,29
2019-03-24,4,0,0,0,0,0,1,4,0,1
2019-03-25,4,0,6,1,0,0,0,0,1,2
2019-03-26,10,0,5,0,0,0,2,2,1,7
2019-03-27,9,0,1,0,0,0,1,0,0,4
2019-03-28,5,0,2,0,0,0,0,4,1,18
2019-03-29,9,0,2,0,0,0,1,0,2,6
2019-03-30,6,0,1,0,1,0,0,3,0,8
2019-03-31,2,0,6,0,0,0,1,1,0,9
2019-04-01,3,0,6,0,0,0,0,0,1,6
2019-04-02,3,0,3,0,0,0,0,0,1,4
2019-04-03,8,0,0,0,0,0,2,3,0,4
2019-04-04,10,0,1,0,0,0,0,0,0,5
2019-04-05,9,0,1,0,0,0,0,2,2,7
2019-04-06,3,0,6,0,2,0,4,0,7,4
2019-04-07,3,0,3,0,0,0,0,2,0,2
2019-04-08,4,0,5,0,0,0,0,0,1,6
2019-04-09,5,0,6,0,0,0,0,2,1,8
2019-04-10,3,0,3,0,2,0,2,1,0,10
2019-04-11,7,0,7,0,0,0,0,1,3,4
2019-04-12,2,0,5,1,0,0,0,0,2,12
2019-04-13,6,0,5,0,0,0,0,1,4,21
2019-04-14,7,0,9,0,0,0,1,1,0,5
2019-04-15,10,0,2,0,0,0,0,2,1,5
2019-04-16,6,0,4,1,0,0,1,0,1,7
2019-04-17,4,0,12,0,0,0,0,0,2,8
2019-04-18,7,0,2,0,0,0,0,1,0,4
2019-04-19,6,0,3,2,1,0,1,1,1,2
2019-04-20,11,0,2,0,0,2,0,0,7,3
2019-04-21,9,0,3,0,0,0,1,4,1,2
2019-04-22,10,1,5,0,0,0,0,1,0,5
2019-04-23,8,0,3,1,0,0,0,2,0,5
2019-04-24,5,0,1,0,0,0,1,1,0,3
2019-04-25,10,0,1,1,0,0,0,1,0,7
2019-04-26,8,0,0,0,0,0,2,1,0,10
2019-04-27,7,0,3,0,3,0,0,0,0,15
2019-04-28,5,0,2,0,0,0,2,3,1,10
2019-04-29,3,0,6,0,0,0,0,0,0,4
2019-04-30,5,0,3,0,2,0,1,2,2,4
2019-05-01,9,0,7,0,0,0,0,1,0,13
2019-05-02,9,0,0,0,1,0,1,1,0,6
2019-05-03,7,0,0,0,0,0,0,0,0,6
2019-05-04,5,0,0,0,4,0,0,1,0,3
2019-05-05,6,0,3,0,0,0,1,0,1,6
2019-05-06,4,0,5,0,0,0,0,0,0,4
2019-05-07,10,0,1,0,0,0,0,3,0,3
2019-05-08,12,0,1,0,0,0,0,0,2,7
2019-05-09,5,0,0,0,0,1,0,0,0,3
2019-05-10,10,0,0,0,0,0,0,0,1,2
2019-05-11,11,0,0,0,0,0,0,0,0,5
2019-05-12,3,0,3,0,0,0,0,1,0,4
2019-05-13,3,0,0,0,0,0,0,1,0,6
2019-05-14,7,0,1,0,4,0,0,0,0,3
2019-05-15,10,0,1,0,3,0,0,0,2,4
2019-05-16,7,0,1,0,0,0,1,1,0,5
2019-05-17,7,0,0,0,2,0,0,1,0,2
2019-05-18,4,0,0,0,1,0,1,0,0,3
2019-05-19,4,0,0,2,0,0,0,1,2,2
2019-05-20,3,0,1,0,0,0,0,1,0,3
2019-05-21,8,0,2,0,0,0,0,1,0,4
2019-05-22,6,0,0,0,0,0,0,2,0,4
2019-05-23,10,0,0,0,0,0,2,1,0,4
2019-05-24,6,0,0,0,2,0,0,0,0,3
2019-05-25,6,0,0,0,0,0,1,2,0,3
2019-05-26,5,0,0,0,0,0,0,2,0,3
2019-05-27,4,0,0,0,0,0,1,0,0,2
2019-05-28,12,0,0,0,0,0,0,0,2,3
2019-05-29,7,0,0,0,0,0,0,0,1,4
2019-05-30,11,0,0,0,0,0,0,0,0,7
2019-05-31,5,0,0,0,0,0,1,0,0,5
2019-06-01,4,0,0,0,0,0,0,0,1,2
2019-06-02,2,0,0,0,0,0,0,1,0,1
2019-06-03,1,0,0,1,0,0,0,0,0,2
2019-06-04,3,0,0,0,0,0,0,1,1,3
2019-06-05,3,0,0,0,0,0,0,0,0,8
2019-06-06,10,0,0,0,0,0,0,0,0,1
2019-06-07,8,1,0,0,0,0,2,0,1,21
2019-06-08,2,0,0,0,0,0,0,0,0,2
2019-06-09,6,0,0,0,0,0,0,0,4,6
2019-06-10,2,0,0,0,0,0,0,1,1,1
2019-06-11,6,0,0,0,0,0,1,1,0,2
2019-06-12,7,0,0,0,0,0,0,0,1,7
2019-06-13,5,0,0,0,0,0,1,0,0,5
2019-06-14,12,0,0,0,0,0,0,0,0,4
2019-06-15,9,0,0,0,0,0,0,1,1,4
2019-06-16,5,0,0,0,0,0,2,0,0,3
2019-06-17,7,0,0,0,0,0,0,0,0,4
2019-06-18,7,0,0,0,0,0,1,0,0,7
2019-06-19,10,0,0,0,0,0,0,0,0,5
2019-06-20,2,0,1,0,0,0,0,1,0,6
2019-06-21,6,0,0,0,1,0,4,0,0,4
2019-06-22,7,0,0,1,0,0,0,2,0,6
2019-06-23,4,0,0,0,0,0,0,1,0,5
2019-06-24,4,0,0,0,0,0,0,0,1,3
2019-06-25,9,0,0,2,0,0,0,0,0,1
2019-06-26,2,0,0,0,0,0,0,0,0,6
2019-06-27,4,0,0,0,0,0,0,1,0,5
2019-06-28,8,0,1,0,0,0,0,0,0,2
2019-06-29,1,0,0,0,0,0,0,0,1,0
2019-06-30,3,0,1,0,0,0,1,4,0,2
2019-07-01,4,0,0,1,0,0,0,1,0,2
2019-07-02,7,0,0,0,0,0,0,1,0,10
2019-07-03,6,0,0,0,0,0,0,1,1,2
2019-07-04,7,0,0,0,0,0,0,3,0,1
2019-07-05,6,0,0,0,0,0,0,2,2,2
2019-07-06,3,2,0,2,0,0,0,1,0,2
2019-07-07,5,0,0,0,0,0,0,0,0,4
2019-07-08,9,0,0,0,0,0,0,0,0,7
2019-07-09,11,0,0,0,0,0,0,0,0,2
2019-07-10,9,0,0,0,0,0,1,0,0,2
2019-07-11,12,0,0,0,0,1,0,1,1,5
2019-07-12,7,0,0,0,0,0,0,1,0,4
2019-07-13,8,0,0,0,0,0,2,0,0,6
2019-07-14,2,0,0,0,0,0,0,0,2,5
2019-07-15,4,0,0,0,0,0,0,0,1,7
2019-07-16,7,0,0,0,0,0,0,0,0,6
2019-07-17,8,0,0,0,0,0,2,0,1,8
2019-07-18,6,0,0,0,0,0,0,0,3,4
2019-07-19,9,1,0,0,0,0,0,0,0,5
2019-07-20,5,0,0,0,0,0,0,0,0,4
2019-07-21,7,0,0,0,0,0,2,1,0,3
2019-07-22,2,0,0,0,0,0,0,1,0,6
2019-07-23,8,0,0,0,0,0,0,2,0,5
2019-07-24,12,1,0,0,0,0,0,0,1,5
2019-07-25,11,0,0,0,0,1,0,1,0,7
2019-07-26,9,0,0,1,0,0,2,1,0,3
2019-07-27,2,0,0,0,0,0,0,0,0,6
2019-07-28,6,0,1,1,0,0,0,1,0,2
2019-07-29,8,0,0,0,0,0,0,0,0,5
2019-07-30,12,0,0,0,0,0,0,0,1,3
2019-07-31,8,0,0,0,0,0,0,0,0,3
2019-08-01,6,0,0,0,0,0,0,0,0,8
2019-08-02,13,0,0,0,0,0,0,0,0,2
2019-08-03,3,1,0,0,0,0,0,1,1,5
2019-08-04,10,0,0,0,0,0,1,1,1,4
2019-08-05,6,1,0,0,0,0,0,0,0,0
2019-08-06,8,0,0,1,0,0,1,0,0,3
2019-08-07,9,1,0,0,0,0,1,1,0,0
2019-08-08,10,0,0,0,0,0,0,0,0,10
2019-08-09,6,0,0,0,0,0,0,0,1,6
2019-08-10,6,0,0,1,0,0,0,0,1,2
2019-08-11,5,0,0,0,0,0,0,1,0,5
2019-08-12,9,1,0,0,0,0,0,0,1,4
2019-08-13,5,0,0,0,0,0,0,0,0,7
2019-08-14,5,1,0,0,0,0,0,0,0,6
2019-08-15,8,0,0,1,0,0,2,0,0,3
2019-08-16,6,0,0,0,0,0,0,1,0,11
2019-08-17,8,0,0,0,0,0,0,1,0,3
2019-08-18,4,0,0,0,0,0,0,1,0,3
2019-08-19,8,1,0,0,0,0,0,0,0,1
2019-08-20,3,0,0,0,0,0,0,0,0,0
2019-08-21,7,0,0,0,0,0,0,1,0,1
2019-08-22,9,0,0,0,0,0,0,0,2,3
2019-08-23,2,0,0,0,0,0,0,1,0,6
2019-08-24,4,0,0,1,0,0,0,0,0,3
2019-08-25,1,0,0,0,0,0,0,0,0,2
2019-08-26,5,0,0,0,0,0,1,1,0,2
2019-08-27,8,0,0,0,2,0,0,0,0,3
2019-08-28,9,0,0,0,0,0,0,1,0,4
2019-08-29,5,0,0,0,0,0,0,2,1,2
2019-08-30,7,0,0,0,0,0,0,0,1,18
2019-08-31,6,0,0,0,0,0,1,0,0,63
2019-09-01,6,0,0,0,0,0,20,0,2,33
2019-09-02,5,0,0,2,0,0,6,0,1,9
2019-09-03,4,0,0,0,0,0,0,0,0,1
2019-09-04,6,0,0,0,0,0,0,1,1,1
2019-09-05,6,0,0,0,0,0,0,1,1,1
2019-09-06,7,0,0,0,0,0,1,0,0,26
2019-09-07,8,0,0,1,0,0,1,0,1,29
2019-09-08,11,0,0,0,0,0,5,2,0,14
2019-09-09,9,0,0,0,0,0,1,3,0,1
2019-09-10,9,0,0,2,0,0,0,0,0,1
2019-09-11,6,0,0,0,0,0,1,1,0,8
2019-09-12,5,0,1,0,0,0,2,0,1,2
2019-09-13,4,0,0,1,0,0,0,0,1,6
2019-09-14,6,0,0,0,0,0,0,0,0,11
2019-09-15,3,0,0,0,0,0,0,0,0,6
2019-09-16,7,1,0,0,0,0,1,0,0,4
2019-09-17,9,0,0,0,0,0,0,0,0,2
2019-09-18,8,1,0,1,0,0,1,2,0,7
2019-09-19,6,0,0,0,0,0,1,2,0,5
2019-09-20,13,0,0,1,0,0,0,2,0,3
2019-09-21,3,0,0,0,0,0,0,0,0,0
2019-09-22,7,0,0,0,0,0,0,0,0,1
2019-09-23,11,0,0,1,0,0,0,1,1,1
2019-09-24,9,1,0,0,0,0,0,0,0,5
2019-09-25,13,0,0,0,0,0,0,1,0,3
2019-09-26,3,0,0,1,0,0,0,0,1,1
2019-09-27,10,0,0,1,0,0,1,2,2,7
2019-09-28,8,0,0,0,0,0,1,0,0,3
2019-09-29,10,0,0,0,0,0,0,0,0,2
2019-09-30,4,0,1,0,0,0,0,0,0,2
2019-10-01,9,0,0,0,0,0,2,1,0,5
2019-10-02,6,0,0,0,0,0,0,0,0,1
2019-10-03,7,0,0,0,0,0,0,0,0,2
2019-10-04,6,0,0,0,0,0,1,0,0,5
2019-10-05,6,0,0,0,0,0,0,3,0,1
2019-10-06,3,0,0,1,0,0,0,0,0,12
2019-10-07,6,0,0,1,0,0,1,1,0,7
2019-10-08,6,0,0,1,0,0,0,0,0,6
2019-10-09,8,0,0,0,0,0,1,1,1,0
2019-10-10,2,0,0,0,0,0,1,1,0,3
2019-10-11,4,0,0,0,0,0,1,3,1,11
2019-10-12,3,0,0,1,0,0,1,0,0,33
2019-10-13,4,0,0,0,0,0,0,1,0,9
2019-10-14,7,0,0,1,0,0,2,3,0,3
2019-10-15,10,0,0,0,0,0,0,0,1,3
2019-10-16,4,0,0,0,0,0,0,0,0,3
2019-10-17,8,0,0,0,0,0,0,0,0,7
2019-10-18,11,0,0,0,0,0,1,0,0,4
2019-10-19,4,0,0,0,0,0,0,0,0,3
2019-10-20,8,0,0,1,0,0,0,1,0,2
2019-10-21,7,0,0,0,0,0,0,0,0,3
2019-10-22,9,0,0,0,0,0,0,2,0,5
2019-10-23,14,1,0,0,0,0,0,1,2,5
2019-10-24,8,0,0,0,0,0,0,0,0,5
2019-10-25,4,0,0,0,0,0,1,1,0,5
2019-10-26,2,0,1,0,0,0,0,0,1,8
2019-10-27,5,0,0,0,0,0,0,0,0,7
2019-10-28,4,0,0,0,0,0,0,0,0,2
2019-10-29,15,0,0,1,0,0,1,0,0,2
2019-10-30,7,0,0,0,0,0,0,0,0,4
2019-10-31,3,2,0,0,0,0,1,0,0,9
2019-11-01,3,1,0,0,0,0,0,0,1,13
2019-11-02,5,0,0,0,0,0,0,0,0,10
2019-11-03,4,0,0,0,0,0,0,0,0,0
2019-11-04,6,0,0,0,0,0,0,0,0,2
2019-11-05,1,0,0,0,0,0,1,1,0,2
2019-11-06,4,0,0,1,0,0,0,1,0,2
2019-11-07,7,0,0,0,0,0,1,1,0,2
2019-11-08,5,0,0,0,0,0,0,0,0,6
2019-11-09,6,0,0,0,0,0,1,0,0,5
2019-11-10,3,0,0,0,0,0,0,0,0,5
2019-11-11,15,0,0,1,0,0,1,0,0,0
2019-11-12,10,0,0,0,0,0,0,0,0,1
2019-11-13,6,0,0,0,0,0,0,0,0,8
2019-11-14,13,0,0,0,0,0,0,4,0,5
2019-11-15,10,0,0,0,0,0,0,0,1,3
2019-11-16,5,0,0,0,0,0,0,1,0,7
2019-11-17,9,0,0,1,0,0,0,0,0,7
2019-11-18,12,0,0,0,0,1,0,0,0,1
2019-11-19,9,0,0,0,0,0,0,0,0,2
2019-11-20,6,0,0,0,0,0,0,3,1,5
2019-11-21,10,0,0,0,0,0,3,0,0,3
2019-11-22,7,0,0,0,0,0,2,1,0,11
2019-11-23,8,0,0,0,0,0,0,1,0,2
2019-11-24,6,0,0,0,0,0,0,1,0,12
2019-11-25,9,0,0,0,0,0,0,0,1,3
2019-11-26,6,0,0,0,0,0,0,0,1,2
2019-11-27,8,0,0,0,0,0,2,3,0,2
2019-11-28,2,0,0,0,0,0,0,1,0,1
2019-11-29,11,0,0,0,0,0,0,1,0,2
2019-11-30,7,0,0,0,0,0,0,0,0,2
2019-12-01,2,0,0,0,1,0,0,2,0,0
2019-12-02,8,1,0,0,0,0,0,0,0,2
2019-12-03,8,0,0,0,0,0,0,0,0,2
2019-12-04,7,0,0,0,0,0,1,1,0,3
2019-12-05,9,0,0,0,0,0,0,0,0,1
2019-12-06,6,0,0,1,0,0,1,0,0,4
2019-12-07,7,0,1,0,0,0,0,0,0,4
2019-12-08,3,0,0,0,0,0,2,0,0,3
2019-12-09,7,0,0,0,0,0,2,0,0,0
2019-12-10,5,0,0,0,0,0,0,0,0,1
2019-12-11,8,0,0,0,0,0,1,5,1,4
2019-12-12,5,0,1,0,0,0,1,1,0,3
2019-12-13,11,0,0,0,0,0,0,0,1,2
2019-12-14,3,0,0,0,0,0,0,0,0,2
2019-12-15,6,0,0,0,0,0,0,0,1,1
2019-12-16,8,0,1,0,0,0,1,2,0,0
2019-12-17,11,0,0,0,0,0,2,0,0,4
2019-12-18,5,0,0,0,0,0,0,1,0,3
2019-12-19,10,0,0,0,0,0,1,0,0,2
2019-12-20,5,0,0,0,0,0,0,0,0,2
2019-12-21,12,0,0,0,0,0,0,4,0,14
2019-12-22,3,0,0,0,0,0,0,1,0,16
2019-12-23,11,0,0,0,0,0,0,0,0,1
2019-12-24,7,0,0,0,0,0,1,0,0,2
2019-12-25,0,0,1,0,0,0,0,0,0,0
2019-12-26,4,0,0,0,0,0,0,0,0,2
2019-12-27,11,0,0,0,0,0,0,0,0,1
2019-12-28,8,0,0,1,0,0,0,0,0,1
2019-12-29,3,0,0,0,0,0,0,1,0,2
2019-12-30,9,0,0,0,0,0,0,0,0,0
2019-12-31,7,0,0,1,0,0,0,1,0,6
2020-01-01,6,0,0,0,0,0,1,0,0,1
2020-01-02,8,0,0,0,0,0,2,0,0,0
2020-01-03,8,0,0,1,0,0,1,0,1,3
2020-01-04,14,0,0,0,0,0,0,0,1,1
2020-01-05,5,0,1,0,0,0,0,0,0,13
2020-01-06,7,0,0,0,0,0,0,0,0,2
2020-01-07,5,0,0,0,0,0,0,0,0,2
2020-01-08,9,1,0,0,0,0,0,0,0,5
2020-01-09,11,0,0,0,0,0,0,0,0,5
2020-01-10,5,0,0,1,0,0,1,0,0,0
2020-01-11,5,0,2,0,0,0,0,0,0,3
2020-01-12,3,0,0,1,0,0,0,0,0,1
2020-01-13,10,0,1,0,0,0,0,0,1,3
2020-01-14,10,0,0,0,0,0,0,1,0,0
2020-01-15,10,0,0,0,0,0,0,1,0,1
2020-01-16,7,0,1,1,0,0,0,0,0,2
2020-01-17,8,0,0,0,0,1,0,0,0,8
2020-01-18,3,0,0,0,0,0,0,0,0,9
2020-01-19,7,0,0,0,0,0,0,0,0,0
2020-01-20,6,0,0,0,0,0,1,0,1,0
2020-01-21,10,0,0,0,0,0,1,0,0,2
2020-01-22,3,0,2,0,0,0,0,0,0,3
2020-01-23,7,0,0,0,0,0,1,0,0,1
2020-01-24,13,0,1,0,2,0,1,0,0,2
2020-01-25,8,0,2,1,0,0,0,0,0,1
2020-01-26,6,0,0,1,0,0,0,0,0,0
2020-01-27,10,0,0,0,0,0,0,0,0,1
2020-01-28,8,0,0,0,0,0,3,0,1,6
2020-01-29,3,0,0,0,0,0,2,0,0,1
2020-01-30,9,0,0,0,0,0,1,0,0,0
2020-01-31,14,0,0,0,1,0,3,0,0,1
2020-02-01,2,0,0,0,1,0,2,0,0,3
2020-02-02,6,0,0,1,1,0,0,1,0,2
2020-02-03,12,0,0,0,0,0,0,0,0,4
2020-02-04,9,0,0,1,0,0,2,0,0,2
2020-02-05,16,0,0,0,0,0,1,0,1,1
2020-02-06,7,0,0,0,0,0,0,1,0,1
2020-02-07,3,0,0,0,3,0,1,0,0,2
2020-02-08,7,0,0,0,0,0,0,0,0,1
2020-02-09,10,0,1,0,0,0,0,2,0,0
2020-02-10,9,0,0,0,0,0,0,0,0,0
2020-02-11,7,0,1,1,0,0,2,2,0,1
2020-02-12,6,0,1,0,0,0,1,0,0,0
2020-02-13,7,1,0,0,0,0,0,0,0,0
2020-02-14,3,0,0,0,0,0,3,0,0,1
