mat_bupe_names,94,95,96,138,139,140,141,142,143,144,145,146,147,148,149,152,153,156,190,191,192,197,198,199,200,202,203,204,205,206,13,14,15,16,17,18,19,20,21,22,23,24,25,29,31,50,54,55,56,60,61,62,63,100,101,102,103,104,105,106,107,108,109,110,111,112,113,114,157,158,160,161,162,163,164,165,166,168,39.01,169.02,169.01,207,208,209,210,211,212,213,214,215,216,241,242,243,244,245,246,247,248,249,252,253,254,255,256,283,284,285,286,287,288,290,291,292,293,294,298,333,334,335,336,338,339,340,341,342,9802,344,346,64,65,66,363.01,364,366,348.03,347.02,362.02,38,83.02,176.02,10.02,10.01,4.02,4.01,122.04,122.03,136.02,345.01,345.02,11.02,9.02,9.01,172.01,172.02,274.01,201.01,201.02,311.01,311.02,195.02,195.01,289.01,289.02,331.01,331.02,315.01,305.01,305.02,98.02,180.01,177.02,177.01,356.02,357.01,357.02,356.01,151.01,151.02,365.01,9804,134.02,134.01,136.01,379,382,380,381,384,1,2,3,5,6,7,32,33,36,37.01,37.02,41.01,40.02,39.02,40.01,41.02,42.02,42.01,79,80,82,176.01,83.01,84,85,90,91,92,93,67,69,70,72,73,74,77,78,115,117,118,119,120,121,125,131,132,133,135,137,170,171,173,174,175,178,179,183,184,188,217,218,219,220,9801,231,235,236,237,238,239,240,257,258,259,260,261,262,348.01,263.02,264,265,266,267,268,299,300,301,302,306,307,308,309,310,312,313,316,317,363.03,347.01,348.02,349,351,352,353.01,263.01,8.04,12.02,12.01,8.03,9809,27.02,30.02,30.01,28.02,9807,27.01,9806,337.01,337.02,315.02,314.01,314.02,167.01,167.02,279.01,279.02,81.01,71.02,88.02,87.02,87.01,81.02,86.02,375,9808,180.02,88.01,122.01,98.01,71.01,28.01,9805,8.01,11.01,274.02,86.01,365.02,367,376,386,385,387,388,389,9800,269,270,271,272,273,275,276,277,278,280,281,282,318,319,320,321,323,325,326,9891,329,330,332,9803,355,358,359,360,361,362.03,353.02,362.01,363.02,369,373,372,383,390,378,377
Asociacion Puertorriquenos en Marcha (APM)19140,7.6,7.7,8,4.2,4.1,3.9,3.6,3.7,3.7,3.1,3.3,3.4,3.5,3.7,4,3.3,3.2,2.8,1.9,1.5,1.8,0.6,1,1.2,1.6,2.2,1.5,1.5,2.6,3.6,6.7,6.1,5.7,5.4,5.6,5.8,6.3,6.9,6.6,6.4,6.3,6.1,5.9,6.6,7,9.7,12.7,11.3,11.8,10.6,10.1,10,9.9,8.1,7.7,7.3,7,6.9,6.6,6.4,6.1,6.1,5.8,5.7,6.5,7.2,7.4,7.6,2.7,3.2,2.9,2.5,2.4,2,2.1,2.4,2.5,3,7.2,3.7,3.4,4.2,4.2,5.1,5.6,5.1,5.8,5.9,6.1,6.6,7.9,3.1,2.7,2.7,2.3,2.8,3.5,3.2,3.5,3.7,4.1,4.6,4.8,5.1,5.6,1.5,1.1,1.2,1.1,0.6,0.6,1.2,2.1,2.3,2.5,2.7,3.8,6,5.5,4.9,5.5,4.8,4.5,5.1,5.1,5.8,6.8,9.2,8.2,10,9.2,9.2,11.5,13,5,8.5,7,10.8,8,8.4,1.5,5.1,5.2,5.3,5.6,5.4,6.2,4.7,7.2,7.3,5.6,5.4,5.4,2.8,3.2,1.8,1.8,1.7,3.8,3.4,1,1.1,1,1.3,6,6.6,5.3,2.7,2.6,9.1,3,1.9,2.1,10,9.6,10.2,9.2,4,3.7,11.4,9999,4.6,4.9,4.8,3.3,2.8,3,5.5,7.9,4.6,4.8,5.3,5,5.2,5.7,7.2,7.3,7.8,7.3,7.7,6.9,7.3,7.7,7,7.2,7.1,6.8,7.8,8.1,8.9,1.5,8.6,8.1,7.8,6,6.3,7,7.4,9.5,8.9,8.6,8.8,8.4,8.1,7.6,7.9,8.1,7,7,6.7,6.6,6,5,4,4.1,4.3,4.4,4.4,3.8,3.1,2.4,2,1.6,2.4,2.8,4,4.3,2.5,6.9,7.5,8.1,8.9,6.5,6.3,4.8,4.4,4.5,3.7,3.8,3.3,6.1,6,6,5.5,5.5,5.1,7.8,4.8,4.5,4.1,4.3,3.6,3.6,3.4,3.4,2.6,3.2,3.1,3.6,4.1,3.5,4.3,3.5,4.1,4.5,4,12.2,7.3,8.8,7.6,9.5,9.2,9.8,5.2,5.6,5.9,6.2,5.8,10.6,6.3,6.7,6.9,6.6,7.7,6.4,8.4,6.4,5.9,4.8,4.5,4.7,2.7,2.7,3.1,2.5,8.7,8.8,7,7.2,7.3,8.4,7.4,8,8.8,3.2,6.7,6.5,9,8.7,6.4,0.9,6.1,5.7,1.7,7.6,11.6,4,4.4,6.3,7,7.3,5.4,4.1,4.6,3.3,2.8,2.4,2.4,1.8,2.1,2.5,3.4,2.8,1.8,2,1.9,3.5,4.2,4.8,4.3,4.7,5.3,5.7,7.9,6.6,6.1,5.6,10.3,8.3,10.5,9.8,10,11,10.5,9.5,10.3,11.3,7,9.2,7.6,0.6,2.7,3.7,2.9
Chances-Phila Health Mgmt Corp (PHMC)*19107,4.3,4.5,4.9,1.8,1.5,1.2,1,1.6,2.1,1.8,1.6,1.2,1.5,1.7,2.2,2.1,1.9,2.2,5.6,5.3,4.5,4.4,3.9,3.5,3.1,3.8,3.8,4.4,4.5,4.7,2.4,1.7,1.4,1.9,2.1,1.5,1.9,2.6,2.3,2,1.7,1.7,2.3,2.1,2.6,5.2,8.5,7.1,7.6,6.4,6,5.8,5.7,5.2,4.9,4.3,4,3.6,3.3,2.9,3,2.5,2.1,3.1,3.9,4.6,4.8,5.2,2.4,2.4,3,3.1,2.6,3.1,2.7,2.2,2.2,2.5,2.7,3,2.8,4.7,5.2,5.5,6,6.1,6.8,6.6,6.5,7.1,8.8,5.8,5.4,4.8,5,5.5,6.3,6.4,6.6,6.8,6.8,7.5,8,8,8.4,4.9,5,5.4,5.5,4.9,5.2,5.9,6.7,6.8,6.1,5.9,6.9,10,9.4,9.3,9.8,9.4,9.2,9.7,9.7,10.4,11,13.5,12,5.8,5,5,14.8,17,1.7,11.9,10.8,14.2,3.5,5,3.8,1.6,1.3,0.9,1.3,4.6,5.5,1.7,11.4,11.5,1.3,1,0.9,3.1,3.2,6,3.3,3.8,8.2,7.8,3.9,3.8,5.3,5.7,9.5,10.1,8.7,7.3,7.2,6.3,3.5,3.9,4.2,14.5,13.8,14.5,13.4,2.7,2.3,15.6,9999,0.9,1.2,1.4,4.7,4.8,5.9,8.6,10.1,1.1,0.4,0.9,0.6,0.8,1.3,2.9,3,3.5,3,3.2,2.8,2.9,3.2,2.5,3.2,3.6,3.2,3.8,4.2,5.2,3.4,5.3,4.6,4.1,2.2,2.5,3.2,3.9,5.3,4.7,4.4,4.7,4.2,3.9,3.4,3.7,5.7,5.5,5,5,5.1,4.9,0.8,0.8,0.5,0.7,1.2,2.2,4.2,3.6,3,2.6,3.1,3.8,3.7,5.5,6.3,4.5,7.8,9,8.7,9.6,8,9,7,7.1,7.2,6.4,6.5,5.5,8.8,9.2,9.1,8.7,8.7,8.2,11.3,7.9,7.6,7.2,7.5,6.9,6.8,6.5,6.7,6.6,7,7.7,8.2,8.7,8.1,8.9,7.8,8.2,8.1,7.8,15.8,11.3,12.4,10.7,12.9,12.6,13.2,8.3,1.1,1.4,1.9,1.4,6.1,2.7,2.3,2.5,2.3,4.4,2.6,4.1,10.6,10.5,8.6,8.7,8.7,2.4,2.4,6.2,5.6,4.7,4.6,2.9,3.1,3.3,4.7,3.6,5.9,5.9,3.8,2.7,5.8,6.2,4.5,2.4,4.3,1.8,1.1,6.3,3.6,15.8,0.9,0.3,9,9.7,9.9,8.1,7.2,3.3,7.2,6.8,6.8,7,6.4,6.2,6.1,6.7,6,4.8,5.2,5.5,7.4,7.4,8.1,7.4,7.9,8.3,8.8,11,9.7,9.2,9.3,13.9,12.6,14.7,14,14.2,15.2,13.9,13.2,14,15,2.8,4.7,3.6,4.5,7.3,4.1,1.8
Comhar19134,8,8,8.3,4.4,4.1,3.7,3.2,2.6,2.5,2.4,2.7,3.1,3.4,3.7,4.3,3.5,3,2.2,1.5,1.3,0.7,2.9,2.7,2.3,2.4,3.3,3,3.6,4.2,4.7,6.5,5.8,5.1,4.6,4.8,5.3,6,6.8,6.4,6,5.6,5.4,5.1,5.9,6.5,8.9,12.2,11.2,11.3,10.4,9.8,9.9,9.8,8.4,8,7.6,7.4,7.2,7,6.7,6.5,6.3,5.8,6.1,6.9,7.6,7.8,8.2,1.8,1.9,1.4,1.1,1.8,1.6,2,2.4,2.6,3.4,6.5,4.2,3.8,5.2,5.3,6.1,6.6,6.2,7,7.2,7.1,7.6,9.2,5,4.7,4.5,4.3,4.7,5.5,5.5,5.8,6,6,6.7,7.1,7.3,7.7,3.9,3.6,3.8,3.5,3.1,2.8,3.1,3.6,3.1,2,1.8,2.8,5.8,5.3,5.2,5.8,5.8,6.1,6.5,6.5,7.2,6.9,9.3,7.9,9.9,9.1,9,10.7,12.9,3.9,7.8,6.7,10.1,7.3,8.8,1.4,4.2,4.5,5,5.4,6.1,6.9,4.7,7.2,7.4,4.9,4.7,5,3.5,3.8,4.1,2.7,3.1,4.1,3.7,1.6,1.4,2.2,2.3,5.4,6,4.6,4.2,4.4,9.5,1.2,0.9,0.5,10.8,9.7,10.4,9.3,4.4,4,11.5,9999,4.4,4.7,4.8,1.3,0.8,2,4.5,9.8,3.8,4.2,5,4.5,4.7,5.4,6.9,7.1,7.5,6.8,6.9,6.2,6.6,7,6.2,6.5,6.2,5.8,7.8,8.3,9.3,1.5,8.9,8.4,7.9,5.9,6.2,6.9,7.6,9.4,8.8,8.5,8.7,8.3,8,7.5,7.8,8.7,7.7,7.7,7.4,7.3,6.7,4.9,3.4,3.7,4,4.2,4.7,4.8,3.9,3,2.4,2,0.5,0.6,2.5,3.2,0.4,8.1,9.3,9.3,10.2,8.1,8.2,6.7,6.3,6.4,5.6,5.7,5.1,8.1,8.4,8.3,7.8,7.7,7.4,7.2,7.1,6.8,6.4,6.6,5.9,5.9,2.4,2.5,2.5,2.9,4.8,5.1,5,4.2,4.8,3.7,4.1,4,3.7,11.7,7.1,8.3,6.6,8.7,8.5,9.1,7.5,5.3,5.5,6,5.6,9.8,5.4,6.2,6.3,5.8,6.6,5.6,7.7,6.5,6.6,4.5,4.6,4.5,3.1,2.9,5.5,4.9,8.8,8.6,6.9,7.1,7.1,8.7,7.3,8.7,9.1,0.9,6.6,7.2,9.4,8.6,5.7,3.3,5.9,5.2,4,7.5,11.7,3.2,3.9,8.3,8.9,9.2,7.3,6.4,4.9,5.6,5.1,4.7,4.6,4,4.3,4.8,5.7,5.1,4,4.4,4.4,3.3,3.3,4,3.3,3.7,4.2,4.6,6.9,5.6,5.1,5.2,9.8,8.4,10.6,9.9,10.1,11.1,9.8,9.1,9.9,10.9,6.8,8.4,6.7,1.9,4,1.2,2.5
Drexel Medicine Caring Together Clinic19144,6.4,6.5,6.7,3.2,3.1,3.4,4,4.7,5,4.1,3.7,3.7,3.2,2.8,2.9,2.3,2.8,3.6,4.4,3.9,3.6,2.3,2,1.9,1.8,0.9,1.5,1.5,0.4,0.9,5.9,5.5,5.6,6.1,6.4,5.8,5.7,6.2,5.8,5.9,6.1,6,6.6,6.4,6.2,9.5,11.7,10.3,10.8,9.6,9.1,9,8.9,6.7,6.3,6,5.8,5.7,5.4,5.2,4.9,4.9,4.6,4.5,5.3,5.8,5.7,5.8,3.9,4.5,4.3,3.9,3.4,3.4,3,2.8,2.7,1.9,6.8,2.1,2.1,1.7,1.6,2.8,3,2.4,3.2,3.4,3.7,4.1,5.4,1.5,1.1,0.4,0.9,1.5,2.2,2.3,2.7,2.9,2.7,3.3,3.8,3.9,4.3,2,2.3,2.6,2.9,2.7,3.1,3.6,4.4,4.7,5,5.1,6.1,8.3,7.8,7.2,7.8,7,6.8,7.3,7.4,8.1,9.1,11.6,10.6,9,8,8.1,13.8,15.4,6,10.8,9.4,13.1,7.2,7.2,3,5.9,5.6,4.7,4.8,3.6,4.4,3.6,9.6,9.6,5.5,5.3,5.2,1.5,1.7,3.2,1.5,1.3,6.1,5.7,2.8,2.8,3.6,3.8,8.4,9,7.6,4.9,4.8,7.4,4.5,3.5,3.6,11.6,11.9,12.6,11.5,2.6,2.6,13.7,9999,3.8,4,3.7,5.2,4.7,5.3,7.8,6.1,5.4,4.7,4.5,4.9,5.1,4.9,6.5,6.6,7,6.6,6.8,7.1,7.2,7.3,6.9,7.5,7.9,7.5,6.6,6.9,7.7,3,7.4,6.9,6.6,5,5.3,5.8,6.2,8.4,7.8,7.5,7.6,7.2,7,6.5,6.7,6.3,5.2,5.2,4.9,4.8,4.2,4.2,4.4,4,3.8,3.6,3.2,1.4,1.4,1.6,2.3,2.3,3.9,4.2,6.2,6.5,4.2,4.4,5.5,5.5,6.4,4.1,4.7,2.8,2.6,2.9,2.1,2,1,4.7,5.1,5.4,5.1,4.6,4.3,10.2,4.2,3.8,3.5,3.9,3.5,3.7,5.7,5.8,5.1,5.6,5.3,5.9,6.3,5.8,6.6,5.9,6.4,6.9,6.3,14.5,9.6,11.1,9.8,11.8,11.5,12.1,4.6,5,5.2,5.4,5,9.7,7,6.1,6.4,6.6,8.7,6.9,8.4,8.7,8.2,7.2,6.8,7,2.2,2.4,2.7,2.1,7.5,7.5,5.8,6,6.1,7.2,6.2,6.1,7.1,4.8,5.6,4.7,7.3,7.5,6.7,1.9,5.3,5.4,3.4,6.4,13.9,4.8,4.4,4.7,5.6,5.8,3.7,3.3,3,4,3.6,3.9,4.2,3.7,3,3,3,2.9,1.4,1.9,2.4,5.9,6.6,7.2,6.5,7,7.5,7.9,10.2,8.9,8.3,8,12.6,10.7,12.8,12.1,12.3,13.3,12.8,11.9,12.7,13.7,6,8.5,7.8,2.9,5,5.3,3.3
Interim House Inc - PHMC19139,8.2,7.8,8,5.6,5.7,5.8,6,6.7,6.9,6,5.7,5.7,5.5,5.3,5.3,4.9,5.1,5.5,5.8,5.4,5.5,3.7,3.7,3.9,3.8,3.4,3.2,2.7,2.6,2.2,8.2,8,8,8.2,8.4,8.1,8.2,8.6,8.4,8.4,8.5,8.4,8.6,8.8,8.7,11.9,13.9,12.5,13,11.8,11.3,11.2,11.1,7.8,7.6,7.8,7.5,7.7,7.4,7.5,7.1,7.1,6.8,6.7,7.2,7.5,7,6.9,5.9,6.5,6.3,5.9,5.4,5.4,4.9,4.7,4.8,4.4,9.3,4.6,4.6,3.1,2.5,2.5,2.3,1.8,2.1,2.5,2.8,3,4.2,1.1,1.6,2.2,2,2,1.2,1.8,1.7,2.2,0.9,1.1,1.6,1.6,2,3.2,3.5,3.5,3.9,3.8,4.2,4.6,5.4,5.8,6.3,6.7,7.5,9.5,9,8.4,8.9,7.9,6.9,7.9,7.7,8.5,10.2,11.5,11.8,11.1,10.3,10.4,14.9,16.1,7.9,12,10.5,14.3,9.8,8.5,5,7.9,7.8,7.3,7.3,5.7,5.8,6.1,10.5,10.6,7.9,7.7,7.6,4,4.2,4,3.7,3.1,7.2,6.9,4.6,4.7,4.9,4.9,9.5,10.1,8.8,5.8,5.7,8,6.4,5.4,5.6,10.6,11.6,12.1,11.1,4.9,5,12.8,9999,6.3,6.5,6.2,7.1,6.6,7,9.3,3.9,7.3,7.1,7.1,7.3,7.5,7.4,9,9,9.5,9.1,9.4,9.4,9.7,9.8,9.3,9.7,10,9.6,8.7,8.7,9.1,4.9,8.6,8.4,8.4,7.2,7.5,8.1,7.9,10.7,10.1,9.8,9.3,9.3,9.3,8.8,8.9,7.3,6,6.4,6.3,5.5,5.8,6.8,6.4,6.4,6.4,6.1,5.6,3.4,3.8,4.1,4.3,4.3,5.8,6.2,7.9,8.2,6.2,2.9,3.5,4.1,4.8,2.4,2.4,1,0.5,0.5,0.5,0.9,1.5,2.4,2.8,3.1,2.8,2.3,2,11.3,2.8,2.3,2.8,3.2,3,3.5,7.2,7,6.2,6.7,6.2,6.8,7.2,6.8,7.7,7,7.6,8.1,7.5,15.5,10.8,12.3,11.2,12.9,12.7,13.3,2.6,7.6,7.8,7.9,7.5,12.3,9.1,8.7,8.9,8.9,10.7,9,10.8,9.8,9.1,8.3,8,8.2,4.6,4.7,2.6,2.3,9.1,9.6,8.1,8.2,8.3,9,8.2,6.9,8,6.7,7.9,6.1,7.7,9.8,9,3.3,7.7,7.8,4.3,8.4,13.3,6.8,6.8,2.4,3.2,3.5,1.4,1.7,5.2,3.9,3.8,4.3,4.7,4.5,3.9,3.4,2.8,3,2.6,2.7,3.3,7,7.9,8.4,8,8.5,8.9,9.3,11.6,10.2,9.7,9.1,13.8,11.6,12.7,12.3,12.8,14,14,13,13.9,14.6,8.2,11,10.1,4.4,6.2,7.2,5.2
Merakey Behavioral Health19131,1.9,1.8,2.1,2.5,2.8,3.2,3.8,4.7,5.3,4.5,4.2,3.9,3.5,3.2,2.6,3.4,3.8,4.8,7.8,7.4,6.6,6.2,5.7,5.4,4.9,4.8,5.5,5.9,5.3,4.7,3.5,4.2,4.8,5.4,5.6,4.9,4.4,4.2,4.4,4.7,5.1,5.2,5.7,5.4,4.7,8.3,7.8,6.4,6.9,5.8,5.4,5.2,5.2,2.1,1.7,1.5,1.2,1.6,1.3,1.4,1.2,1.7,2.1,0.9,0.8,1.2,1.1,1.6,5.1,5.2,5.8,5.6,5.1,5.4,5,4.6,4.3,3.6,5.6,3.3,3.3,3.9,4.5,4.8,5,5.3,5.2,4.8,4.5,5,7,5.8,5.8,5.5,6,6.4,6.5,6.7,7.1,7.4,7,7.6,8.1,8.2,8.6,6.6,6.8,7.1,7.3,6.8,7.1,7.7,8.6,8.7,8.5,8.5,9.5,12.3,11.8,11.3,11.9,11.3,11,11.5,11.6,12.3,13.1,15.6,14.5,4.8,4,4.4,17.3,19.5,5.3,14.4,13.3,16.7,5.6,2.6,5.9,5.2,4.9,3.6,3.2,2.2,2.7,2.4,13.6,13.7,4.8,4.5,4.2,4,3.8,7.9,4.8,5.3,10.2,9.8,5.8,5.7,7.2,7.5,11.9,12.6,11.2,9.1,9,2.9,6.2,6.2,6.5,16.3,16,16.6,15.5,2.7,2.8,17.7,9999,3.2,2.8,2.5,7.5,7.6,8.7,11.2,8.2,4.8,4.2,3.5,4.2,4.3,3.6,4.5,3.7,4.7,5,5.2,6.3,6.2,6.1,5.9,6.6,7,6.6,2.5,2.4,3.1,5.5,2.7,2.3,2,2.4,2,2,1.6,4.7,4.1,3.8,3,2.9,3.3,2.7,2.8,2.1,1.7,1.1,1.1,1.9,1.7,3.1,4,3.6,3.5,2.9,2.2,4.2,4,4.2,4.6,5.1,6.3,6.5,8.6,9.3,7.1,6,7.1,6.5,7.3,6.8,8.4,6.4,6.8,7.3,6.4,6.3,5.3,9,9.4,9.7,9.4,8.9,8.6,13.8,8.9,8.4,8.2,8.6,8.2,8.5,9,9.2,8.9,9.4,9.5,10.1,10.5,10,10.7,9.9,10.5,10.6,10.3,18.3,13.6,14.8,13.2,15.3,15,15.7,9.1,4,4.1,3.6,3.6,6.4,6.2,5,5.3,5.7,7.8,6,7.1,12.8,12.4,11.1,10.8,11,3.9,4.1,7.3,7,2.9,3.3,2.3,2.2,2.2,2.6,2.1,2.2,2.5,6.6,2.4,3,2.8,3.6,5.8,6.1,3.3,4.5,8.1,2.3,18,4.5,4,7.9,8.9,9.8,7.5,7.7,3,8.8,8.4,8.7,8.9,8.3,7.8,7.7,7.7,7.6,6.3,6.8,7.2,9.8,10,10.6,9.9,10.4,10.9,11.3,13.6,12.3,11.7,11.8,16.4,14.7,16.9,16.2,16.3,17.3,16.3,15.6,16.4,17.5,3,7,7,6.4,9.2,7.2,4.3
Merakey Behavioral Health19144,7.3,7.3,7.5,4.7,4.7,4.7,4.8,5.5,5.8,4.9,4.5,4.5,4.3,4.3,4.3,3.9,4,4.4,4.7,4.3,4.3,2.5,2.5,2.7,2.6,2.3,2,1.5,1.6,1.2,7.2,6.9,6.9,7.1,7.2,7,7.1,7.6,7.4,7.3,7.4,7.2,7.5,7.6,7.7,10.7,12.9,11.5,12,10.8,10.3,10.2,10.1,7.5,7.1,6.9,6.6,6.8,6.5,6.5,6.1,6.1,5.8,5.7,6.2,6.6,6.5,7,4.7,5.3,5.1,4.7,4.2,4.2,3.8,3.5,3.6,3.4,8.2,3.6,3.7,2.1,1.6,2.9,3,2.4,3.1,3.3,3.6,4,5.3,0.3,0.5,1.2,0.9,0.7,0.6,0.8,1.2,1.5,1.1,1.8,2.3,2.4,2.8,1.9,2.2,2.2,2.6,2.6,3,3.2,4.1,4.5,5.1,5.5,6.3,8.2,7.7,7,7.6,6.7,6,7,6.8,7.7,8.9,11.3,10.5,10.2,9.3,9.4,13.6,15.1,6.8,10.7,9.2,13,8.8,8,3.8,6.7,6.6,6.1,6.3,4.8,5.7,5.1,9.3,9.4,6.8,6.5,6.4,3,3.2,2.8,2.5,2,5.9,5.6,3.5,3.6,3.7,3.7,8.2,8.8,7.5,4.6,4.5,8.3,5.3,4.3,4.4,10.5,11.4,11.9,10.9,3.9,4,13,9999,5.3,5.5,5.2,5.9,5.4,5.8,8.1,5.1,6.2,5.9,6.1,6.2,6.4,6.4,8,8,8.5,8.1,8.4,8.2,8.5,8.7,8.1,8.6,8.8,8.4,7.8,7.8,8.5,3.8,8.1,7.7,7.4,6.2,6.5,7.1,7,9.7,9.1,8.8,8.4,8.3,8.3,7.8,7.9,7.5,6.4,6.4,6.1,6,5.4,5.8,5.2,5.2,5.2,5.1,4.6,2.4,2.8,3,3.1,3.1,4.7,5,6.7,7,5,4.1,4.7,5.4,6.2,3.6,3.3,2.1,1.6,1.5,0.9,1.2,0.7,3.2,3.6,3.9,3.5,3,2.8,10,3.1,2.5,2.3,2.6,2.2,2.6,6,5.8,5.1,5.4,5,5.5,6,5.5,6.4,5.7,6.3,6.8,6.2,14.4,9.5,11,9.9,11.6,11.4,12,3.3,6.4,6.6,6.9,6.5,11.3,8,7.5,7.8,7.8,9.5,7.9,9.6,8.6,7.9,7,6.7,6.9,3.5,3.6,1.4,1.1,8.3,8.7,7.1,7.2,7.3,8.1,7.3,7.4,7.9,5.6,6.9,6,8.2,8.8,7.8,2.2,6.7,6.6,3,7.5,13.4,5.6,5.6,3.4,4,4.3,2.5,1.9,4.2,3,2.8,3.3,3.7,3.3,2.7,2.2,1.8,1.8,1.4,1.4,2,5.7,6.6,7.1,6.9,7.3,7.7,8.2,10.3,8.9,8.4,7.9,12.5,10.4,12.5,11.9,12.1,13,12.7,11.7,12.6,13.6,7.2,10,9,3.2,4.8,6,4.1
Merakey Behavioral Health19125,6.9,6.9,7.2,3.4,3.3,2.9,2.4,2,1.9,1.7,1.9,2.3,2.6,2.9,3.2,2.5,2.3,1.4,2.4,2.1,1.3,2.4,2.1,1.7,1.7,2.6,2.4,2.9,3.5,4,5.7,5.1,4.4,3.9,4.1,4.6,5.3,6.1,5.7,5.3,4.9,4.7,4.4,5.2,5.8,8.2,11.5,10.5,10.6,9.7,9.1,9.1,9.1,7.3,6.9,6.5,6.2,6.1,5.8,5.7,5.3,5.3,5,4.9,5.7,6.4,6.6,7.1,1.1,1.4,1.1,0.7,0.9,0.4,0.8,1.2,1.5,2.2,5.8,3,2.6,4.5,4.5,5.3,5.8,5.5,6.3,6.4,6.3,6.8,8.4,4.3,4,3.8,3.6,4,4.8,4.9,5.2,5.3,5.3,6,6.5,6.6,7,3.4,3.1,3.2,3,2.6,2.3,3,3.8,3.8,2.9,2.9,3.9,6.9,6.4,6.1,6.7,6.5,6.3,6.8,6.9,7.6,7.9,10.3,8.9,9.1,8.3,8.3,11.7,13.9,3.3,8.8,7.7,11.1,6.5,7.6,0.5,3.6,3.8,4.4,4.6,4.8,5.7,3.9,8.3,8.4,4.1,4,4.3,2.4,2.6,3.7,2,2.4,5,4.6,1,0.8,2.3,2.6,6.4,7,5.6,4.4,4.3,8.3,1.3,0.7,1,11.9,10.7,11.4,10.3,3.2,2.9,12.5,9999,3.6,3.9,4,2.6,2.1,3.1,5.6,9.1,3.1,3.6,4.4,3.8,4,4.8,6.2,6.4,6.7,6.1,6.2,5.4,5.9,6.3,5.5,5.8,5.5,5.2,7,7.3,8.2,0.5,7.8,7.3,7,5.1,5.4,6.1,6.6,8.6,8,7.7,8,7.5,7.2,6.7,7,7.6,6.4,6.4,6.2,6.1,5.5,4.1,2.6,2.9,3.3,3.5,3.6,4,2.9,2,1.3,1.1,0.9,1.1,3.7,4.4,1.6,7.4,8.6,8.5,9.4,7.4,7.5,6,5.6,5.7,4.9,5,4.4,7.4,7.7,7.6,7.2,7.2,6.7,8.2,6.5,6.1,5.7,6,5.4,5.3,3.5,3.6,3.4,3.9,4.8,5.4,5.7,5.1,5.7,4.6,5.1,5,4.7,12.7,8.2,9.3,7.7,9.8,9.5,10.1,6.8,4.6,4.9,5.3,4.9,9.1,4.8,5.5,5.6,5.1,6,4.9,7,7.5,7.5,5.5,5.6,5.6,1.9,1.7,4.8,4.2,7.9,7.9,6.1,6.3,6.4,7.6,6.6,7.4,8,1.7,5.8,6,8.2,7.8,5,2.7,5.2,4.5,3.6,6.8,12.7,2.5,3.2,7.6,8.2,8.5,6.6,5.7,3.8,5.1,4.7,4.3,4.3,3.6,3.9,4.4,5.2,4.5,3.3,3.7,3.9,4.3,4.4,5.1,4.4,4.8,5.3,5.7,8,6.7,6.2,6.2,10.8,9.5,11.6,10.9,11.1,12.2,10.8,10.1,10.9,11.9,6.1,7.7,6.1,1.6,4.2,2.4,1.7
Merakey Behavioral Health19154,17.8,17.8,18.1,14.4,14.1,13.7,13.2,12.7,12.3,12.4,12.8,13.1,13.5,13.8,14.1,13.5,13.1,12.2,9.1,9.5,10.1,11.2,11.4,11.5,11.9,12.5,11.9,11.7,12.7,13.7,16.5,15.9,15.2,14.7,14.8,15.3,16.1,16.9,16.4,16.1,15.7,15.5,15.1,16,16.6,19,22.3,21.2,21.4,20.5,19.9,19.9,19.9,18.2,17.8,17.4,17.1,17,16.7,16.6,16.2,16.2,15.9,15.8,16.7,17.3,17.6,18,11.9,12,11.4,11.2,11.7,11.3,11.8,12.1,12.4,13.1,16.6,13.9,13.5,14.5,14.4,15.5,15.8,15.2,15.9,16.1,16.4,16.8,18.1,13.2,12.8,12.9,12.5,12.6,13.2,12.6,12.7,12.4,13.5,13.8,13.4,13.9,14.1,11.2,10.9,10.7,10.4,10.7,10.2,9.8,9.5,8.9,8.5,8.3,7.3,5.1,5.7,6.4,6.1,7,8.3,6.9,7.5,8,5.7,6.1,3.3,20,19.2,19.1,0.7,3.2,13.9,2.6,4.1,0.4,17.3,18.5,11,14.3,14.5,15.1,15.4,15.7,16.6,14.7,5,5,15,14.7,15,13,13.4,10.7,12.1,12.1,7.5,7.7,10.8,10.9,9.9,9.7,5,4.4,5.6,8.9,9.3,19.2,11,10.6,10.2,6.7,4.6,5.2,4.7,14.2,13.8,6.4,9999,14.4,14.7,14.8,9.8,9.8,8.4,6.5,17.7,13.9,14.3,15.1,14.6,14.7,15.5,17,17.2,17.5,16.9,17,16.2,16.7,17,16.3,16.5,16.2,15.9,17.8,18.3,19.1,11.3,18.7,18.2,18,15.9,16.3,17,17.5,19.4,18.8,18.5,18.8,18.4,18,17.5,17.8,18.5,17.3,17.3,17,17,16.4,14.9,13.4,13.7,14.1,14.3,14.5,14.1,13.3,12.6,12.1,11.7,10.6,10.7,8.9,8.5,9.8,17,17.4,18.2,19,16.6,15.4,15,14.6,14.3,13.8,14,13.4,14.9,14,13.5,13.1,13.5,13.1,3.6,12.3,12.6,12,11.8,11.6,11.3,7.8,7.6,8.2,7.7,8.5,7.9,7.5,7.8,7.1,7.3,7,6.3,6.8,2,4.4,2.5,3.7,3.1,2.6,1.8,12.7,15.3,15.6,16.1,15.6,19.9,15.5,16.3,16.4,15.9,16.7,15.6,17.7,6.1,6.2,6,6.9,6.4,12.8,12.6,12.2,12,18.8,18.7,16.9,17.2,17.2,18.5,17.4,18.3,18.9,10.7,16.6,16.9,19.2,18.7,15.7,11.4,16,15.2,10.5,17.6,6.6,13.2,13.9,16,15.9,15.9,15,12.9,14.7,10.7,10.9,10.5,10.4,10.4,10.9,11.4,12,11.7,11.7,11.6,11.1,7.4,6.8,6.2,6.9,6.4,6,5.6,5.1,4.8,5.2,5.6,2.1,4.1,5.5,4.7,2.8,1.7,0.8,2,0.8,1.3,16.9,18.5,16.8,10.4,9.6,10.9,12.6
NET Centers19123,4.9,5.1,5.4,2.2,1.8,1.5,1,0.8,1.3,1,1.2,1.5,1.9,2,2.5,2.4,2.2,1.4,4.7,4.4,3.7,4,3.7,3.2,3.1,4,3.8,4.3,4.9,5.1,3.2,2.5,1.9,1.5,1.7,2,2.7,3.5,3.1,2.8,2.4,2.2,1.9,2.6,3.3,5.7,9,7.9,8.1,7.1,6.6,6.6,6.6,5.8,5.4,4.8,4.5,4.1,3.9,3.5,3.6,3.1,2.7,3.6,4.5,5.1,5.4,5.8,1.6,1.6,2.2,2.2,1.8,2.2,2,2.1,2.4,2.9,3.2,3.3,3.2,5,5.5,5.9,6.3,6.4,7.2,7,6.8,7.4,9.2,5.8,5.4,5.2,5,5.4,6.3,6.3,6.6,6.7,6.7,7.4,7.9,8,8.4,4.8,4.7,4.9,5,4.4,4.7,5.4,6.2,6.2,5.2,5.1,6.1,9.1,8.6,8.4,9,8.9,8.7,9.2,9.2,9.9,10.1,12.6,11.2,6.7,5.9,5.8,14,16.2,1.3,11.1,10,13.4,4,5.7,3,1.2,1.2,1.7,2.2,5,5.8,2.2,10.5,10.7,1.6,1.4,1.7,3.5,3.5,5.5,3.4,3.8,7.4,6.9,3.3,3.1,4.7,5.1,8.6,9.3,7.9,6.8,6.7,6.9,2.6,3.1,3.3,14,13,13.6,12.6,3,2.6,14.8,9999,1.4,1.7,2,3.9,4,5.1,7.8,10.4,0.6,1,1.8,1.2,1.4,2.2,3.7,3.9,4.2,3.6,3.7,2.9,3.3,3.7,3,3.2,3.3,2.9,4.6,5.1,6,2.6,6,5.3,4.8,2.7,3.1,3.8,4.5,6.1,5.5,5.2,5.5,5.1,4.7,4.2,4.5,6.3,6.1,5.5,5.5,5.7,5.5,1.6,0.5,0.8,1.1,1.6,2.6,4.6,3.9,3.3,2.7,2.7,3,2.9,4.7,5.4,3.7,8.1,9.3,9.1,9.9,8.3,8.9,7.4,7,7.1,6.4,6.4,5.8,8.8,9.2,9,8.6,8.6,8.1,10.5,7.9,7.6,7.2,7.4,6.8,6.7,5.7,5.8,5.7,6.2,7.2,7.7,8.2,7.5,8,6.9,7.3,7.3,7,15,10.4,11.5,9.8,12,11.7,12.4,8.2,2,2.3,2.7,2.3,6.6,2.4,3,3.1,2.6,4.1,2.4,4.4,9.8,9.8,7.8,7.9,7.8,2.8,2.7,6.2,5.6,5.5,5.4,3.7,3.9,4,5.5,4.2,6.5,6.5,3,3.4,6.1,6.8,5.4,2.4,4.2,2.6,1.9,5.8,4.4,15,0.1,0.6,9,9.6,9.9,8,7.1,3.6,6.9,6.5,6.3,6.5,5.9,5.7,6.1,6.6,6,4.7,5.1,5.4,6.6,6.6,7.2,6.6,7,7.5,7.9,10.2,8.9,8.4,8.5,13.1,11.7,13.9,13.2,13.4,14.4,13,12.3,13.2,14.2,3.6,5.2,3.6,4,6.7,3.3,1.8
NET Centers19137,10.5,10.5,10.8,7.1,6.8,6.3,5.8,5.2,4.7,5.1,5.4,5.7,6.1,6.4,6.9,6.2,5.7,4.9,1.9,2.3,2.8,4.1,4.2,4.2,4.6,5.2,4.7,4.9,6,6.7,9.2,8.4,7.8,7.2,7.3,7.9,8.6,9.4,8.9,8.6,8.2,8,7.6,8.5,9.1,11.5,14.8,13.7,13.9,13,12.4,12.6,12.5,10.9,10.5,10.1,9.9,9.7,9.5,9.3,9,8.9,8.4,8.6,9.4,10.1,10.3,10.7,4.5,4.4,3.8,3.8,4.5,4,4.5,4.9,5.1,5.8,9.1,6.6,6.2,7.4,7.4,8.3,8.8,8.3,9.1,9.3,9.3,10,11.3,6.5,6.1,6.2,5.7,6.1,6.8,6.2,6.3,6.4,7,7.4,7.5,7.8,8.3,4.6,4.3,4.3,4,3.8,3.4,3.3,3,2.4,1.6,1.1,0.4,3.7,3.4,3.5,4,4.4,4.7,5.1,5.1,5.9,5,7.5,5.6,12.6,11.8,11.7,8.3,10.5,6.4,5.4,4.4,7.7,9.8,11.3,3.8,6.9,7.1,7.7,8.1,8.5,9.3,7.3,5.1,5.6,7.5,7.2,7.6,5.8,6.1,4.3,4.9,4.9,2.5,2.3,3.5,3.7,3,2.9,3.1,3.7,2.3,3.6,3.9,12,3.5,3.3,2.9,9,7.9,8.5,7.4,6.9,6.6,9.6,9999,7,7.3,7.4,2.2,2.2,0.9,2,11.3,6.4,6.9,7.7,7.1,7.3,8,9.5,9.8,10,9.4,9.5,8.7,9.2,9.5,8.8,9,8.7,8.4,10.5,11,11.9,4,11.4,10.9,10.5,8.5,8.8,9.5,10.2,12,11.4,11.1,11.4,11,10.6,10.1,10.5,11.2,10.1,10.1,9.8,9.7,9.1,7.5,6.1,6.3,6.6,6.8,7.3,7,6.1,5.3,4.8,4.4,3.2,3.2,1.3,0.9,2.4,10.2,10.9,11.4,12.2,9.8,9.2,8.3,7.9,7.9,7.1,7.3,6.7,9,8.6,8.5,8.1,8,7.6,4.8,7.3,7.1,6.6,6.7,6.1,6,0.5,0.9,1.5,1.4,3.4,3.8,3.6,2.8,3.2,2,2.3,1.8,1.7,9.3,5,5.9,4.1,6.3,6.1,6.7,7.7,7.8,8.2,8.7,8.2,12.4,8,8.8,8.9,8.4,9.2,8.1,10.2,4.6,4.7,2.3,2.7,2.5,5.6,5.3,5.8,5.6,11.5,11.3,9.6,9.9,9.7,11.4,9.9,11,11.6,3.2,9.2,9.6,11.9,11.3,8.2,4.4,8.5,7.8,4.1,10.1,9.9,5.8,6.5,9.8,9.9,10.1,8.5,6.8,7.4,5.6,5.2,4.8,4.6,3.9,4.5,5,6,5.3,5.1,5.2,4.7,1.6,1.1,1.5,0.8,1.3,1.8,2.2,4.5,3.2,2.6,2.9,7.4,6.6,8.7,8.1,8.1,8.7,7.4,6.7,7.5,8.5,9.6,11,9.3,3.2,3.3,3.3,5.2
NET Centers19136,13.3,13.3,13.6,9.9,9.6,9.2,8.7,8.1,7.6,7.9,8.2,8.6,8.9,9.3,9.7,9,8.5,7.7,4.7,5.1,5.6,6.9,7.1,7,7.4,8,7.5,7.8,8.7,9.6,12.1,11.3,10.6,10.1,10.2,10.8,11.5,12.3,11.8,11.5,11.1,10.8,10.5,11.3,12,14.4,17.7,16.6,16.8,15.8,15.3,15.5,15.4,13.8,13.4,12.9,12.7,12.6,12.3,12.1,11.8,11.8,11.3,11.4,12.2,12.9,13.1,13.5,7.3,7.3,6.7,6.6,7.3,6.9,7.3,7.7,7.9,8.7,11.9,9.4,9.1,10.2,10.2,11.1,11.6,11.1,11.9,12.1,12.1,12.8,14.1,9.3,8.9,8.9,8.5,8.8,9.4,8.8,8.9,9,9.7,10,10,10.5,10.7,7.4,7.1,6.9,6.6,6.6,6.2,6,5.7,5.1,4.3,3.9,2.9,2.5,3,3.3,3.5,4.2,4.9,4.4,4.9,5.4,4.2,6.1,3.5,15.4,14.7,14.6,6,8.2,9.3,3.1,2.3,5.4,12.7,14.1,6.6,9.8,9.9,10.5,11,11.3,12.2,10.2,4,4.2,10.4,10.1,10.5,8.6,9,6.9,7.7,7.7,3.7,3.9,6.4,6.5,5.8,5.7,1.7,1.5,1.8,5.2,5.5,14.8,6.3,6.2,5.7,7.6,6.5,7.1,6,9.7,9.4,8.2,9999,9.9,10.2,10.3,5.1,5.1,3.8,1.3,14,9.3,9.7,10.6,10,10.1,10.9,12.4,12.7,12.9,12.3,12.4,11.6,12,12.4,11.7,11.9,11.6,11.3,13.3,13.9,14.6,6.8,14.3,13.8,13.4,11.4,11.7,12.4,13.1,14.9,14.3,14,14.3,13.9,13.5,13,13.3,14.1,12.9,12.9,12.6,12.5,11.9,10.4,8.9,9.2,9.5,9.7,10.1,9.8,8.9,8.1,7.7,7.3,6,6.1,4.2,3.8,5.2,13.1,13.7,14.2,15.1,12.6,11.8,11,10.6,10.6,9.9,10,9.5,11.5,10.5,10.1,9.7,10.1,9.7,2.5,8.9,9.2,8.6,8.4,8.2,7.8,3.2,3.6,4.2,3.9,4.8,4.4,4.1,4.1,3.6,3.5,3.2,2.5,3,7,3.2,3.6,1.8,4,3.8,4.4,9.3,10.7,11.1,11.6,11.1,15.3,10.8,11.6,11.7,11.3,12.1,11,13.1,3.9,4,2.2,3.1,2.7,8.4,8.2,8.4,8.2,14.3,14.2,12.4,12.6,12.7,14.1,12.8,13.9,14.4,6,12.1,12.5,14.7,14.2,11.1,7.2,11.4,10.7,6.7,13,8.5,8.7,9.4,12.4,12.5,12.4,11.2,9.4,10.2,7.3,7.5,7.1,7,6.6,7.1,7.6,8.6,8,7.9,7.8,7.3,3.6,2.8,2.1,2.3,1.8,1.4,1.1,1.6,0.9,1.1,1.9,5.1,5.2,7.4,6.7,6.7,6.4,5.1,4.4,5.2,6.2,12.4,13.8,12.2,6,5.9,6.2,8
NET Centers19124,9.8,9.8,10.1,6.4,6.1,5.7,5.2,4.7,4.6,4.4,4.8,5.1,5.5,5.8,6.2,5.5,5.1,4.2,1.1,1.5,2.1,3.2,3.5,3.5,3.9,4.5,3.9,4,4.9,5.9,8.5,7.9,7.2,6.7,6.8,7.3,8.1,8.9,8.4,8.1,7.7,7.5,7.1,7.9,8.6,11,14.3,13.2,13.4,12.4,11.9,11.9,11.9,10.2,9.8,9.4,9.1,9,8.7,8.6,8.2,8.2,7.9,7.8,8.7,9.3,9.6,10,3.9,4,3.5,3.2,3.8,3.3,3.8,4.2,4.4,5.1,8.5,5.9,5.5,6.8,6.6,7.6,8,7.4,8.1,8.2,8.5,8.9,10.2,5.4,5,5,4.6,5,5.7,5.3,5.4,5.5,6.1,6.5,6.5,6.9,7.4,3.5,3.2,3.3,3,2.7,2.3,2.4,2.1,1.5,0.5,0.5,1.1,3.8,3.3,3.1,3.7,3.8,4.1,4.5,4.5,5.2,4.8,7.3,5.9,11.9,11.2,11.1,8.7,10.8,5.9,5.7,4.6,8,9.3,10.6,3.1,6.3,6.5,7.1,7.4,7.8,8.6,6.7,5.2,5.4,7,6.7,7,5,5.4,3.4,4.1,4.1,2.1,1.6,2.8,3,1.9,1.8,3.3,3.9,2.6,2.7,3,11.3,3.2,2.6,2.2,8.8,7.7,8.3,7.2,6.2,5.9,9.4,9999,6.4,6.7,6.8,2.1,1.8,0.9,2.9,10.2,5.9,6.3,7.1,6.6,6.7,7.5,9,9.2,9.5,8.9,9,8.2,8.6,9,8.3,8.5,8.2,7.9,9.8,10.3,11.1,3.3,10.7,10.2,10,7.9,8.3,8.9,9.5,11.4,10.8,10.5,10.8,10.4,10,9.5,9.8,10.5,9.4,9.4,9.1,9,8.4,6.9,5.4,5.7,6.1,6.3,6.6,6.4,5.4,4.6,4.1,3.7,2.6,2.7,1.6,1.9,1.8,9.2,9.8,10.4,11.2,8.7,8.3,7.1,6.7,6.8,6,6.1,5.6,8.1,7.7,7.6,7.2,7.1,6.7,5.1,6.4,6.2,5.7,5.8,5.2,5.1,0.8,0.6,0.6,0.8,2.7,3.1,3,2.2,2.8,1.6,2,1.9,1.7,9.7,5.1,6.2,4.9,6.7,6.4,7,6.8,7.3,7.6,8.1,7.6,11.9,7.5,8.3,8.4,7.9,8.7,7.6,9.7,4.5,4.6,2.5,2.6,2.5,4.9,4.6,4.9,4.7,10.8,10.7,8.9,9.1,9.2,10.6,9.4,10.3,10.9,2.9,8.6,8.9,11.2,10.7,7.7,3.5,8,7.2,3.2,9.6,9.7,5.2,5.9,8.6,9,9.2,7.7,5.9,6.7,4.6,4.3,3.9,3.7,3,3.6,4.1,5.1,4.4,4,4.1,3.7,1.3,1.5,2,1.6,2.1,2.5,2.9,5.3,4,3.3,3.1,7.8,6.4,8.5,7.9,8,9.1,7.7,7,7.8,8.8,8.9,10.5,8.8,2.4,2.4,3.3,4.5
Pathways to Housing*19141,8,8.1,8.3,4.6,4.6,4.3,4.3,5,5.3,4.4,4,4,4,4.1,4.4,3.8,3.6,3.9,3.8,3.4,3.6,1.6,1.7,2.1,2.1,2.2,1.4,1,1.7,2.6,7.2,6.6,6.4,6.6,6.7,6.5,6.8,7.4,7.1,7,6.9,6.7,7,7.2,7.4,10.3,13.1,11.7,12.2,11,10.5,10.4,10.3,8.4,8.1,7.6,7.4,7.3,7,6.8,6.5,6.5,6.2,6.1,6.9,7.5,7.4,7.5,4.2,4.8,4.6,4.2,3.7,3.7,3.3,3.1,3.2,3.3,7.8,3.7,3.7,3.7,3.3,4.6,4.7,4.1,4.8,4.9,5.2,5.6,6.9,2,1.6,1.9,1.4,1.3,2.1,1.7,1.8,1.9,2.6,2.9,3,3.3,3.8,0.6,0.9,0.8,1.2,1.4,1.7,1.7,2.5,2.9,3.9,4.3,4.8,6.7,6.2,5.5,6,5,4.8,5.3,5.4,6.1,7.3,9.6,8.9,10.4,9.6,9.5,12,13.5,6.3,9.2,7.7,11.4,8.5,8.8,3.3,6.2,6.1,5.8,6.1,5.3,6.1,5,7.7,7.7,6.3,6,6,2.9,3.3,1.1,2.2,1.7,4.3,4,2.8,3,2.5,2.3,6.6,7.2,5.9,2.9,2.8,9.2,4.8,3.7,3.9,9.5,10,10.7,9.6,4.3,4.1,11.8,9999,5,5.4,5.1,5.1,4.6,4.8,6.6,6.8,5.7,5.4,5.8,5.7,5.9,6.1,7.7,7.8,8.3,7.8,8.1,7.7,8.1,8.3,7.7,8.1,8.3,7.9,8.2,8.5,9.3,3.3,9,8.5,8.2,6.4,6.7,7.4,7.8,9.9,9.3,8.9,9.2,8.8,8.5,8,8.3,8,6.9,6.9,6.6,6.5,5.9,5.5,4.7,4.7,4.8,4.8,4.8,3.4,3,2.7,2.6,2.6,4.3,4.6,5.6,5.9,4.3,5.8,6.4,7.1,7.9,5.3,4.7,3.8,3.3,3.2,2.6,2.9,2.3,4.6,4.2,4.1,3.7,3.6,3.2,8.5,3,2.7,2.2,2.4,1.7,1.7,4.6,4.2,3.5,3.8,3.3,3.9,4.3,3.9,4.8,4.2,4.7,5.2,4.6,12.8,7.9,9.5,8.3,10.1,9.8,10.4,3.3,6.1,6.3,6.7,6.2,10.9,7.5,7.2,7.5,7.3,9,7.4,9.1,6.9,6.3,5.5,5.1,5.3,3.2,3.1,1.3,1.1,9.1,9.1,7.4,7.6,7.7,8.8,7.8,7.9,8.8,5.1,7.1,6.4,9,9.1,7.3,1.2,6.6,6.2,1.4,8,12,5.1,5.1,5.1,5.4,5.7,4.1,2.3,4.7,2,1.6,1.8,2.2,1.7,1,0.9,1.6,0.9,0.7,0.3,0.4,4.1,5,5.5,5.4,5.9,6.2,6.5,8.7,7.3,6.8,6.3,10.9,8.8,10.9,10.2,10.4,11.4,11.1,10.2,11,12,7.3,9.7,8.5,2.4,3.3,5.5,3.6
Pathways to Recovery (PHMC)19134,8,8,8.3,4.4,4.1,3.7,3.2,2.6,2.3,2.4,2.7,3.1,3.5,3.8,4.4,3.7,3.2,2.3,1.7,1.6,1,3.2,3,2.6,2.7,3.6,3.3,3.9,4.5,4.9,6.5,5.9,5.1,4.6,4.8,5.3,6.1,6.8,6.4,6.1,5.6,5.4,5.1,5.9,6.6,9,12.2,11.2,11.3,10.4,9.8,9.9,9.8,8.4,8,7.6,7.4,7.3,7,6.7,6.5,6.3,5.8,6.1,6.9,7.6,7.8,8.2,1.9,1.8,1.2,1.4,2,1.9,2.4,2.7,2.9,3.7,6.5,4.5,4.1,5.5,5.6,6.4,6.9,6.5,7.3,7.5,7.3,7.9,9.5,5.3,4.9,4.8,4.6,5,5.8,5.8,6.1,6.3,6.3,7,7.4,7.6,8,4.2,3.9,4.1,3.8,3.4,3.1,3.4,3.8,3.3,2.2,2.1,3,6.1,5.6,5.4,6,6.1,6.3,6.7,6.8,7.5,7.1,9.6,8.2,9.9,9.1,9.1,10.9,13.1,3.9,8,7,10.3,7.3,8.8,1.7,4.3,4.5,5,5.4,6.4,7.2,4.7,7.5,7.7,4.9,4.7,5,3.8,4.1,4.4,3,3.4,4.4,4,1.9,1.7,2.5,2.6,5.6,6.3,4.9,4.5,4.7,9.5,0.9,1.2,0.8,11.1,10,10.6,9.5,4.7,4.3,11.7,9999,4.4,4.7,4.8,1,0.7,2,4.6,10.1,3.8,4.2,5,4.5,4.7,5.4,7,7.2,7.5,6.8,7,6.2,6.6,7,6.2,6.5,6.2,5.9,7.8,8.3,9.3,1.8,8.9,8.4,7.9,5.9,6.2,6.9,7.6,9.4,8.8,8.5,8.7,8.3,8,7.5,7.8,8.7,8,8,7.7,7.6,7,4.9,3.4,3.7,4,4.2,4.7,5.1,4.2,3.3,2.7,2.3,0.8,0.5,2.2,2.9,0.7,8.4,9.6,9.6,10.5,8.4,8.5,7,6.6,6.7,5.9,6,5.4,8.3,8.7,8.6,8.1,8,7.7,7.4,7.4,7.1,6.7,6.9,6.2,6.2,2.7,2.8,2.7,3.1,5,5.4,5.3,4.5,5.1,3.9,4.3,4.2,4,11.9,7.4,8.5,6.7,8.9,8.7,9.3,7.7,5.3,5.6,6,5.6,9.8,5.4,6.2,6.3,5.8,6.6,5.6,7.7,6.8,6.9,4.8,4.9,4.8,3.4,3.2,5.7,5.1,8.8,8.6,6.9,7.1,7.1,8.7,7.3,8.9,9.1,0.6,6.6,7.5,9.4,8.6,5.7,3.6,5.9,5.2,4.3,7.5,12,3.2,3.9,8.6,9.2,9.5,7.6,6.7,5.2,5.9,5.4,5,4.9,4.2,4.6,5.1,6,5.4,4.3,4.7,4.7,3.6,3.6,4.1,3.4,3.9,4.4,4.8,7.1,5.8,5.2,5.4,10,8.7,10.9,10.2,10.3,11.3,10,9.3,10.1,11.1,6.8,8.4,6.8,2.2,4.2,0.9,2.6
Penn Medicine Presbyterian Medical Center*19104,1.9,2.3,2.5,2.3,2.5,2.8,3.2,4,4.5,4,3.8,3.4,3.1,2.9,2.6,3.2,3.5,4.4,7.7,7.4,6.6,6.2,5.7,5.4,4.9,4.8,5.5,5.9,5.6,5.4,1.7,2.4,3,3.6,3.8,3.1,2.5,2.3,2.6,2.9,3.3,3.4,3.9,3.6,2.9,6.3,6.4,5,5.5,4.2,3.8,3.6,3.6,3,2.7,2,1.8,1.4,1.1,0.8,0.9,0.7,0.9,1.2,1.7,2.3,2.6,3,4.6,4.7,5.3,5.3,4.8,5.3,4.9,4.4,4.2,3.6,3.8,3.5,3.5,5,5.5,5.9,6.3,6.4,6.6,6.2,5.8,6.4,8.4,6.8,6.4,5.8,6.3,6.9,7.4,7.5,7.9,8.3,7.9,8.6,9.1,9.2,9.6,6.6,6.8,7.2,7.4,6.8,7.1,7.7,8.6,8.7,8.3,8.2,9.2,12.2,11.7,11.3,11.9,11.3,11,11.5,11.6,12.3,13.1,15.6,14.3,3.6,2.8,2.8,17.1,19.3,3.6,14.2,13.1,16.5,3.7,2.5,5.9,3.4,3.2,1.8,1.5,3.5,4,1.9,13.6,13.7,3,2.8,2.5,4,4,7.9,4.9,5.3,10.2,9.8,5.8,5.7,7.2,7.6,11.7,12.4,11,9.1,9.1,4.1,5.7,6.1,6.3,16.4,16,16.6,15.5,2.9,2.9,17.7,9999,2.1,1.7,1.7,7,7.1,8.2,10.9,9.6,3.1,2.7,1.9,2.4,2.6,1.8,2.6,1.8,2.8,3.2,3.3,4.5,4.4,4.2,4.1,4.8,5.2,4.8,1.5,1.9,2.9,5.5,2.8,2.1,1.6,0.6,0.2,0.6,1.5,3.1,2.5,2.2,2.4,2,1.7,1.2,1.5,3.5,3.5,2.9,2.9,3.3,3.1,1.9,3.2,2.8,2.5,2.2,2.4,4.5,4.2,4.2,4.6,5.1,6,6,7.9,8.7,6.8,7.3,8.5,7.9,8.7,8.2,9.8,7.4,7.8,8.2,7.4,7.1,6.2,10,10.3,10.7,10.3,9.8,9.6,13.6,9.4,9.3,8.7,9,8.5,8.5,8.8,8.9,8.7,9.3,9.6,10.1,10.5,10,10.7,9.9,10.4,10.4,10.1,18.1,13.5,14.6,12.9,15.1,14.8,15.5,10.1,2.2,2.3,1.8,1.9,4.8,4.4,3.2,3.4,3.8,6,4.2,5.2,12.8,12.4,10.9,10.9,10.9,3.9,4,7.7,7.1,2.5,2.3,0.5,0.7,0.8,2.4,1,3.7,3.7,6,0.5,4.3,4,2.3,4,6.2,1.6,2.7,8.2,1.2,18,3.3,2.8,9.2,10.3,11.1,8.9,8.7,3.1,8.8,8.4,8.7,8.9,8.3,7.8,7.7,8.2,7.7,6.3,6.8,7.2,9.7,9.7,10.3,9.6,10.1,10.6,11,13.3,12,11.4,11.5,16.2,14.7,16.9,16.2,16.3,17.5,16.1,15.4,16.2,17.2,1,5.1,5.2,6.4,9.2,6.5,4
Penn Medicine Mothers Matter Program*19103,2.7,3.1,3.3,2.5,2.7,3,3.4,4.1,4.6,4.2,4,3.6,3.3,3.1,2.8,3.4,3.7,4.6,7.9,7.6,6.8,6.4,5.9,5.6,5.1,5,5.8,6.1,5.8,5.6,0.7,1.4,2,2.6,2.8,2.2,1.6,1.4,1.6,2,2.4,2.4,3,2.6,2,5.5,6.1,4.7,5.2,4,3.5,3.4,3.3,3.9,3.5,2.9,2.6,2.2,1.9,1.6,1.7,1.3,1.1,2,2.5,3.1,3.4,3.8,4.8,4.9,5.5,5.6,5,5.5,5.1,4.6,4.4,3.8,2.8,3.7,3.7,5.2,5.7,6.1,6.5,6.6,7.3,7,6.6,7.2,9.2,7,6.6,6,6.5,7.1,7.6,7.7,8.1,8.5,8.1,8.8,9.3,9.4,9.8,6.8,7,7.4,7.6,7,7.3,7.9,8.8,8.9,8.5,8.4,9.4,12.4,11.9,11.5,12.1,11.5,11.2,11.7,11.8,12.5,13.3,15.8,14.5,3.4,2.6,2.6,17.3,19.5,3.1,14.4,13.3,16.7,2.9,2.6,6.1,2.8,2.5,1.6,1.2,4.3,4.8,2.1,13.8,13.9,2.2,2.1,1.8,4.2,4.1,8.1,5.1,5.5,10.4,10,6,5.9,7.4,7.8,11.9,12.6,11.2,9.3,9.3,4.9,6,6.3,6.5,16.6,16.2,16.8,15.8,3.1,3.1,17.9,9999,2.2,1.9,1.9,7.3,7.3,8.5,11.2,10.4,2.9,2.4,1.6,2.2,2,1.2,1.7,1.2,2.1,2.2,2.4,3.5,3.5,3.4,3.1,3.8,4.3,3.9,1.4,1.8,2.7,5.7,2.9,2.4,1.9,0.7,0.9,1.4,2.2,2.9,2.3,2,2.3,1.8,1.5,1,1.3,4.3,4.4,3.7,3.7,4.2,3.9,1.9,3.4,3,2.7,2.4,2.6,4.7,4.4,4.4,4.8,5.3,6.3,6.2,8.1,8.8,7,8.2,9.3,8.7,9.5,8.6,10,7.6,8,8.4,7.6,7.3,6.4,10.2,10.5,10.9,10.5,10,9.8,13.8,9.6,9.5,8.9,9.2,8.7,8.7,9,9.1,8.9,9.5,9.8,10.3,10.7,10.2,10.9,10.1,10.6,10.6,10.3,18.3,13.7,14.8,13.1,15.3,15,15.7,10.3,1.5,1.5,0.9,1.2,4.6,3.4,2.2,2.5,2.9,5.1,3.3,4.4,13,12.6,11.1,11.1,11.1,4.1,4.2,7.9,7.3,2.3,2.2,0.6,0.8,1,2.3,1.5,4.5,4.6,6.3,0.5,5.1,4.8,2.1,3.1,6.4,0.9,1.9,8.4,1.2,18.2,3.5,2.8,9.6,10.7,11.3,9.1,8.9,3.4,9,8.6,8.9,9.1,8.5,8,7.9,8.4,7.9,6.5,7,7.4,9.9,9.9,10.5,9.9,10.3,10.8,11.2,13.7,12.2,11.7,11.8,16.4,14.9,17.1,16.4,16.5,17.7,16.3,15.6,16.5,17.5,0.4,4.3,4.3,6.6,9.4,6.6,4.2
PHMC Care Clinic MAT Program*19107,4.3,4.5,4.9,1.8,1.5,1.2,1,1.6,2.1,1.8,1.6,1.2,1.5,1.7,2.2,2.1,1.9,2.2,5.6,5.3,4.5,4.4,3.9,3.5,3.1,3.8,3.8,4.4,4.5,4.7,2.4,1.7,1.4,1.9,2.1,1.5,1.9,2.6,2.3,2,1.7,1.7,2.3,2.1,2.6,5.2,8.5,7.1,7.6,6.4,6,5.8,5.7,5.2,4.9,4.3,4,3.6,3.3,2.9,3,2.5,2.1,3.1,3.9,4.6,4.8,5.2,2.4,2.4,3,3.1,2.6,3.1,2.7,2.2,2.2,2.5,2.7,3,2.8,4.7,5.2,5.5,6,6.1,6.8,6.6,6.5,7.1,8.8,5.8,5.4,4.8,5,5.5,6.3,6.4,6.6,6.8,6.8,7.5,8,8,8.4,4.9,5,5.4,5.5,4.9,5.2,5.9,6.7,6.8,6.1,5.9,6.9,10,9.4,9.3,9.8,9.4,9.2,9.7,9.7,10.4,11,13.5,12,5.8,5,5,14.8,17,1.7,11.9,10.8,14.2,3.5,5,3.8,1.6,1.3,0.9,1.3,4.6,5.5,1.7,11.4,11.5,1.3,1,0.9,3.1,3.2,6,3.3,3.8,8.2,7.8,3.9,3.8,5.3,5.7,9.5,10.1,8.7,7.3,7.2,6.3,3.5,3.9,4.2,14.5,13.8,14.5,13.4,2.7,2.3,15.6,9999,0.9,1.2,1.4,4.7,4.8,5.9,8.6,10.1,1.1,0.4,0.9,0.6,0.8,1.3,2.9,3,3.5,3,3.2,2.8,2.9,3.2,2.5,3.2,3.6,3.2,3.8,4.2,5.2,3.4,5.3,4.6,4.1,2.2,2.5,3.2,3.9,5.3,4.7,4.4,4.7,4.2,3.9,3.4,3.7,5.7,5.5,5,5,5.1,4.9,0.8,0.8,0.5,0.7,1.2,2.2,4.2,3.6,3,2.6,3.1,3.8,3.7,5.5,6.3,4.5,7.8,9,8.7,9.6,8,9,7,7.1,7.2,6.4,6.5,5.5,8.8,9.2,9.1,8.7,8.7,8.2,11.3,7.9,7.6,7.2,7.5,6.9,6.8,6.5,6.7,6.6,7,7.7,8.2,8.7,8.1,8.9,7.8,8.2,8.1,7.8,15.8,11.3,12.4,10.7,12.9,12.6,13.2,8.3,1.1,1.4,1.9,1.4,6.1,2.7,2.3,2.5,2.3,4.4,2.6,4.1,10.6,10.5,8.6,8.7,8.7,2.4,2.4,6.2,5.6,4.7,4.6,2.9,3.1,3.3,4.7,3.6,5.9,5.9,3.8,2.7,5.8,6.2,4.5,2.4,4.3,1.8,1.1,6.3,3.6,15.8,0.9,0.3,9,9.7,9.9,8.1,7.2,3.3,7.2,6.8,6.8,7,6.4,6.2,6.1,6.7,6,4.8,5.2,5.5,7.4,7.4,8.1,7.4,7.9,8.3,8.8,11,9.7,9.2,9.3,13.9,12.6,14.7,14,14.2,15.2,13.9,13.2,14,15,2.8,4.7,3.6,4.5,7.3,4.1,1.8
Prevention Point*19134,7.5,7.5,7.8,4,3.7,3.3,2.8,2.4,2.3,2.1,2.3,2.7,3,3.4,3.9,3.1,2.7,1.8,1.7,1.5,0.7,2.6,2.4,2,2,2.9,2.7,3.2,3.8,4.3,6.1,5.5,4.8,4.3,4.5,5,5.7,6.5,6.1,5.7,5.3,5.1,4.8,5.6,6.2,8.6,11.9,10.9,11,10.1,9.5,9.5,9.5,7.9,7.5,7.1,6.8,6.7,6.4,6.3,5.9,5.9,5.5,5.5,6.4,7,7.3,7.7,1.5,1.7,1.2,0.9,1.3,0.9,1.4,1.7,2,2.8,6.2,3.6,3.2,4.8,4.9,5.6,6.1,5.8,6.6,6.7,6.6,7.1,8.7,4.7,4.3,4.1,3.9,4.3,5.1,5.2,5.5,5.6,5.6,6.3,6.8,6.9,7.3,3.6,3.3,3.5,3.2,2.8,2.5,3.1,3.5,3.4,2.3,2.3,3.3,6.2,5.7,5.4,6,6.1,6.2,6.7,6.7,7.5,7.2,9.7,8.3,9.5,8.8,8.7,11.1,13.3,3.6,8.2,7.1,10.5,7,8.2,0.8,4,4.2,4.8,5,5.5,6.3,4.3,7.6,7.8,4.6,4.4,4.7,2.9,3.2,3.9,2.3,2.7,4.4,3.9,1.3,1.1,2.2,2.3,5.7,6.4,5,4.1,4.3,8.9,1,0.4,0.3,11.2,10.1,10.7,9.7,3.9,3.5,11.9,9999,4,4.3,4.4,1.9,1.5,2.5,5,9.4,3.6,4,4.8,4.2,4.4,5.2,6.6,6.8,7.2,6.5,6.6,5.8,6.3,6.7,5.9,6.2,5.9,5.6,7.4,7.9,8.8,0.9,8.4,7.9,7.6,5.5,5.9,6.5,7.2,9,8.4,8.1,8.4,8,7.6,7.1,7.4,8.2,7.1,7,6.8,6.7,6.1,4.5,3,3.3,3.7,3.9,4.2,4.3,3.3,2.4,1.7,1.4,0.2,0.6,3.1,3.8,0.9,7.7,8.9,8.8,9.7,7.7,7.8,6.3,5.9,6,5.2,5.3,4.7,7.7,8,7.9,7.5,7.5,7,7.6,6.8,6.5,6,6.4,5.7,5.7,2.9,3,2.7,3.2,4.8,5.3,5.3,4.5,5.1,4,4.4,4.4,4.1,12.1,7.5,8.6,7,9.1,8.8,9.5,7.1,5,5.3,5.7,5.3,9.5,5.2,5.9,6,5.5,6.4,5.3,7.4,6.9,6.8,4.9,4.9,4.9,2.4,2.2,5.1,4.5,8.4,8.3,6.5,6.7,6.8,8.2,7,8,8.6,1.2,6.2,6.6,8.9,8.3,5.4,3,5.6,4.9,3.8,7.2,12.1,2.9,3.6,7.9,8.5,8.8,6.9,6,4.4,5.4,5,4.5,4.5,3.9,4.2,4.6,5.6,4.9,3.6,4.1,4.2,3.7,3.8,4.4,3.7,4.2,4.7,5.1,7.4,6.1,5.5,5.6,10.2,8.8,11,10.3,10.5,11.5,10.2,9.5,10.3,11.3,6.5,8.1,6.5,1.8,4,1.8,2.1
Project Home*19104,4.1,4.3,4.7,1.2,0.8,0.5,0.8,1.7,2.2,1.6,1.4,1,0.9,1,1.5,1.4,1.2,2,5.3,5.1,4.3,4,3.5,3.2,2.7,3.2,3.4,3.9,3.9,4.1,2.5,1.9,2,2.5,2.7,2.1,2.1,2.8,2.5,2.2,2.4,2.3,2.9,2.7,2.8,5.7,8.7,7.3,7.8,6.6,6.1,5.9,5.9,5,4.6,4,3.7,3.3,3.1,2.7,2.8,2.3,1.9,2.6,3.5,4.1,4.4,4.8,2.2,2.4,2.9,2.9,2.4,2.9,2.5,2,1.8,1.9,3.1,2.3,2.2,4,4.5,4.9,5.4,5.4,6.2,6,5.8,6.4,8.2,5.3,4.8,4.2,4.4,5,5.8,5.9,6.1,6.3,6.3,7,7.5,7.5,7.9,4.5,4.7,5,5.2,4.6,4.9,5.5,6.4,6.5,5.9,5.8,6.8,9.8,9.3,9,9.6,9.1,8.8,9.3,9.4,10.1,10.8,13.3,11.9,6,5.2,5.1,14.7,16.9,2.3,11.8,10.7,14.1,3.8,4.9,3.5,2.2,1.9,1.1,1.4,4,4.8,1.1,11.2,11.4,1.9,1.6,1.5,2.5,2.5,5.7,2.8,3.3,8,7.5,3.6,3.5,5,5.4,9.3,10,8.6,6.9,6.9,6,3.3,3.7,3.9,14.2,13.7,14.3,13.3,2,1.7,15.5,9999,0.4,0.8,0.9,4.6,4.7,5.8,8.5,9.4,1.7,1,1.1,1.2,1.4,1.5,3.1,3.2,3.7,3.2,3.5,3.4,3.6,3.6,3.2,3.8,4.2,3.8,3.9,4.3,5.3,3.2,5.2,4.5,4,1.9,2.3,3,3.7,5.4,4.8,4.5,4.8,4.4,4,3.5,3.8,5.3,5.1,4.5,4.5,4.7,4.5,0.9,0.7,0.3,0.1,0.5,1.6,3.6,2.9,2.3,2.4,2.9,3.7,3.6,5.6,6.4,4.4,7.2,8.3,8.1,8.9,7.3,8.5,6.4,6.3,6.7,5.9,5.7,4.8,8.3,8.7,8.6,8.2,8.2,7.7,11.2,7.5,7.1,6.7,7,6.4,6.4,6.4,6.5,6.3,6.9,7.4,7.9,8.3,7.8,8.5,7.6,8,8,7.7,15.7,11.1,12.2,10.5,12.7,12.4,13.1,7.8,1.3,1.6,2.1,1.6,6.3,3.4,2.5,2.7,2.9,5,3.2,4.7,10.5,10.2,8.5,8.6,8.5,1.8,1.7,5.7,5.1,4.8,4.7,2.9,3.2,3.2,4.8,3.4,5.5,5.7,3.6,2.6,5.1,6,4.7,3,4,2,1.7,6,3.6,15.7,1.2,0.8,8.4,9.2,9.5,7.5,6.7,2.6,6.7,6.3,6.5,6.7,6.1,5.7,5.6,6.2,5.6,4.3,4.7,5.1,7.3,7.3,7.9,7.2,7.7,8.2,8.6,10.9,9.6,9.1,9.2,13.8,12.4,14.6,13.9,14.1,15.1,13.7,13,13.8,14.9,2.9,5,4.2,4.2,7,4.2,1.6
Temple TWO Program*19140,6.3,6.3,6.6,2.9,2.8,2.5,2.5,3.2,3.5,2.6,2.2,2.2,2.2,2.3,2.7,2,1.8,2.1,3.1,2.5,2.1,1.2,0.7,0.4,0.3,0.7,0.6,1.1,1.7,2.2,5.3,4.8,4.6,4.8,4.9,4.7,5,5.6,5.3,5.1,5.1,4.9,5.2,5.4,5.6,8.5,11.4,10,10.5,9.3,8.8,8.6,8.6,6.7,6.3,5.9,5.6,5.5,5.2,5.1,4.7,4.7,4.4,4.3,5.2,5.8,6.1,6.2,2.4,3,2.8,2.4,1.9,1.9,1.4,1.2,1.4,1.6,6,2.4,2,2.9,2.9,3.8,4.2,3.8,4.6,4.7,4.7,5.4,6.7,2.5,2.1,1.9,1.8,2.2,3,3.1,3.3,3.5,3.5,4.2,4.7,4.8,5.2,1.7,1.9,2.3,2.4,1.8,2.1,2.7,3.6,3.8,3.7,3.7,4.7,7.5,7,6.4,7,6.3,6,6.6,6.6,7.3,8.3,10.7,9.7,8.7,7.9,7.8,12.5,14.7,4.5,9.6,8.5,11.9,6.7,7.1,1.5,4.4,4.3,4,4.2,4,4.9,3.3,8.7,8.8,4.4,4.2,4.2,1.5,1.8,2.9,0.4,0.6,5.3,4.9,1.2,1.3,2.3,2.7,7.2,7.8,6.4,4.2,4.1,7.8,3,1.9,2.1,11.4,11.1,11.7,10.7,2.7,2.3,12.9,9999,3.2,3.5,3.4,3.6,3.2,3.9,6.4,7.3,3.9,3.6,4,3.9,4.1,4.3,5.9,6,6.5,6,6.3,5.9,6.3,6.5,5.9,6.3,6.5,6.1,6.5,6.8,7.6,1.5,7.2,6.7,6.4,4.6,5,5.7,6,8.1,7.5,7.2,7.4,7.1,6.7,6.2,6.5,6.8,5.6,5.6,5.4,5.3,4.7,3.7,2.9,2.9,3,3,3.1,2.4,1.7,1,0.8,0.8,2.4,2.7,4.7,5.1,2.6,5.7,6.9,6.9,7.7,5.7,5.7,4.2,3.8,3.9,3.1,3.2,2.6,5.5,5.9,5.8,5.4,5.4,4.9,9,4.7,4.3,3.9,4.2,3.6,3.6,4.3,4.4,4,4.5,4.6,5.1,5.6,5,5.8,5,5.6,5.8,5.4,13.5,8.8,10.1,8.4,10.5,10.3,10.9,5,4.3,4.5,4.9,4.4,9.1,5.7,5.4,5.7,5.5,7.2,5.6,7.3,7.9,7.4,6.3,6,6.2,1.4,1.3,3,2.4,7.4,7.4,5.6,5.8,5.9,7.1,6,6.6,7.4,3.3,5.3,5.2,7.7,7.4,5.5,1.1,4.7,4.4,3.2,6.2,13.1,3.3,3.3,5.8,6.4,6.7,4.8,3.9,3.2,3.9,3.5,3.7,3.9,3.3,2.9,2.8,3.4,2.7,1.5,1.9,2.3,4.9,5.2,5.8,5.2,5.6,6.1,6.5,8.8,7.5,7,7,11.6,9.8,12,11.3,11.5,12.5,11.6,10.9,11.7,12.7,5.6,7.9,6.7,1.5,4.2,3.7,1.7
Wedge Medical Center*19140,6.4,6.4,6.7,2.9,2.8,2.6,2.7,3.4,3.6,2.7,2.4,2.3,2.2,2.4,2.7,2,1.9,2.2,3.2,2.6,2.3,1.3,0.7,0.6,0.5,0.6,0.4,0.9,1.5,2.2,5.4,4.8,4.7,4.9,5.1,4.8,5,5.7,5.3,5.2,5.2,5.1,5.3,5.5,5.7,8.5,11.4,10,10.5,9.3,8.9,8.7,8.6,6.8,6.4,6,5.7,5.6,5.3,5.2,4.8,4.8,4.5,4.4,5.2,5.9,6.1,6.2,2.6,3.2,3,2.6,2.1,2.1,1.6,1.4,1.4,1.7,6,2.5,2.1,2.8,2.8,3.8,4.2,3.7,4.5,4.7,4.7,5.4,6.7,2.3,1.9,1.8,1.6,2,2.8,2.9,3.1,3.3,3.3,4,4.5,4.6,5,1.4,1.7,2,2.2,1.8,2.2,2.7,3.6,3.7,3.8,3.8,4.8,7.5,7,6.4,7,6.3,6,6.5,6.6,7.3,8.2,10.7,9.7,8.7,7.9,7.9,12.6,14.5,4.6,9.7,8.5,12,6.7,7.1,1.7,4.6,4.5,4.1,4.3,4,4.8,3.4,8.7,8.8,4.6,4.4,4.2,1.5,1.9,2.8,0.5,0.4,5.3,4.9,1.4,1.5,2.4,2.8,7.2,7.9,6.5,4.1,4,7.8,3.1,2.1,2.3,11.2,11.1,11.7,10.7,2.7,2.4,12.9,9999,3.3,3.6,3.5,3.8,3.4,4,6.5,7.1,4,3.7,4,4,4.2,4.4,6,6.1,6.5,6,6.3,6.1,6.3,6.6,5.9,6.4,6.7,6.3,6.5,6.8,7.7,1.6,7.3,6.8,6.5,4.7,5,5.7,6.1,8.2,7.6,7.3,7.5,7.1,6.8,6.3,6.6,6.7,5.6,5.6,5.3,5.2,4.6,3.7,3.1,3.1,3,3.1,3.1,2.4,1.7,1.1,1,1,2.5,2.9,4.9,5.2,2.8,5.7,6.8,6.8,7.7,5.5,5.5,4,3.6,3.7,2.9,3,2.4,5.3,5.7,5.6,5.2,5.2,4.7,9.1,4.5,4.1,3.7,4,3.4,3.4,4.3,4.5,4.1,4.6,4.5,5.1,5.5,5,5.8,5,5.6,5.9,5.4,13.6,8.8,10.1,8.5,10.6,10.3,11,4.8,4.4,4.6,4.9,4.5,9.2,5.8,5.5,5.7,5.6,7.4,5.7,7.4,7.9,7.4,6.3,6,6.2,1.4,1.4,2.8,2.2,7.4,7.5,5.7,5.9,6,7.1,6.1,6.6,7.5,3.4,5.4,5.2,7.7,7.4,5.7,1,4.8,4.5,3,6.3,13.1,3.5,3.4,5.6,6.2,6.5,4.6,3.7,3.3,3.7,3.3,3.6,3.8,3.2,2.7,2.6,3.2,2.5,1.3,1.7,2.1,5,5.3,5.9,5.2,5.7,6.2,6.6,8.9,7.6,7,7.1,11.7,9.8,12,11.3,11.5,12.5,11.6,10.9,11.8,12.8,5.7,8,6.8,1.6,4.2,3.9,1.9
Wedge Medical Center*19148,5.4,5.9,6.1,4,3.8,3.5,3.4,3.7,4.1,3.9,3.8,3.7,3.8,4,4.4,4.4,4.2,4.3,7.6,7.4,6.6,6.8,6.3,5.9,5.6,6.2,6.2,6.7,6.9,7.1,2.2,1.5,1.4,1.6,1.5,1.2,1.3,1.6,1.3,0.9,0.8,1,1.4,0.5,0.9,2.7,6,5,5.1,4.2,3.6,3.8,4.2,6.6,6.2,5.6,5.4,5,4.7,4.4,4.5,4.1,3.8,4.8,5.3,6,6.2,6.6,4.5,4.6,5.1,5.1,4.7,5.2,4.8,4.7,4.6,4.9,0.3,5.3,5.1,7,7.5,7.9,8.3,8.4,9.1,9,8.8,9.4,11.2,8.2,7.8,7.2,7.4,7.8,8.6,8.7,9,9.1,9.1,9.8,10.3,10.4,10.8,7.3,7.5,7.7,7.9,7.3,7.6,8.2,9.1,9.1,8.1,8,9,12,11.5,11.3,11.9,11.8,11.5,12,12.1,12.8,13.1,15.5,14.1,4.5,4.3,3.9,16.9,19.1,2.5,14,12.9,16.3,1.1,5.3,5.9,2,1.8,2.2,2.6,7,7.7,3.7,13.4,13.6,1.6,1.8,1.7,5.5,5.5,8.4,5.6,6.2,10.3,9.8,6.2,6,7.6,8,11.5,12.2,10.8,9.6,9.6,7.7,5.5,6,6.2,16.9,15.9,16.5,15.5,5,4.6,17.7,9999,3,3.2,3.5,6.8,7,8,10.7,12.4,2.4,2.4,2.5,2.1,1.9,2.2,1.3,2.2,1.3,0.7,0.7,0.6,0.6,0.8,0.2,0.9,1.4,1,3.9,4.2,5.1,5.5,5.6,5.1,4.7,3.5,3.7,4.3,5,3.4,4,3.8,4.6,4,3.3,3.4,3.6,7.1,7.2,6.5,6.5,7,6.7,2.8,3.1,3,3,3.3,4.2,6.5,5.9,5.3,5.1,5.4,5.9,5.8,7.6,8.3,6.6,10.1,11.3,11.1,11.9,10.3,11.3,9.4,9.3,9.5,8.7,8.7,7.8,11.2,11.5,11.4,11,11,10.5,13.4,10.3,10,9.5,9.9,9.2,9.2,8.6,8.7,8.6,9.1,10.1,10.6,11,10.4,11,9.8,10.2,10.2,9.9,17.9,13.3,14.4,12.8,14.9,14.6,15.3,10.6,1.8,1.7,2.2,2.1,3.6,1.2,0.7,0.4,0.6,2.3,1,1.6,12.7,12.7,10.7,10.8,10.7,4.8,4.7,8.6,8,4.7,4.3,3.5,3.7,3.8,4.7,4.3,7.3,7.3,5.8,3.4,8,7.6,4.1,0.8,6.8,2.4,1.5,8.7,4,17.9,3,2.6,11.4,12,12.3,10.4,9.5,5.3,9.5,9.1,9.2,9.4,8.8,8.6,8.4,9,8.4,7.1,7.5,7.9,9.5,9.5,10.2,9.5,9.9,10.4,10.8,13.2,11.8,11.3,11.4,16,14.6,16.8,16.1,16.3,17.3,16,15.3,16.1,17.1,3.1,2.2,1.3,6.9,9.7,6.1,4.2
Wedge Medical Center*19124,9.4,9.4,9.7,6,5.7,5.3,4.8,4.2,4.1,4,4.3,4.7,5,5.3,5.8,5.1,4.6,3.8,0.7,1.1,1.7,2.9,3.1,3.1,3.5,4.1,3.5,3.8,4.8,5.6,8.1,7.4,6.7,6.2,6.4,6.9,7.7,8.4,8,7.6,7.2,7,6.7,7.5,8.2,10.6,13.8,12.8,12.9,12,11.4,11.5,11.4,9.8,9.4,9,8.7,8.6,8.3,8.2,7.8,7.9,7.4,7.4,8.3,8.9,9.2,9.6,3.4,3.5,3,2.7,3.3,2.9,3.4,3.8,4,4.7,8.1,5.5,5.1,6.3,6.3,7.2,7.6,7.2,8,8.2,8.1,8.9,10.2,5.4,5.1,5,4.7,5.1,5.9,5.5,5.6,5.7,6.4,6.7,6.8,7.1,7.6,3.7,3.4,3.4,3.2,2.9,2.5,2.7,2.4,1.7,0.4,0.3,1.4,4.2,3.7,3.6,4.2,4.2,4.5,4.9,5,5.7,5.3,7.7,6.3,11.5,10.7,10.6,9.1,11.3,5.5,6.2,5.1,8.5,8.9,10.2,2.7,5.8,6.1,6.6,7,7.4,8.2,6.3,5.6,5.8,6.5,6.3,6.6,4.6,5,3.6,3.7,3.7,2.5,2.1,2.4,2.6,2,2,3.7,4.4,3,2.9,3.2,10.9,2.8,2.2,1.8,9.2,8.1,8.7,7.7,5.8,5.4,9.9,9999,6,6.3,6.4,1.6,1.3,0.7,3.1,10.2,5.4,5.8,6.6,6.1,6.3,7,8.6,8.8,9.1,8.4,8.5,7.8,8.2,8.6,7.8,8.1,7.8,7.5,9.4,9.9,10.7,2.9,10.3,9.8,9.5,7.5,7.8,8.5,9.1,11,10.4,10.1,10.3,9.9,9.6,9.1,9.4,10.1,9,9,8.7,8.6,8,6.5,5,5.3,5.6,5.8,6.2,5.9,5,4.2,3.7,3.3,2.1,2.2,1.7,2,1.3,9.1,9.8,10.3,11.1,8.7,8.6,7.1,6.7,6.8,6,6.1,5.6,8.5,7.9,7.8,7.4,7.3,6.9,5.6,6.6,6.4,5.9,6,5.5,5.3,1,1,1,1.3,3.2,3.6,3.4,2.6,3.2,2.1,2.4,2.4,2.1,10.1,5.5,6.7,5.2,7.1,6.8,7.5,7,6.9,7.2,7.6,7.2,11.4,7,7.8,7.9,7.4,8.2,7.2,9.3,4.9,5,2.9,3,2.9,4.5,4.2,5.1,4.9,10.4,10.2,8.5,8.7,8.7,10.2,8.9,9.9,10.5,2.5,8.2,8.5,10.8,10.2,7.3,3.2,7.5,6.8,3.4,9.1,10.1,4.8,5.5,8.7,9.3,9.6,7.7,6.1,6.3,4.9,4.5,4.1,3.9,3.2,3.8,4.3,5.3,4.6,4.2,4.2,4,1.7,1.8,2.5,1.9,2.3,2.8,3.2,5.5,4.2,3.6,3.6,8.2,6.8,9,8.3,8.5,9.5,8.2,7.5,8.3,9.3,8.4,10,8.4,2,2.6,2.8,4.1
NET Centers19132,5.5,5.6,5.8,2.1,2,1.7,1.9,2.6,2.9,2,1.6,1.4,1.4,1.5,1.9,1.2,1,1.5,3.7,3.2,2.4,2,1.5,1.2,0.7,1.5,1.4,1.9,2.4,2.6,4.5,3.9,3.8,4.2,4.4,3.9,4.1,4.8,4.5,4.2,4.2,4.1,4.6,4.5,4.8,7.6,10.6,9.2,9.7,8.5,8,7.9,7.8,6,5.6,5.1,4.9,4.8,4.5,4.3,4,4,3.7,3.6,4.4,5.1,5.3,5.8,1.9,2.4,2.3,1.9,1.3,1.3,0.9,0.7,0.5,0.9,5.1,1.6,1.3,3.1,3.2,4,4.4,4.1,4.9,5.1,4.9,5.5,7.1,3.3,3,2.7,2.6,3,3.8,3.9,4.1,4.3,4.3,5,5.5,5.6,6,2.5,2.7,3.1,3.2,2.6,2.9,3.5,4.4,4.5,4.3,4.2,5.3,8.1,7.6,7.1,7.7,7.1,6.8,7.4,7.4,8.1,8.9,11.4,10.3,7.9,7.1,7,13.1,15.3,3.9,10.2,9.1,12.5,5.9,6.3,1.6,3.8,3.8,3.2,3.4,3.4,4.3,2.5,9.4,9.5,3.6,3.4,3.3,1.1,1.2,3.7,0.8,1.4,6,5.6,1.6,1.5,3,3.4,7.7,8.4,7,5,4.9,7,2.7,1.9,2.3,12.2,11.8,12.4,11.4,1.9,1.6,13.6,9999,2.4,2.8,2.7,3.9,3.5,4.5,7,8,3.3,2.8,3.2,3,3.2,3.6,5.1,5.2,5.7,5.2,5.5,5.2,5.4,5.6,5,5.6,5.9,5.5,5.7,6,6.8,1.2,6.5,6,5.7,3.9,4.2,4.9,5.3,7.4,6.8,6.5,6.7,6.3,6,5.5,5.8,6.3,5,5,4.8,4.7,4.1,2.9,2.4,2.1,2.1,2.3,2.3,2.7,1.6,0.6,0.4,0.9,2.2,2.5,5.1,5.8,2.9,6.1,7.2,7.2,8.1,6,6.5,5,4.6,4.7,3.9,4,3.4,6.4,6.7,6.6,6.2,6.2,5.7,9.6,5.5,5.1,4.7,5,4.4,4.4,4.8,5,4.7,5.2,5.4,5.9,6.4,5.8,6.5,5.7,6.3,6.3,6.1,14.1,9.4,10.6,9,11.1,10.8,11.4,5.8,3.4,3.7,4.1,3.6,8.5,5.1,4.5,4.8,4.7,6.7,5,6.5,8.6,8.2,6.9,6.7,6.9,0.6,0.4,3.8,3.2,6.6,6.6,4.9,5.1,5.1,6.3,5.3,6,6.7,3.1,4.6,4.6,6.9,6.6,4.8,2,4,3.5,4,5.5,13.8,2.8,2.5,6.6,7.2,7.5,5.6,4.7,2.4,4.7,4.3,4.5,4.7,4.1,3.7,3.6,4.2,3.6,2.3,2.7,3.1,5.6,5.8,6.4,5.7,6.2,6.6,7.1,9.4,8,7.5,7.5,12.2,10.5,12.7,12,12.2,13.2,12.1,11.4,12.2,13.2,4.9,7,6,2.2,5,3.8,1.1
NET Centers19139,0.4,0.8,1,3.9,4.2,4.5,5,5.7,6.2,5.8,5.5,5.1,4.8,4.6,4,4.8,5.2,6.1,9.2,8.8,8,7.6,7.1,6.8,6.3,6.2,6.9,7.3,6.8,6.3,3,3.7,4.3,4.9,5.1,4.5,3.9,3.5,3.9,4.3,4.7,4.7,5.3,4.8,4.1,7.4,5.9,4.5,5,4.1,3.7,3.4,3.3,1.7,1.3,0.7,0.9,1.1,1.4,1.6,1.9,2.2,2.5,2.2,1.7,1.1,1.5,2,6.3,6.4,7,7,6.5,6.8,6.4,6,5.7,5,4.9,4.7,4.7,5.5,6.1,6.3,6.3,6.9,6.5,6.2,5.8,6.4,8.4,7.4,7.3,7,7.5,8,8,8.2,8.6,9,8.5,9.2,9.7,9.8,9.8,8,8.2,8.6,8.8,8.2,8.5,9.1,10,10.1,9.9,9.9,10.9,13.7,13.2,12.7,13.3,12.7,12.4,12.9,13,13.7,14.5,17,15.9,2.9,2.1,2.5,18.7,20.9,4.9,15.8,14.7,18.1,4.7,0.8,7.3,4.8,4.5,3.4,3,3.7,4.2,3.6,15,15.1,4.4,4.2,3.9,5.4,5.2,9.3,6.2,6.7,11.6,11.2,7.2,7.1,8.6,8.9,13.3,14,12.6,10.5,10.4,2.8,7.4,7.6,7.9,17.8,17.4,18,16.9,4.1,4.2,19.1,9999,3.8,3.4,3.5,8.7,8.8,9.9,12.6,9.6,4.7,4.3,3.4,4,4,3.2,3.7,2.8,3.9,4.4,4.4,5.6,5.4,5.3,5.2,5.8,6.3,6,1.3,0.9,1.3,6.9,1,0.3,0.4,2.3,1.9,1.5,0.6,3,2.6,2,1.1,1.4,2,1.9,1.6,2.2,2.7,2.2,2.4,3.1,3.3,3.7,4.9,4.5,4.2,3.9,3.6,5.8,5.4,5.6,6,6.5,7.8,7.7,9.7,10.4,8.5,7.4,8.5,7.9,8.7,8.1,9.8,7.8,8.3,8.8,8,7.8,6.9,10.2,10.7,11,10.9,10.4,10.1,15.2,10.4,9.9,9.8,10.1,9.7,9.9,10.4,10.6,10.3,10.8,10.9,11.5,11.9,11.4,12.1,11.3,11.9,12,11.7,19.7,15,16.2,14.6,16.7,16.4,17.1,10.7,3.6,3.7,3.2,3.3,4.8,5.7,4.4,4.7,5.1,7.3,5.4,6.3,14.2,13.8,12.5,12.2,12.4,5.3,5.5,8.9,8.5,0.9,1.5,1.8,1.5,1.4,0.6,1,2.6,2.3,7.8,1.9,4.5,2.7,1.7,5.3,7.5,3,4.1,9.6,1.1,19.4,5.1,4.6,9.2,10.3,11.1,8.9,9.3,4.4,10.2,9.8,10.1,10.3,9.7,9.2,9.1,9.3,9.1,7.7,8.2,8.6,11.2,11.4,12,11.3,11.8,12.3,12.7,15,13.7,13.1,13.2,17.8,16.1,18.3,17.6,17.7,18.7,17.7,17,17.8,18.9,2.4,6.1,6.2,7.8,10.6,8.2,5.7
