rowRef,byOD-DESC,TractNum,TotalMIN,TotalMid,TotalMAX,IndoorsMin,IndoorsMax,OutdoorsMin,OutdoorsMax,NAMELSAD10,OBJECTID,INTPTLAT10,INTPTLON10,LOGRECNO,TRACTCE10,GEOID10,ALAND10,AWATER10,UAID,nearby_bupe_program_count,Region,Neighborhood,Miles to nearest,nearby_bupe_program_names,nearest bupe program,Miles to 2nd nearest,Miles to 3rd nearest,,,
1,,334,14,16.5,19,13,15,1,4,Census Tract 334,119,40.0535052,-75.052961,10645,33400,42101033400,1218434,0,489510,0,Northeast Philadelphia,Rhawnhurst,3,,NET Centers19136,3.3,3.4,,,
2,,333,17,23,29,16,25,1,4,Census Tract 333,118,40.0550147,-75.0440558,10644,33300,42101033300,1011566,0,489509,0,Northeast Philadelphia,Rhawnhurst,2.5,,NET Centers19136,3.7,3.8,,,
3,,315.01,17,23,29,16,25,1,4,Census Tract 315.01,167,40.0365919,-75.0481642,10628,31501,42101031501,587242,0,489255,0,Northeast Philadelphia,Mayfair,1.8,,NET Centers19136,2.3,2.6,,,
4,,325,27,31.5,36,26,32,1,4,Census Tract 325,362,40.0263918,-75.0452561,10637,32500,42101032500,839319,0,489707,0,Northeast Philadelphia,Tacony,1.4,,NET Centers19136,1.8,2.5,,,
5,,330,13,14,15,13,15,0,0,Census Tract 330,366,40.0335974,-75.0338492,10640,33000,42101033000,732860,0,489711,0,Northeast Philadelphia,Tacony,1.1,,NET Centers19136,2.6,3.3,,,
6,,326,13,14,15,13,15,0,0,Census Tract 326,363,40.0302773,-75.0396263,10638,32600,42101032600,809898,0,489708,0,Northeast Philadelphia,Tacony,1.1,,NET Centers19136,2.2,2.9,,,
7,,291,16,20.5,25,16,25,0,0,Census Tract 291,113,40.0361323,-75.1074594,10606,29100,42101029100,1327550,0,489504,0,Northeast Philadelphia,Lawncrest,2.1,,NET Centers19124; Asociacion Puertorriquenos en Marcha (APM)19140,2.1,2.4,,,
8,,42.02,13,14,15,13,15,0,0,Census Tract 42.02,206,39.916857,-75.1516284,10388,4202,42101004202,453343,0,489369,0,South Philadelphia,Whitman,1.4,,Wedge Medical Center*19148,3.3,3.6,,,
9,,33,14,16.5,19,13,15,1,4,Census Tract 33,197,39.9384405,-75.1958253,10376,3300,42101003300,1062354,72863,489360,0,South Philadelphia,Grays Ferry,1.2,,Penn Medicine Mothers Matter Program*19103,1.8,2.2,,,
10,,160,16,20.5,25,16,25,0,0,Census Tract 160,71,39.9793809,-75.1231903,10487,16000,42101016000,720839,0,489462,0,North Philadelphia,Olde Richmond,1.1,,Merakey Behavioral Health19125,1.2,1.2,,,
11,,329,14,16.5,19,13,15,1,4,Census Tract 329,365,40.037901,-75.0249713,10639,32900,42101032900,922922,21617,489710,1,Northeast Philadelphia,Holmesburg,0.9,"NET Centers19136,",,3.2,4,,,
12,,41.02,27,31.5,36,26,32,1,4,Census Tract 41.02,205,39.9179425,-75.1600629,10386,4102,42101004102,391854,0,489368,1,South Philadelphia,Lower Moyamensing,0.9,"Wedge Medical Center*19148,",,3.2,3.2,,,
13,,40.02,16,20.5,25,16,25,0,0,Census Tract 40.02,202,39.9188943,-75.167416,10384,4002,42101004002,344837,0,489365,1,South Philadelphia,Lower Moyamensing,0.6,"Wedge Medical Center*19148,",,2.9,2.9,,,
14,,41.01,16,20.5,25,16,25,0,0,Census Tract 41.01,201,39.9229611,-75.1589741,10385,4101,42101004101,374000,0,489364,1,South Philadelphia,Lower Moyamensing,0.6,"Wedge Medical Center*19148,",,2.8,2.8,,,
15,,39.01,17,23,29,16,25,1,4,Census Tract 39.01,79,39.9238262,-75.1732854,10381,3901,42101003901,420397,0,489470,1,South Philadelphia,Lower Moyamensing,0.3,"Wedge Medical Center*19148,",,2.7,2.7,,,
16,,37.01,16,20.5,25,16,25,0,0,Census Tract 37.01,199,39.9276728,-75.1806654,10378,3701,42101003701,355619,0,489362,1,South Philadelphia,West Passyunk,0.7,"Wedge Medical Center*19148,",,2.2,3,,,
17,,31,16,20.5,25,16,25,0,0,Census Tract 31,45,39.9323428,-75.1779572,10374,3100,42101003100,395908,0,489436,1,South Philadelphia,Point Breeze,0.9,"Wedge Medical Center*19148,",,2,2.6,,,
18,,379,13,14,15,13,15,0,0,Census Tract 379,185,39.9910899,-75.0927158,10696,37900,42101037900,1374524,0,489273,1,North Philadelphia,Port Richmond,1,"Pathways to Recovery (PHMC)19134,",,1.3,1.6,,,
19,,302,17,23,29,16,25,1,4,Census Tract 302,277,40.0259863,-75.0823128,10614,30200,42101030200,901710,0,489598,1,North Philadelphia,Frankford,0.8,"NET Centers19124,",,1.3,1.4,,,
20,,140,13,14,15,13,15,0,0,Census Tract 140,6,39.9735358,-75.1630966,10470,14000,42101014000,439802,0,489387,1,Central Philadelphia,Francisville/Yorktown,0.5,"Project Home*19104,",,1.2,1.2,,,
21,,190,14,16.5,19,13,15,1,4,Census Tract 190,19,40.0095015,-75.0986136,10517,19000,42101019000,778606,12639,489400,1,North Philadelphia,Feltonville,0.7,"Wedge Medical Center*19124,",,1.1,1.5,,,
22,,195.01,14,16.5,19,13,15,1,4,Census Tract 195.01,162,40.0004303,-75.1316227,10520,19501,42101019501,393883,0,489250,1,North Philadelphia,Fairhill,0.8,"Merakey Behavioral Health19125,",,1.1,1.1,,,
23,,177.02,59,72,85,33,53,26,32,Census Tract 177.02,172,39.9950621,-75.1231399,10509,17702,42101017702,489258,0,489260,3,North Philadelphia,Kensington,0.4,"Comhar19134,Merakey Behavioral Health19125,Prevention Point*19134,",,0.7,0.9,,,
24,,178,59,72,85,33,53,26,32,Census Tract 178,244,39.9913734,-75.1173063,10510,17800,42101017800,662905,0,489565,4,North Philadelphia,Kensington,0.2,"Comhar19134,Merakey Behavioral Health19125,Pathways to Recovery (PHMC)19134,Prevention Point*19134,",,0.5,0.8,,,
25,,188,46,57,68,33,53,13,15,Census Tract 188,248,39.9973659,-75.1058296,10516,18800,42101018800,663288,0,489569,3,North Philadelphia,Harrowgate/Kensington,0.4,"Comhar19134,Pathways to Recovery (PHMC)19134,Prevention Point*19134,",,0.7,0.9,,,
26,,177.01,42,49.5,57,26,32,16,25,Census Tract 177.01,173,39.996447,-75.1167526,10508,17701,42101017701,241053,0,489261,4,North Philadelphia,Kensington,0.3,"Comhar19134,Merakey Behavioral Health19125,Pathways to Recovery (PHMC)19134,Prevention Point*19134,",,0.5,0.8,,,
27,,176.01,42,49.5,57,16,25,26,32,Census Tract 176.01,211,39.993926,-75.1343448,10506,17601,42101017601,579127,0,489374,2,North Philadelphia,Fairhill,0.5,"Merakey Behavioral Health19125,Prevention Point*19134,",,0.9,1.2,,,
28,,176.02,32,41,50,16,25,16,25,Census Tract 176.02,141,39.9967182,-75.1305528,10507,17602,42101017602,400458,0,489229,2,North Philadelphia,Fairhill,0.5,"Merakey Behavioral Health19125,Prevention Point*19134,",,0.8,1.4,,,
29,,179,32,38,44,26,32,6,12,Census Tract 179,245,39.9870535,-75.113934,10511,17900,42101017900,714008,0,489566,3,North Philadelphia,Port Richmond,0.5,"Comhar19134,Pathways to Recovery (PHMC)19134,Prevention Point*19134,",,0.6,0.6,,,
30,,175,31,34,37,26,32,5,5,Census Tract 175,243,39.997915,-75.1429842,10505,17500,42101017500,719915,6252,489564,3,North Philadelphia,Fairhill,0.8,"Temple TWO Program*19140,Wedge Medical Center*19140,NET Centers19132,",,0.9,1,,,
31,,161,22,29.5,37,16,25,6,12,Census Tract 161,72,39.9844571,-75.127525,10488,16100,42101016100,707586,0,489463,2,North Philadelphia,West Kensington/Olde Richmond,0.7,"Merakey Behavioral Health19125,Prevention Point*19134,",,0.9,1.1,,,
32,,382,22,29.5,37,16,25,6,12,Census Tract 382,186,39.9963741,-75.0973643,10699,38200,42101038200,1828671,25840,489274,2,North Philadelphia,Harrowgate/Port Richmond,0.7,"Comhar19134,Pathways to Recovery (PHMC)19134,",,0.8,1.3,,,
33,,192,21,25.5,30,16,25,5,5,Census Tract 192,21,40.0006393,-75.1150648,10519,19200,42101019200,656913,0,489402,3,North Philadelphia,Harrowgate,0.7,"Comhar19134,Pathways to Recovery (PHMC)19134,Prevention Point*19134,",,0.7,1,,,
34,,294,17,23,29,16,25,1,4,Census Tract 294,116,40.0094789,-75.0854721,10609,29400,42101029400,647647,0,489507,2,North Philadelphia,Frankford,0.3,"NET Centers19124,Wedge Medical Center*19124,",,0.5,1.1,,,
35,,300,17,23,29,16,25,1,4,Census Tract 300,275,40.0186719,-75.078088,10612,30000,42101030000,910854,0,489596,3,North Philadelphia,Frankford,0.6,"NET Centers19137,NET Centers19124,Wedge Medical Center*19124,",,0.9,1,,,
36,,199,19,23,27,13,15,6,12,Census Tract 199,24,40.0048515,-75.1435463,10524,19900,42101019900,661884,0,489405,2,North Philadelphia,Franklinville/Fairhill,0.4,"Temple TWO Program*19140,Wedge Medical Center*19140,",,0.6,1.2,,,
37,,163,16,20.5,25,16,25,0,0,Census Tract 163,74,39.9885061,-75.1339156,10490,16300,42101016300,572226,0,489465,2,North Philadelphia,West Kensington,0.4,"Merakey Behavioral Health19125,Prevention Point*19134,",,0.9,1.3,,,
38,,180.02,16,20.5,25,16,25,0,0,Census Tract 180.02,325,39.9836344,-75.1067096,10513,18002,42101018002,439791,0,489646,2,North Philadelphia,Port Richmond,0.6,"Comhar19134,Pathways to Recovery (PHMC)19134,",,0.9,1.2,,,
39,,301,16,20.5,25,16,25,0,0,Census Tract 301,276,40.0204947,-75.0885046,10613,30100,42101030100,725113,0,489597,2,North Philadelphia,Frankford,0.6,"NET Centers19124,Wedge Medical Center*19124,",,1,1.5,,,
40,,202,14,16.5,19,13,15,1,4,Census Tract 202,26,40.0081282,-75.1621609,10528,20200,42101020200,756814,0,489407,3,North Philadelphia,Nicetown-Tioga,0.6,"Drexel Medicine Caring Together Clinic19144,Temple TWO Program*19140,Wedge Medical Center*19140,",,0.7,0.9,,,
41,,299,14,16.5,19,13,15,1,4,Census Tract 299,274,40.0131465,-75.0747146,10611,29900,42101029900,591451,0,489595,3,North Philadelphia,Frankford,0.5,"NET Centers19137,NET Centers19124,Wedge Medical Center*19124,",,0.8,1,,,
42,,5,13,14,15,13,15,0,0,Census Tract 5,193,39.9519534,-75.1581776,10340,500,42101000500,428783,0,489356,2,Central Philadelphia,Center City,0.6,"Chances-Phila Health Mgmt Corp (PHMC)*19107,PHMC Care Clinic MAT Program*19107,",,0.6,1.2,,,
43,,293,13,14,15,13,15,0,0,Census Tract 293,115,40.013754,-75.0917655,10608,29300,42101029300,685641,0,489506,2,North Philadelphia,Frankford,0.4,"NET Centers19124,Wedge Medical Center*19124,",,0.5,1.6,,,
Below rows [44 - end] not yet analyzed (tracts each had fewer than 13 total Indoor OD Fatalities for 2017-2019H1),,,,,,,,,,,,,,,,,,,,,,,,,,,,,,
44,,7,7,11.5,16,6,12,1,4,Census Tract 7,195,39.9510463,-75.1729143,10342,700,42101000700,246682,7087,489358,0,,,,,,,,,,
45,,63,7,11.5,16,6,12,1,4,Census Tract 63,53,39.9210843,-75.2399762,10396,6300,42101006300,555602,0,489444,0,,,,,,,,,,
46,,73,7,11.5,16,6,12,1,4,Census Tract 73,223,39.9448185,-75.2232916,10406,7300,42101007300,387201,0,489544,0,,,,,,,,,,
47,,169.02,7,11.5,16,6,12,1,4,Census Tract 169.02,80,39.9939857,-75.1831934,10498,16902,42101016902,563700,0,489471,0,,,,,,,,,,
48,,191,7,11.5,16,6,12,1,4,Census Tract 191,20,40.009551,-75.107182,10518,19100,42101019100,1439101,20770,489401,0,,,,,,,,,,
49,,213,7,11.5,16,6,12,1,4,Census Tract 213,88,40.0322339,-75.2181175,10539,21300,42101021300,538876,0,489479,0,,,,,,,,,,
50,,289.02,7,11.5,16,6,12,1,4,Census Tract 289.02,164,40.0216105,-75.1116877,10604,28902,42101028902,772294,6267,489252,0,,,,,,,,,,
51,,331.01,7,11.5,16,6,12,1,4,Census Tract 331.01,165,40.0403093,-75.0379505,10641,33101,42101033101,486954,0,489253,0,,,,,,,,,,
52,,353.01,7,11.5,16,6,12,1,4,Census Tract 353.01,293,40.0659313,-74.9934646,10667,35301,42101035301,1375222,36973,489614,0,,,,,,,,,,
53,,372,7,11.5,16,6,12,1,4,Census Tract 372,380,39.9129487,-75.1599379,10690,37200,42101037200,1028984,0,489725,0,,,,,,,,,,
54,,381,7,11.5,16,6,12,1,4,Census Tract 381,188,40.0189334,-75.0399564,10698,38100,42101038100,3335029,1629584,489276,0,,,,,,,,,,
55,,390,7,11.5,16,6,12,1,4,Census Tract 390,382,40.03573,-75.093884,10707,39000,42101039000,2032689,0,489727,0,,,,,,,,,,
56,,1,7,11.5,16,6,12,1,4,Census Tract 1,190,39.9523827,-75.1466628,10335,100,42101000100,704909,0,489353,1,,,,"NET Centers19123,",,,,,,
57,,28.02,7,11.5,16,6,12,1,4,Census Tract 28.02,303,39.9288001,-75.1614073,10370,2802,42101002802,362690,0,489624,1,,,,"Wedge Medical Center*19148,",,,,,,
58,,37.02,7,11.5,16,6,12,1,4,Census Tract 37.02,200,39.9245283,-75.1824354,10379,3702,42101003702,247413,0,489363,1,,,,"Wedge Medical Center*19148,",,,,,,
59,,85,7,11.5,16,6,12,1,4,Census Tract 85,214,39.9568821,-75.2265389,10418,8500,42101008500,621445,0,489377,1,,,,"NET Centers19139,",,,,,,
60,,95,7,11.5,16,6,12,1,4,Census Tract 95,2,39.9658709,-75.237914,10430,9500,42101009500,319070,0,489383,1,,,,"NET Centers19139,",,,,,,
61,,96,7,11.5,16,6,12,1,4,Census Tract 96,3,39.9655396,-75.2435075,10431,9600,42101009600,405273,0,489384,1,,,,"NET Centers19139,",,,,,,
62,,103,7,11.5,16,6,12,1,4,Census Tract 103,57,39.9678322,-75.2254383,10437,10300,42101010300,281357,0,489448,1,,,,"NET Centers19139,",,,,,,
63,,108,7,11.5,16,6,12,1,4,Census Tract 108,62,39.9660217,-75.198989,10442,10800,42101010800,585732,0,489453,1,,,,"Penn Medicine Presbyterian Medical Center*19104,",,,,,,
64,,167.02,7,11.5,16,6,12,1,4,Census Tract 167.02,313,39.9904175,-75.1578177,10495,16702,42101016702,355103,0,489634,1,,,,"NET Centers19132,",,,,,,
65,,168,7,11.5,16,6,12,1,4,Census Tract 168,78,39.991782,-75.167654,10496,16800,42101016800,581301,0,489469,1,,,,"NET Centers19132,",,,,,,
66,,197,7,11.5,16,6,12,1,4,Census Tract 197,22,40.0162799,-75.1379372,10522,19700,42101019700,450587,0,489403,1,,,,"Asociacion Puertorriquenos en Marcha (APM)19140,",,,,,,
67,,281,7,11.5,16,6,12,1,4,Census Tract 281,355,40.0304473,-75.1491299,10595,28100,42101028100,503541,0,489700,1,,,,"Pathways to Housing*19141,",,,,,,
68,,283,7,11.5,16,6,12,1,4,Census Tract 283,106,40.0260505,-75.1438525,10597,28300,42101028300,673067,0,489497,1,,,,"Pathways to Housing*19141,",,,,,,
69,,321,7,11.5,16,6,12,1,4,Census Tract 321,360,40.0170175,-75.0589752,10635,32100,42101032100,552928,0,489705,1,,,,"NET Centers19137,",,,,,,
70,,173,7,11.5,16,6,12,1,4,Census Tract 173,241,39.9985707,-75.1609337,10503,17300,42101017300,874586,0,489562,2,,,,"Temple TWO Program*19140,NET Centers19132,",,,,,,
71,,203,7,11.5,16,6,12,1,4,Census Tract 203,27,40.012582,-75.1495922,10529,20300,42101020300,508176,0,489408,2,,,,"Temple TWO Program*19140,Wedge Medical Center*19140,",,,,,,
72,,369,7,11.5,16,6,12,1,4,Census Tract 369,378,39.9494281,-75.1957548,10689,36900,42101036900,1859159,193283,489723,2,,,,"Penn Medicine Presbyterian Medical Center*19104,Penn Medicine Mothers Matter Program*19103,",,,,,,
73,,198,7,11.5,16,6,12,1,4,Census Tract 198,23,40.0107245,-75.1421472,10523,19800,42101019800,541006,0,489404,3,,,,"Asociacion Puertorriquenos en Marcha (APM)19140,Temple TWO Program*19140,Wedge Medical Center*19140,",,,,,,
74,,141,7,11.5,16,6,12,1,4,Census Tract 141,7,39.9708771,-75.1524555,10471,14100,42101014100,562132,0,489388,4,,,,"Chances-Phila Health Mgmt Corp (PHMC)*19107,NET Centers19123,PHMC Care Clinic MAT Program*19107,Project Home*19104,",,,,,,
75,,376,7,11.5,16,6,12,1,4,Census Tract 376,338,39.9599009,-75.1551651,10693,37600,42101037600,717304,0,489659,4,,,,"Chances-Phila Health Mgmt Corp (PHMC)*19107,NET Centers19123,PHMC Care Clinic MAT Program*19107,Project Home*19104,",,,,,,
76,,8.04,6,9,12,6,12,0,0,Census Tract 8.04,295,39.9485646,-75.1677563,10345,804,42101000804,145453,0,489616,0,,,,,,,,,,
77,,16,6,9,12,6,12,0,0,Census Tract 16,34,39.9402546,-75.1483127,10357,1600,42101001600,196392,0,489425,0,,,,,,,,,,
78,,27.02,6,9,12,6,12,0,0,Census Tract 27.02,300,39.9280114,-75.1495606,10368,2702,42101002702,367673,0,489621,0,,,,,,,,,,
79,,32,6,9,12,6,12,0,0,Census Tract 32,196,39.9333011,-75.1854187,10375,3200,42101003200,491790,0,489359,0,,,,,,,,,,
80,,38,6,9,12,6,12,0,0,Census Tract 38,139,39.9184658,-75.1831323,10380,3800,42101003800,1089154,0,489227,0,,,,,,,,,,
81,,62,6,9,12,6,12,0,0,Census Tract 62,52,39.9194134,-75.2335257,10395,6200,42101006200,509636,0,489443,0,,,,,,,,,,
82,,66,6,9,12,6,12,0,0,Census Tract 66,132,39.9293155,-75.2298425,10399,6600,42101006600,651244,0,489539,0,,,,,,,,,,
83,,70,6,9,12,6,12,0,0,Census Tract 70,221,39.935185,-75.221477,10402,7000,42101007000,469047,0,489542,0,,,,,,,,,,
84,,82,6,9,12,6,12,0,0,Census Tract 82,210,39.9491574,-75.2444494,10414,8200,42101008200,832334,11136,489373,0,,,,,,,,,,
85,,100,6,9,12,6,12,0,0,Census Tract 100,54,39.9710834,-75.2503759,10434,10000,42101010000,497695,0,489445,0,,,,,,,,,,
86,,101,6,9,12,6,12,0,0,Census Tract 101,55,39.9721396,-75.242529,10435,10100,42101010100,601437,0,489446,0,,,,,,,,,,
87,,104,6,9,12,6,12,0,0,Census Tract 104,58,39.9654995,-75.2191193,10438,10400,42101010400,472051,0,489449,0,,,,,,,,,,
88,,121,6,9,12,6,12,0,0,Census Tract 121,232,39.9964998,-75.2223795,10454,12100,42101012100,876796,5378,489553,0,,,,,,,,,,
89,,149,6,9,12,6,12,0,0,Census Tract 149,15,39.9816503,-75.1804029,10479,14900,42101014900,453221,0,489396,0,,,,,,,,,,
90,,151.02,6,9,12,6,12,0,0,Census Tract 151.02,179,39.986143,-75.179428,10481,15102,42101015102,556570,0,489267,0,,,,,,,,,,
91,,158,6,9,12,6,12,0,0,Census Tract 158,70,39.9735773,-75.1294327,10486,15800,42101015800,580218,0,489461,0,,,,,,,,,,
92,,172.02,6,9,12,6,12,0,0,Census Tract 172.02,155,39.998667,-75.1742061,10502,17202,42101017202,290610,0,489243,0,,,,,,,,,,
93,,183,6,9,12,6,12,0,0,Census Tract 183,246,39.9956035,-75.0746225,10514,18300,42101018300,1834680,185387,489567,0,,,,,,,,,,
94,,207,6,9,12,6,12,0,0,Census Tract 207,82,40.0126929,-75.1944867,10533,20700,42101020700,1428274,99543,489473,0,,,,,,,,,,
95,,211,6,9,12,6,12,0,0,Census Tract 211,86,40.0264564,-75.2065293,10537,21100,42101021100,540313,0,489477,0,,,,,,,,,,
96,,268,6,9,12,6,12,0,0,Census Tract 268,273,40.055527,-75.1399312,10580,26800,42101026800,774174,0,489594,0,,,,,,,,,,
97,,286,6,9,12,6,12,0,0,Census Tract 286,109,40.0285757,-75.1276448,10600,28600,42101028600,717845,0,489500,0,,,,,,,,,,
98,,290,6,9,12,6,12,0,0,Census Tract 290,112,40.0296096,-75.1166058,10605,29000,42101029000,818133,20001,489503,0,,,,,,,,,,
99,,306,6,9,12,6,12,0,0,Census Tract 306,278,40.0504922,-75.0943787,10617,30600,42101030600,1007799,0,489599,0,,,,,,,,,,
100,,323,6,9,12,6,12,0,0,Census Tract 323,361,40.0210898,-75.051527,10636,32300,42101032300,600043,0,489706,0,,,,,,,,,,
101,,331.02,6,9,12,6,12,0,0,Census Tract 331.02,166,40.045105,-75.0272869,10642,33102,42101033102,718272,0,489254,0,,,,,,,,,,
102,,336,6,9,12,6,12,0,0,Census Tract 336,121,40.0614785,-75.059235,10647,33600,42101033600,1153639,0,489512,0,,,,,,,,,,
103,,337.01,6,9,12,6,12,0,0,Census Tract 337.01,307,40.0672105,-75.0482983,10648,33701,42101033701,973653,0,489628,0,,,,,,,,,,
104,,337.02,6,9,12,6,12,0,0,Census Tract 337.02,308,40.0707532,-75.0578212,10649,33702,42101033702,1057798,0,489629,0,,,,,,,,,,
105,,338,6,9,12,6,12,0,0,Census Tract 338,122,40.0626481,-75.073644,10650,33800,42101033800,1400220,0,489513,0,,,,,,,,,,
106,,341,6,9,12,6,12,0,0,Census Tract 341,125,40.0763415,-75.0806938,10653,34100,42101034100,1333267,0,489516,0,,,,,,,,,,
107,,345.01,6,9,12,6,12,0,0,Census Tract 345.01,149,40.0749091,-75.0392089,10656,34501,42101034501,447469,0,489237,0,,,,,,,,,,
108,,347.01,6,9,12,6,12,0,0,Census Tract 347.01,288,40.0645576,-75.0329783,10659,34701,42101034701,1148190,57,489609,0,,,,,,,,,,
109,,348.01,6,9,12,6,12,0,0,Census Tract 348.01,267,40.0545325,-75.0163104,10661,34801,42101034801,1385963,5188,489588,0,,,,,,,,,,
110,,348.02,6,9,12,6,12,0,0,Census Tract 348.02,289,40.0687035,-75.00973,10662,34802,42101034802,1232182,8014,489610,0,,,,,,,,,,
111,,349,6,9,12,6,12,0,0,Census Tract 349,290,40.0453848,-75.0090768,10664,34900,42101034900,1944040,0,489611,0,,,,,,,,,,
112,,352,6,9,12,6,12,0,0,Census Tract 352,292,40.0559122,-74.9907443,10666,35200,42101035200,1838264,27863,489613,0,,,,,,,,,,
113,,353.02,6,9,12,6,12,0,0,Census Tract 353.02,375,40.0730774,-74.9968713,10668,35302,42101035302,1498641,17292,489720,0,,,,,,,,,,
114,,355,6,9,12,6,12,0,0,Census Tract 355,369,40.0911285,-75.0293244,10669,35500,42101035500,2290053,1067,489714,0,,,,,,,,,,
115,,363.02,6,9,12,6,12,0,0,Census Tract 363.02,377,40.0973153,-74.9805151,10682,36302,42101036302,502696,0,489722,0,,,,,,,,,,
116,,363.03,6,9,12,6,12,0,0,Census Tract 363.03,287,40.1051833,-74.970225,10683,36303,42101036303,2555861,0,489608,0,,,,,,,,,,
117,,365.01,6,9,12,6,12,0,0,Census Tract 365.01,180,40.1290877,-75.0120077,10685,36501,42101036501,1816093,7168,489268,0,,,,,,,,,,
118,,9809,6,9,12,6,12,0,0,Census Tract 9809,299,39.9051799,-75.2174145,10717,980900,42101980900,17228698,3463789,489620,0,,,,,,,,,,
119,,28.01,6,9,12,6,12,0,0,Census Tract 28.01,330,39.9289729,-75.1568319,10369,2801,42101002801,222950,0,489651,1,,,,"Wedge Medical Center*19148,",,,,,,
120,,29,6,9,12,6,12,0,0,Census Tract 29,44,39.9306984,-75.1655729,10371,2900,42101002900,370217,0,489435,1,,,,"Wedge Medical Center*19148,",,,,,,
121,,30.02,6,9,12,6,12,0,0,Census Tract 30.02,301,39.9327263,-75.1711915,10373,3002,42101003002,226951,0,489622,1,,,,"Wedge Medical Center*19148,",,,,,,
122,,39.02,6,9,12,6,12,0,0,Census Tract 39.02,203,39.9167178,-75.1744119,10382,3902,42101003902,452596,0,489366,1,,,,"Wedge Medical Center*19148,",,,,,,
123,,40.01,6,9,12,6,12,0,0,Census Tract 40.01,204,39.9238035,-75.1662102,10383,4001,42101004001,314952,0,489367,1,,,,"Wedge Medical Center*19148,",,,,,,
124,,42.01,6,9,12,6,12,0,0,Census Tract 42.01,207,39.9219554,-75.151264,10387,4201,42101004201,361679,0,489370,1,,,,"Wedge Medical Center*19148,",,,,,,
125,,81.02,6,9,12,6,12,0,0,Census Tract 81.02,321,39.9522216,-75.2345584,10413,8102,42101008102,362526,0,489642,1,,,,"NET Centers19139,",,,,,,
126,,83.02,6,9,12,6,12,0,0,Census Tract 83.02,140,39.9566981,-75.2414378,10416,8302,42101008302,425234,0,489228,1,,,,"NET Centers19139,",,,,,,
127,,84,6,9,12,6,12,0,0,Census Tract 84,213,39.9579899,-75.2354681,10417,8400,42101008400,501765,0,489376,1,,,,"NET Centers19139,",,,,,,
128,,93,6,9,12,6,12,0,0,Census Tract 93,218,39.9622914,-75.2240225,10428,9300,42101009300,402475,0,489381,1,,,,"NET Centers19139,",,,,,,
129,,94,6,9,12,6,12,0,0,Census Tract 94,1,39.9632709,-75.2322437,10429,9400,42101009400,366717,0,489382,1,,,,"NET Centers19139,",,,,,,
130,,102,6,9,12,6,12,0,0,Census Tract 102,56,39.968083,-75.2316701,10436,10200,42101010200,360618,0,489447,1,,,,"NET Centers19139,",,,,,,
131,,106,6,9,12,6,12,0,0,Census Tract 106,60,39.9646327,-75.2079213,10440,10600,42101010600,265466,0,489451,1,,,,"Penn Medicine Presbyterian Medical Center*19104,",,,,,,
132,,110,6,9,12,6,12,0,0,Census Tract 110,64,39.9737291,-75.2062951,10444,11000,42101011000,472868,0,489455,1,,,,"Merakey Behavioral Health19131,",,,,,,
133,,111,6,9,12,6,12,0,0,Census Tract 111,65,39.9752003,-75.2215745,10445,11100,42101011100,1301411,0,489456,1,,,,"Merakey Behavioral Health19131,",,,,,,
134,,153,6,9,12,6,12,0,0,Census Tract 153,17,39.9837644,-75.1608849,10483,15300,42101015300,469136,0,489398,1,,,,"NET Centers19132,",,,,,,
135,,165,6,9,12,6,12,0,0,Census Tract 165,76,39.989055,-75.1491723,10492,16500,42101016500,394713,0,489467,1,,,,"NET Centers19132,",,,,,,
136,,166,6,9,12,6,12,0,0,Census Tract 166,77,39.9890491,-75.1536062,10493,16600,42101016600,261133,0,489468,1,,,,"NET Centers19132,",,,,,,
137,,245,6,9,12,6,12,0,0,Census Tract 245,96,40.0333286,-75.1620463,10558,24500,42101024500,801001,0,489487,1,,,,"Merakey Behavioral Health19144,",,,,,,
138,,246,6,9,12,6,12,0,0,Census Tract 246,97,40.0409623,-75.1729016,10559,24600,42101024600,621264,0,489488,1,,,,"Merakey Behavioral Health19144,",,,,,,
139,,247,6,9,12,6,12,0,0,Census Tract 247,98,40.0417034,-75.1645311,10560,24700,42101024700,941266,0,489489,1,,,,"Merakey Behavioral Health19144,",,,,,,
140,,252,6,9,12,6,12,0,0,Census Tract 252,101,40.0468352,-75.1771588,10563,25200,42101025200,952423,0,489492,1,,,,"Interim House Inc - PHMC19139,",,,,,,
141,,362.01,6,9,12,6,12,0,0,Census Tract 362.01,376,40.08203,-74.9868079,10678,36201,42101036201,1031929,15195,489721,1,,,,"Merakey Behavioral Health19154,",,,,,,
142,,362.02,6,9,12,6,12,0,0,Census Tract 362.02,138,40.0838623,-74.9781805,10679,36202,42101036202,1116115,2329,489001,1,,,,"Merakey Behavioral Health19154,",,,,,,
143,,362.03,6,9,12,6,12,0,0,Census Tract 362.03,374,40.0760921,-74.9742967,10680,36203,42101036203,1475496,68020,489719,1,,,,"Merakey Behavioral Health19154,",,,,,,
144,,363.01,6,9,12,6,12,0,0,Census Tract 363.01,133,40.0895349,-74.9667387,10681,36301,42101036301,2322732,66075,488996,1,,,,"Merakey Behavioral Health19154,",,,,,,
145,,378,6,9,12,6,12,0,0,Census Tract 378,383,39.9805802,-75.0956845,10695,37800,42101037800,3760084,1936838,489728,1,,,,"Pathways to Recovery (PHMC)19134,",,,,,,
146,,383,6,9,12,6,12,0,0,Census Tract 383,381,40.010863,-75.1248984,10700,38300,42101038300,3064496,0,489726,1,,,,"Asociacion Puertorriquenos en Marcha (APM)19140,",,,,,,
147,,4.02,6,9,12,6,12,0,0,Census Tract 4.02,144,39.9532973,-75.1686952,10339,402,42101000402,303680,0,489232,2,,,,"Chances-Phila Health Mgmt Corp (PHMC)*19107,PHMC Care Clinic MAT Program*19107,",,,,,,
148,,9.01,6,9,12,6,12,0,0,Census Tract 9.01,153,39.9478866,-75.1623004,10346,901,42101000901,105510,0,489241,2,,,,"Chances-Phila Health Mgmt Corp (PHMC)*19107,PHMC Care Clinic MAT Program*19107,",,,,,,
149,,180.01,6,9,12,6,12,0,0,Census Tract 180.01,171,39.9810569,-75.1128,10512,18001,42101018001,387383,0,489259,2,,,,"Pathways to Recovery (PHMC)19134,Prevention Point*19134,",,,,,,
150,,201.02,6,9,12,6,12,0,0,Census Tract 201.02,158,40.0111415,-75.1545676,10527,20102,42101020102,373125,0,489246,2,,,,"Temple TWO Program*19140,Wedge Medical Center*19140,",,,,,,
151,,174,6,9,12,6,12,0,0,Census Tract 174,242,39.9962138,-75.1503586,10504,17400,42101017400,353985,0,489563,3,,,,"Temple TWO Program*19140,Wedge Medical Center*19140,NET Centers19132,",,,,,,
152,,200,6,9,12,6,12,0,0,Census Tract 200,25,40.0025289,-75.1508995,10525,20000,42101020000,316676,0,489406,3,,,,"Temple TWO Program*19140,Wedge Medical Center*19140,NET Centers19132,",,,,,,
153,,201.01,6,9,12,6,12,0,0,Census Tract 201.01,157,40.0036824,-75.1553072,10526,20101,42101020101,483577,0,489245,3,,,,"Temple TWO Program*19140,Wedge Medical Center*19140,NET Centers19132,",,,,,,
154,,380,6,9,12,6,12,0,0,Census Tract 380,187,40.0052279,-75.0807845,10697,38000,42101038000,874602,0,489275,3,,,,"NET Centers19137,NET Centers19124,Wedge Medical Center*19124,",,,,,,
155,,172.01,6,7.5,9,5,5,1,4,Census Tract 172.01,154,39.9993972,-75.1686145,10501,17201,42101017201,262958,0,489242,0,,,,,,,,,,
156,,317,6,7.5,9,5,5,1,4,Census Tract 317,286,40.030605,-75.0683989,10631,31700,42101031700,881689,0,489607,0,,,,,,,,,,
157,,320,6,7.5,9,5,5,1,4,Census Tract 320,359,40.0271751,-75.0548674,10634,32000,42101032000,681549,0,489704,0,,,,,,,,,,
158,,344,6,7.5,9,5,5,1,4,Census Tract 344,128,40.0943325,-75.0564419,10655,34400,42101034400,3399171,13905,489519,0,,,,,,,,,,
159,,107,6,7.5,9,5,5,1,4,Census Tract 107,61,39.9687475,-75.2069442,10441,10700,42101010700,460475,0,489452,1,,,,"Penn Medicine Presbyterian Medical Center*19104,",,,,,,
160,,167.01,6,7.5,9,5,5,1,4,Census Tract 167.01,312,39.9911965,-75.1619017,10494,16701,42101016701,254046,0,489633,1,,,,"NET Centers19132,",,,,,,
161,,36,5,5,5,5,5,0,0,Census Tract 36,198,39.9279255,-75.1920206,10377,3600,42101003600,964539,0,489361,0,,,,,,,,,,
162,,64,5,5,5,5,5,0,0,Census Tract 64,130,39.9251805,-75.2428396,10397,6400,42101006400,645368,16097,489537,0,,,,,,,,,,
163,,67,5,5,5,5,5,0,0,Census Tract 67,219,39.9242475,-75.2242816,10400,6700,42101006700,1001467,0,489540,0,,,,,,,,,,
164,,74,5,5,5,5,5,0,0,Census Tract 74,224,39.9408575,-75.2143067,10407,7400,42101007400,675930,0,489545,0,,,,,,,,,,
165,,105,5,5,5,5,5,0,0,Census Tract 105,59,39.9665652,-75.2142018,10439,10500,42101010500,657766,0,489450,0,,,,,,,,,,
166,,115,5,5,5,5,5,0,0,Census Tract 115,227,39.9773687,-75.2518303,10449,11500,42101011500,370456,0,489548,0,,,,,,,,,,
167,,118,5,5,5,5,5,0,0,Census Tract 118,229,39.9852889,-75.2357395,10451,11800,42101011800,915129,0,489550,0,,,,,,,,,,
168,,152,5,5,5,5,5,0,0,Census Tract 152,16,39.9854546,-75.1700491,10482,15200,42101015200,669101,0,489397,0,,,,,,,,,,
169,,266,5,5,5,5,5,0,0,Census Tract 266,271,40.0634828,-75.1473266,10578,26600,42101026600,913982,0,489592,0,,,,,,,,,,
170,,292,5,5,5,5,5,0,0,Census Tract 292,114,40.0249561,-75.102158,10607,29200,42101029200,1732847,28953,489505,0,,,,,,,,,,
171,,305.01,5,5,5,5,5,0,0,Census Tract 305.01,168,40.0428163,-75.0994351,10615,30501,42101030501,377375,0,489256,0,,,,,,,,,,
172,,316,5,5,5,5,5,0,0,Census Tract 316,285,40.0326126,-75.0590717,10630,31600,42101031600,713953,0,489606,0,,,,,,,,,,
173,,318,5,5,5,5,5,0,0,Census Tract 318,357,40.0311021,-75.0769892,10632,31800,42101031800,464290,0,489702,0,,,,,,,,,,
174,,319,5,5,5,5,5,0,0,Census Tract 319,358,40.02306,-75.0648988,10633,31900,42101031900,773285,0,489703,0,,,,,,,,,,
175,,346,5,5,5,5,5,0,0,Census Tract 346,129,40.0708314,-75.0207264,10658,34600,42101034600,1853669,5746,489520,0,,,,,,,,,,
176,,348.03,5,5,5,5,5,0,0,Census Tract 348.03,136,40.0619427,-75.0023705,10663,34803,42101034803,1271533,8021,488999,0,,,,,,,,,,
177,,351,5,5,5,5,5,0,0,Census Tract 351,291,40.0488411,-74.9859716,10665,35100,42101035100,997442,666018,489612,0,,,,,,,,,,
178,,359,5,5,5,5,5,0,0,Census Tract 359,371,40.1103418,-75.0151645,10675,35900,42101035900,2244717,2511,489716,0,,,,,,,,,,
179,,361,5,5,5,5,5,0,0,Census Tract 361,373,40.0987766,-74.9907481,10677,36100,42101036100,1230432,7138,489718,0,,,,,,,,,,
180,,377,5,5,5,5,5,0,0,Census Tract 377,384,39.9824381,-75.1506932,10694,37700,42101037700,736894,0,489729,0,,,,,,,,,,
181,,80,5,5,5,5,5,0,0,Census Tract 80,209,39.9506613,-75.2268423,10411,8000,42101008000,430471,0,489372,1,,,,"NET Centers19139,",,,,,,
182,,92,5,5,5,5,5,0,0,Census Tract 92,217,39.9601608,-75.2074723,10427,9200,42101009200,512009,0,489380,1,,,,"Penn Medicine Presbyterian Medical Center*19104,",,,,,,
183,,144,5,5,5,5,5,0,0,Census Tract 144,10,39.9722286,-75.1400952,10474,14400,42101014400,609439,0,489391,1,,,,"NET Centers19123,",,,,,,
184,,147,5,5,5,5,5,0,0,Census Tract 147,13,39.9785489,-75.1620244,10477,14700,42101014700,337677,0,489394,1,,,,"Project Home*19104,",,,,,,
185,,242,5,5,5,5,5,0,0,Census Tract 242,93,40.028511,-75.1697086,10555,24200,42101024200,532060,0,489484,1,,,,"Merakey Behavioral Health19144,",,,,,,
186,,280,5,5,5,5,5,0,0,Census Tract 280,354,40.026119,-75.1546481,10594,28000,42101028000,718346,0,489699,1,,,,"Pathways to Housing*19141,",,,,,,
187,,298,5,5,5,5,5,0,0,Census Tract 298,117,40.0159529,-75.0678013,10610,29800,42101029800,649155,0,489508,1,,,,"NET Centers19137,",,,,,,
188,,164,5,5,5,5,5,0,0,Census Tract 164,75,39.9896437,-75.1431665,10491,16400,42101016400,485026,0,489466,2,,,,"Merakey Behavioral Health19125,NET Centers19132,",,,,,,
189,,134.02,5,5,5,5,5,0,0,Census Tract 134.02,182,39.9653623,-75.1690326,10463,13402,42101013402,238612,0,489270,3,,,,"Chances-Phila Health Mgmt Corp (PHMC)*19107,PHMC Care Clinic MAT Program*19107,Project Home*19104,",,,,,,
190,,10.01,2,5,8,1,4,1,4,Census Tract 10.01,143,39.9456722,-75.151602,10348,1001,42101001001,229399,0,489231,0,,,,,,,,,,
191,,10.02,2,5,8,1,4,1,4,Census Tract 10.02,142,39.9450045,-75.1466193,10349,1002,42101001002,471662,0,489230,0,,,,,,,,,,
192,,20,2,5,8,1,4,1,4,Census Tract 20,38,39.9381416,-75.1843145,10361,2000,42101002000,289368,0,489429,0,,,,,,,,,,
193,,60,2,5,8,1,4,1,4,Census Tract 60,50,39.9115196,-75.238157,10393,6000,42101006000,1089657,0,489441,0,,,,,,,,,,
194,,79,2,5,8,1,4,1,4,Census Tract 79,208,39.950463,-75.218257,10410,7900,42101007900,377950,0,489371,0,,,,,,,,,,
195,,169.01,2,5,8,1,4,1,4,Census Tract 169.01,81,39.9930523,-75.1758394,10497,16901,42101016901,512907,0,489472,0,,,,,,,,,,
196,,214,2,5,8,1,4,1,4,Census Tract 214,89,40.027929,-75.2240827,10540,21400,42101021400,607138,56535,489480,0,,,,,,,,,,
197,,273,2,5,8,1,4,1,4,Census Tract 273,349,40.0377547,-75.1189432,10585,27300,42101027300,938011,14079,489694,0,,,,,,,,,,
198,,340,2,5,8,1,4,1,4,Census Tract 340,124,40.0711759,-75.0735007,10652,34000,42101034000,763893,729,489515,0,,,,,,,,,,
199,,364,2,5,8,1,4,1,4,Census Tract 364,134,40.1127747,-74.9789137,10684,36400,42101036400,4501110,8014,488997,0,,,,,,,,,,
200,,366,2,5,8,1,4,1,4,Census Tract 366,135,39.9470272,-75.1404472,10687,36600,42101036600,1004313,1426278,488998,0,,,,,,,,,,
201,,9801,2,5,8,1,4,1,4,Census Tract 9801,253,40.0509585,-75.214916,10709,980100,42101980100,5476589,240667,489574,0,,,,,,,,,,
202,,9807,2,5,8,1,4,1,4,Census Tract 9807,304,39.9104684,-75.1431656,10715,980700,42101980700,5957147,1730038,489625,0,,,,,,,,,,
203,,30.01,2,5,8,1,4,1,4,Census Tract 30.01,302,39.929064,-75.1719912,10372,3001,42101003001,226547,0,489623,1,,,,"Wedge Medical Center*19148,",,,,,,
204,,109,2,5,8,1,4,1,4,Census Tract 109,63,39.9649286,-75.191765,10443,10900,42101010900,248168,0,489454,1,,,,"Penn Medicine Presbyterian Medical Center*19104,",,,,,,
205,,205,2,5,8,1,4,1,4,Census Tract 205,29,40.0158738,-75.1643607,10531,20500,42101020500,1429510,0,489410,1,,,,"Drexel Medicine Caring Together Clinic19144,",,,,,,
206,,241,2,5,8,1,4,1,4,Census Tract 241,92,40.0332734,-75.1759175,10554,24100,42101024100,407855,0,489483,1,,,,"Merakey Behavioral Health19144,",,,,,,
207,,288,2,5,8,1,4,1,4,Census Tract 288,111,40.0222841,-75.1240562,10602,28800,42101028800,442001,0,489502,1,,,,"Asociacion Puertorriquenos en Marcha (APM)19140,",,,,,,
208,,3,2,5,8,1,4,1,4,Census Tract 3,192,39.956878,-75.1716655,10337,300,42101000300,548342,356,489355,2,,,,"Chances-Phila Health Mgmt Corp (PHMC)*19107,PHMC Care Clinic MAT Program*19107,",,,,,,
209,,6,2,5,8,1,4,1,4,Census Tract 6,194,39.9493845,-75.1583354,10341,600,42101000600,172655,0,489357,2,,,,"Chances-Phila Health Mgmt Corp (PHMC)*19107,PHMC Care Clinic MAT Program*19107,",,,,,,
210,,204,2,5,8,1,4,1,4,Census Tract 204,28,40.0198216,-75.1525117,10530,20400,42101020400,407372,0,489409,2,,,,"Pathways to Housing*19141,Wedge Medical Center*19140,",,,,,,
211,,9805,2,5,8,1,4,1,4,Census Tract 9805,331,40.0177581,-75.144182,10713,980500,42101980500,401968,13468,489652,2,,,,"Asociacion Puertorriquenos en Marcha (APM)19140,Wedge Medical Center*19140,",,,,,,
212,,367,2,5,8,1,4,1,4,Census Tract 367,337,39.9607248,-75.1439885,10688,36700,42101036700,801969,0,489658,3,,,,"Chances-Phila Health Mgmt Corp (PHMC)*19107,NET Centers19123,PHMC Care Clinic MAT Program*19107,",,,,,,
213,,4.01,1,2.5,4,1,4,0,0,Census Tract 4.01,145,39.9541871,-75.1758082,10338,401,42101000401,214766,14981,489233,0,,,,,,,,,,
214,,11.01,1,2.5,4,1,4,0,0,Census Tract 11.01,333,39.9449918,-75.162524,10350,1101,42101001101,174014,0,489654,0,,,,,,,,,,
215,,12.02,1,2.5,4,1,4,0,0,Census Tract 12.02,296,39.9459117,-75.1699475,10353,1202,42101001202,308560,0,489617,0,,,,,,,,,,
216,,14,1,2.5,4,1,4,0,0,Census Tract 14,32,39.9429436,-75.171593,10355,1400,42101001400,315832,0,489423,0,,,,,,,,,,
217,,15,1,2.5,4,1,4,0,0,Census Tract 15,33,39.9419037,-75.1591158,10356,1500,42101001500,239383,0,489424,0,,,,,,,,,,
218,,18,1,2.5,4,1,4,0,0,Census Tract 18,36,39.9399998,-75.1593091,10359,1800,42101001800,242483,0,489427,0,,,,,,,,,,
219,,19,1,2.5,4,1,4,0,0,Census Tract 19,37,39.9400454,-75.172227,10360,1900,42101001900,328327,0,489428,0,,,,,,,,,,
220,,21,1,2.5,4,1,4,0,0,Census Tract 21,39,39.9372214,-75.1768955,10362,2100,42101002100,237519,0,489430,0,,,,,,,,,,
221,,25,1,2.5,4,1,4,0,0,Census Tract 25,43,39.934296,-75.1498023,10366,2500,42101002500,398697,0,489434,0,,,,,,,,,,
222,,54,1,2.5,4,1,4,0,0,Census Tract 54,47,39.8904539,-75.2513923,10390,5400,42101005400,1846253,530013,489438,0,,,,,,,,,,
223,,55,1,2.5,4,1,4,0,0,Census Tract 55,48,39.9074191,-75.2489174,10391,5500,42101005500,1168442,12010,489439,0,,,,,,,,,,
224,,61,1,2.5,4,1,4,0,0,Census Tract 61,51,39.9150013,-75.2288094,10394,6100,42101006100,534201,0,489442,0,,,,,,,,,,
225,,65,1,2.5,4,1,4,0,0,Census Tract 65,131,39.9330955,-75.2318406,10398,6500,42101006500,1111283,29425,489538,0,,,,,,,,,,
226,,69,1,2.5,4,1,4,0,0,Census Tract 69,220,39.9306204,-75.2146526,10401,6900,42101006900,704352,102803,489541,0,,,,,,,,,,
227,,71.02,1,2.5,4,1,4,0,0,Census Tract 71.02,317,39.9409204,-75.2282511,10404,7102,42101007102,415761,0,489638,0,,,,,,,,,,
228,,72,1,2.5,4,1,4,0,0,Census Tract 72,222,39.944637,-75.2332168,10405,7200,42101007200,502614,0,489543,0,,,,,,,,,,
229,,78,1,2.5,4,1,4,0,0,Census Tract 78,226,39.946458,-75.2162637,10409,7800,42101007800,427404,0,489547,0,,,,,,,,,,
230,,86.01,1,2.5,4,1,4,0,0,Census Tract 86.01,335,39.9537341,-75.216593,10419,8601,42101008601,252482,0,489656,0,,,,,,,,,,
231,,98.02,1,2.5,4,1,4,0,0,Census Tract 98.02,170,39.9745879,-75.2679037,10433,9802,42101009802,611026,0,489258,0,,,,,,,,,,
232,,112,1,2.5,4,1,4,0,0,Census Tract 112,66,39.9736041,-75.2336533,10446,11200,42101011200,503162,0,489457,0,,,,,,,,,,
233,,113,1,2.5,4,1,4,0,0,Census Tract 113,67,39.9786554,-75.2353346,10447,11300,42101011300,334899,0,489458,0,,,,,,,,,,
234,,114,1,2.5,4,1,4,0,0,Census Tract 114,68,39.9807388,-75.2440178,10448,11400,42101011400,972947,0,489459,0,,,,,,,,,,
235,,119,1,2.5,4,1,4,0,0,Census Tract 119,230,39.9861142,-75.2288429,10452,11900,42101011900,691111,0,489551,0,,,,,,,,,,
236,,122.01,1,2.5,4,1,4,0,0,Census Tract 122.01,327,40.0034648,-75.2106388,10455,12201,42101012201,380689,2325,489648,0,,,,,,,,,,
237,,136.02,1,2.5,4,1,4,0,0,Census Tract 136.02,148,39.9715714,-75.1798097,10466,13602,42101013602,234732,0,489236,0,,,,,,,,,,
238,,137,1,2.5,4,1,4,0,0,Census Tract 137,238,39.9772752,-75.1842323,10467,13700,42101013700,589738,0,489559,0,,,,,,,,,,
239,,143,1,2.5,4,1,4,0,0,Census Tract 143,9,39.9671225,-75.1265617,10473,14300,42101014300,570015,282808,489390,0,,,,,,,,,,
240,,145,1,2.5,4,1,4,0,0,Census Tract 145,11,39.9760715,-75.1484189,10475,14500,42101014500,321464,0,489392,0,,,,,,,,,,
241,,151.01,1,2.5,4,1,4,0,0,Census Tract 151.01,178,39.9869632,-75.1857502,10480,15101,42101015101,193072,0,489266,0,,,,,,,,,,
242,,156,1,2.5,4,1,4,0,0,Census Tract 156,18,39.9790066,-75.141891,10484,15600,42101015600,429567,0,489399,0,,,,,,,,,,
243,,157,1,2.5,4,1,4,0,0,Census Tract 157,69,39.9780463,-75.1355242,10485,15700,42101015700,485211,0,489460,0,,,,,,,,,,
244,,170,1,2.5,4,1,4,0,0,Census Tract 170,239,40.0078614,-75.1834204,10499,17000,42101017000,1570376,50400,489560,0,,,,,,,,,,
245,,171,1,2.5,4,1,4,0,0,Census Tract 171,240,40.0027449,-75.1763248,10500,17100,42101017100,1140882,0,489561,0,,,,,,,,,,
246,,209,1,2.5,4,1,4,0,0,Census Tract 209,84,40.0186576,-75.2089795,10535,20900,42101020900,509953,35428,489475,0,,,,,,,,,,
247,,210,1,2.5,4,1,4,0,0,Census Tract 210,85,40.024473,-75.2151045,10536,21000,42101021000,858223,55719,489476,0,,,,,,,,,,
248,,212,1,2.5,4,1,4,0,0,Census Tract 212,87,40.034839,-75.2125337,10538,21200,42101021200,515705,0,489478,0,,,,,,,,,,
249,,215,1,2.5,4,1,4,0,0,Census Tract 215,90,40.0350417,-75.2288249,10541,21500,42101021500,1003279,40236,489481,0,,,,,,,,,,
250,,216,1,2.5,4,1,4,0,0,Census Tract 216,91,40.0436758,-75.2403985,10542,21600,42101021600,1991850,111706,489482,0,,,,,,,,,,
251,,217,1,2.5,4,1,4,0,0,Census Tract 217,249,40.0450277,-75.2239451,10543,21700,42101021700,1559576,0,489570,0,,,,,,,,,,
252,,218,1,2.5,4,1,4,0,0,Census Tract 218,250,40.0574759,-75.2324353,10544,21800,42101021800,996088,0,489571,0,,,,,,,,,,
253,,220,1,2.5,4,1,4,0,0,Census Tract 220,252,40.0562177,-75.2520092,10546,22000,42101022000,2944018,99558,489573,0,,,,,,,,,,
254,,248,1,2.5,4,1,4,0,0,Census Tract 248,99,40.0468442,-75.1668818,10561,24800,42101024800,319263,0,489490,0,,,,,,,,,,
255,,249,1,2.5,4,1,4,0,0,Census Tract 249,100,40.0511009,-75.1601167,10562,24900,42101024900,325198,0,489491,0,,,,,,,,,,
256,,253,1,2.5,4,1,4,0,0,Census Tract 253,102,40.0542198,-75.18222,10564,25300,42101025300,581298,0,489493,0,,,,,,,,,,
257,,254,1,2.5,4,1,4,0,0,Census Tract 254,103,40.0604202,-75.1760718,10565,25400,42101025400,769760,0,489494,0,,,,,,,,,,
258,,257,1,2.5,4,1,4,0,0,Census Tract 257,261,40.0724586,-75.1962708,10568,25700,42101025700,748205,0,489582,0,,,,,,,,,,
259,,259,1,2.5,4,1,4,0,0,Census Tract 259,263,40.0799255,-75.1759762,10570,25900,42101025900,549415,0,489584,0,,,,,,,,,,
260,,261,1,2.5,4,1,4,0,0,Census Tract 261,265,40.0704645,-75.1755189,10572,26100,42101026100,649364,0,489586,0,,,,,,,,,,
261,,262,1,2.5,4,1,4,0,0,Census Tract 262,266,40.066494,-75.1692176,10573,26200,42101026200,555958,0,489587,0,,,,,,,,,,
262,,263.02,1,2.5,4,1,4,0,0,Census Tract 263.02,268,40.0687425,-75.1571945,10575,26302,42101026302,704112,0,489589,0,,,,,,,,,,
263,,264,1,2.5,4,1,4,0,0,Census Tract 264,269,40.0625462,-75.1620066,10576,26400,42101026400,796819,0,489590,0,,,,,,,,,,
264,,265,1,2.5,4,1,4,0,0,Census Tract 265,270,40.0587255,-75.1546921,10577,26500,42101026500,545961,0,489591,0,,,,,,,,,,
265,,267,1,2.5,4,1,4,0,0,Census Tract 267,272,40.0547569,-75.1479247,10579,26700,42101026700,643873,0,489593,0,,,,,,,,,,
266,,269,1,2.5,4,1,4,0,0,Census Tract 269,345,40.0556007,-75.1324048,10581,26900,42101026900,614686,0,489690,0,,,,,,,,,,
267,,270,1,2.5,4,1,4,0,0,Census Tract 270,346,40.0493231,-75.1331512,10582,27000,42101027000,642216,0,489691,0,,,,,,,,,,
268,,271,1,2.5,4,1,4,0,0,Census Tract 271,347,40.0484793,-75.1263611,10583,27100,42101027100,372278,39344,489692,0,,,,,,,,,,
269,,272,1,2.5,4,1,4,0,0,Census Tract 272,348,40.0472339,-75.1180889,10584,27200,42101027200,679046,794,489693,0,,,,,,,,,,
270,,274.02,1,2.5,4,1,4,0,0,Census Tract 274.02,334,40.0390702,-75.1251352,10587,27402,42101027402,511360,0,489655,0,,,,,,,,,,
271,,277,1,2.5,4,1,4,0,0,Census Tract 277,352,40.0505444,-75.1512267,10590,27700,42101027700,542404,0,489697,0,,,,,,,,,,
272,,279.01,1,2.5,4,1,4,0,0,Census Tract 279.01,314,40.0458879,-75.1544482,10592,27901,42101027901,415780,0,489635,0,,,,,,,,,,
273,,279.02,1,2.5,4,1,4,0,0,Census Tract 279.02,315,40.0374381,-75.1543087,10593,27902,42101027902,889784,0,489636,0,,,,,,,,,,
274,,305.02,1,2.5,4,1,4,0,0,Census Tract 305.02,169,40.0457206,-75.1046619,10616,30502,42101030502,699246,0,489257,0,,,,,,,,,,
275,,307,1,2.5,4,1,4,0,0,Census Tract 307,279,40.0573133,-75.088539,10618,30700,42101030700,653309,0,489600,0,,,,,,,,,,
276,,308,1,2.5,4,1,4,0,0,Census Tract 308,280,40.0547831,-75.0819056,10619,30800,42101030800,795704,0,489601,0,,,,,,,,,,
277,,309,1,2.5,4,1,4,0,0,Census Tract 309,281,40.0437632,-75.0851914,10620,30900,42101030900,645014,0,489602,0,,,,,,,,,,
278,,310,1,2.5,4,1,4,0,0,Census Tract 310,282,40.0497292,-75.0744541,10621,31000,42101031000,1063411,0,489603,0,,,,,,,,,,
279,,311.01,1,2.5,4,1,4,0,0,Census Tract 311.01,159,40.0422496,-75.0785449,10622,31101,42101031101,349649,0,489247,0,,,,,,,,,,
280,,311.02,1,2.5,4,1,4,0,0,Census Tract 311.02,160,40.037085,-75.0833729,10623,31102,42101031102,397973,0,489248,0,,,,,,,,,,
281,,312,1,2.5,4,1,4,0,0,Census Tract 312,283,40.0354204,-75.077455,10624,31200,42101031200,429736,0,489604,0,,,,,,,,,,
282,,313,1,2.5,4,1,4,0,0,Census Tract 313,284,40.039319,-75.069814,10625,31300,42101031300,711141,0,489605,0,,,,,,,,,,
283,,314.01,1,2.5,4,1,4,0,0,Census Tract 314.01,310,40.0457134,-75.0665728,10626,31401,42101031401,594849,0,489631,0,,,,,,,,,,
284,,314.02,1,2.5,4,1,4,0,0,Census Tract 314.02,311,40.0432797,-75.060286,10627,31402,42101031402,564136,0,489632,0,,,,,,,,,,
285,,315.02,1,2.5,4,1,4,0,0,Census Tract 315.02,309,40.0392658,-75.0548693,10629,31502,42101031502,578101,0,489630,0,,,,,,,,,,
286,,332,1,2.5,4,1,4,0,0,Census Tract 332,367,40.0439411,-75.0448281,10643,33200,42101033200,828420,0,489712,0,,,,,,,,,,
287,,335,1,2.5,4,1,4,0,0,Census Tract 335,120,40.0546014,-75.0648677,10646,33500,42101033500,942793,0,489511,0,,,,,,,,,,
288,,339,1,2.5,4,1,4,0,0,Census Tract 339,123,40.068556,-75.0873418,10651,33900,42101033900,1141156,0,489514,0,,,,,,,,,,
289,,342,1,2.5,4,1,4,0,0,Census Tract 342,126,40.0825947,-75.0721585,10654,34200,42101034200,1000768,0,489517,0,,,,,,,,,,
290,,345.02,1,2.5,4,1,4,0,0,Census Tract 345.02,150,40.0814446,-75.0383811,10657,34502,42101034502,1009269,0,489238,0,,,,,,,,,,
291,,347.02,1,2.5,4,1,4,0,0,Census Tract 347.02,137,40.0570427,-75.0283288,10660,34702,42101034702,1016206,0,489000,0,,,,,,,,,,
292,,356.01,1,2.5,4,1,4,0,0,Census Tract 356.01,177,40.0973908,-75.0388184,10670,35601,42101035601,2029707,12498,489265,0,,,,,,,,,,
293,,356.02,1,2.5,4,1,4,0,0,Census Tract 356.02,174,40.1079419,-75.0480601,10671,35602,42101035602,1394868,1863,489262,0,,,,,,,,,,
294,,357.01,1,2.5,4,1,4,0,0,Census Tract 357.01,175,40.1095846,-75.0286811,10672,35701,42101035701,598625,718,489263,0,,,,,,,,,,
295,,357.02,1,2.5,4,1,4,0,0,Census Tract 357.02,176,40.1130914,-75.0374316,10673,35702,42101035702,1559149,0,489264,0,,,,,,,,,,
296,,358,1,2.5,4,1,4,0,0,Census Tract 358,370,40.1213169,-75.0257898,10674,35800,42101035800,1757756,2013,489715,0,,,,,,,,,,
297,,360,1,2.5,4,1,4,0,0,Census Tract 360,372,40.104267,-75.0108187,10676,36000,42101036000,2043084,638,489717,0,,,,,,,,,,
298,,365.02,1,2.5,4,1,4,0,0,Census Tract 365.02,336,40.1235705,-74.9993521,10686,36502,42101036502,1733189,0,489657,0,,,,,,,,,,
299,,373,1,2.5,4,1,4,0,0,Census Tract 373,379,39.9024981,-75.1879361,10691,37300,42101037300,2573046,162376,489724,0,,,,,,,,,,
300,,375,1,2.5,4,1,4,0,0,Census Tract 375,323,39.9840699,-75.2551922,10692,37500,42101037500,1032702,1496,489644,0,,,,,,,,,,
301,,384,1,2.5,4,1,4,0,0,Census Tract 384,189,40.0714163,-75.2332568,10701,38400,42101038400,2546785,0,489277,0,,,,,,,,,,
302,,386,1,2.5,4,1,4,0,0,Census Tract 386,339,40.0582762,-75.2110913,10703,38600,42101038600,3304398,32066,489660,0,,,,,,,,,,
303,,387,1,2.5,4,1,4,0,0,Census Tract 387,341,40.0833122,-75.213077,10704,38700,42101038700,2053212,22241,489662,0,,,,,,,,,,
304,,388,1,2.5,4,1,4,0,0,Census Tract 388,342,40.0571595,-75.1982438,10705,38800,42101038800,1383530,4751,489663,0,,,,,,,,,,
305,,389,1,2.5,4,1,4,0,0,Census Tract 389,343,40.0543431,-75.1682764,10706,38900,42101038900,1280551,0,489664,0,,,,,,,,,,
306,,9800,1,2.5,4,1,4,0,0,Census Tract 9800,344,39.9880961,-75.1967773,10708,980000,42101980000,8922478,1508835,489665,0,,,,,,,,,,
307,,9802,1,2.5,4,1,4,0,0,Census Tract 9802,127,40.0714709,-75.044391,10710,980200,42101980200,5200674,250845,489518,0,,,,,,,,,,
308,,9803,1,2.5,4,1,4,0,0,Census Tract 9803,368,40.0812065,-75.0106977,10711,980300,42101980300,7594331,24435,489713,0,,,,,,,,,,
309,,9804,1,2.5,4,1,4,0,0,Census Tract 9804,181,39.8798897,-75.2337414,10712,980400,42101980400,2923998,51364,489269,0,,,,,,,,,,
310,,9891,1,2.5,4,1,4,0,0,Census Tract 9891,364,40.037783,-75.0034085,10718,989100,42101989100,2664969,1649710,489709,0,,,,,,,,,,
311,,12.01,1,2.5,4,1,4,0,0,Census Tract 12.01,297,39.9471666,-75.1798721,10352,1201,42101001201,327555,30728,489618,1,,,,"Penn Medicine Mothers Matter Program*19103,",,,,,,
312,,13,1,2.5,4,1,4,0,0,Census Tract 13,31,39.9445258,-75.186205,10354,1300,42101001300,727889,60713,489422,1,,,,"Penn Medicine Mothers Matter Program*19103,",,,,,,
313,,22,1,2.5,4,1,4,0,0,Census Tract 22,40,39.9364111,-75.1703923,10363,2200,42101002200,228696,0,489431,1,,,,"Wedge Medical Center*19148,",,,,,,
314,,23,1,2.5,4,1,4,0,0,Census Tract 23,41,39.9348217,-75.1629799,10364,2300,42101002300,212379,0,489432,1,,,,"Wedge Medical Center*19148,",,,,,,
315,,24,1,2.5,4,1,4,0,0,Census Tract 24,42,39.9367634,-75.15951,10365,2400,42101002400,535421,0,489433,1,,,,"Wedge Medical Center*19148,",,,,,,
316,,27.01,1,2.5,4,1,4,0,0,Census Tract 27.01,305,39.9285526,-75.1537033,10367,2701,42101002701,224840,0,489626,1,,,,"Wedge Medical Center*19148,",,,,,,
317,,81.01,1,2.5,4,1,4,0,0,Census Tract 81.01,316,39.9483649,-75.2360506,10412,8101,42101008101,243700,0,489637,1,,,,"NET Centers19139,",,,,,,
318,,83.01,1,2.5,4,1,4,0,0,Census Tract 83.01,212,39.957781,-75.2467384,10415,8301,42101008301,510557,6713,489375,1,,,,"NET Centers19139,",,,,,,
319,,134.01,1,2.5,4,1,4,0,0,Census Tract 134.01,183,39.9659574,-75.1752507,10462,13401,42101013401,164058,0,489271,1,,,,"Project Home*19104,",,,,,,
320,,135,1,2.5,4,1,4,0,0,Census Tract 135,237,39.9693564,-75.1700367,10464,13500,42101013500,404891,0,489558,1,,,,"Project Home*19104,",,,,,,
321,,139,1,2.5,4,1,4,0,0,Census Tract 139,5,39.9750563,-75.1711846,10469,13900,42101013900,562934,0,489386,1,,,,"Project Home*19104,",,,,,,
322,,142,1,2.5,4,1,4,0,0,Census Tract 142,8,39.9652375,-75.1359612,10472,14200,42101014200,789935,277434,489389,1,,,,"NET Centers19123,",,,,,,
323,,146,1,2.5,4,1,4,0,0,Census Tract 146,12,39.9764305,-75.154699,10476,14600,42101014600,445048,0,489393,1,,,,"Project Home*19104,",,,,,,
324,,148,1,2.5,4,1,4,0,0,Census Tract 148,14,39.9802047,-75.169161,10478,14800,42101014800,191126,0,489395,1,,,,"Project Home*19104,",,,,,,
325,,162,1,2.5,4,1,4,0,0,Census Tract 162,73,39.9840197,-75.1384217,10489,16200,42101016200,364983,0,489464,1,,,,"Merakey Behavioral Health19125,",,,,,,
326,,184,1,2.5,4,1,4,0,0,Census Tract 184,247,39.9996644,-75.0637363,10515,18400,42101018400,1285745,949471,489568,1,,,,"NET Centers19137,",,,,,,
327,,236,1,2.5,4,1,4,0,0,Census Tract 236,256,40.0427145,-75.194694,10549,23600,42101023600,978096,0,489577,1,,,,"Interim House Inc - PHMC19139,",,,,,,
328,,237,1,2.5,4,1,4,0,0,Census Tract 237,257,40.0487394,-75.1886069,10550,23700,42101023700,1072973,0,489578,1,,,,"Interim House Inc - PHMC19139,",,,,,,
329,,239,1,2.5,4,1,4,0,0,Census Tract 239,259,40.0339713,-75.1875115,10552,23900,42101023900,486037,2704,489580,1,,,,"Interim House Inc - PHMC19139,",,,,,,
330,,243,1,2.5,4,1,4,0,0,Census Tract 243,94,40.0215855,-75.1710376,10556,24300,42101024300,679035,0,489485,1,,,,"Drexel Medicine Caring Together Clinic19144,",,,,,,
331,,275,1,2.5,4,1,4,0,0,Census Tract 275,350,40.0400497,-75.1322707,10588,27500,42101027500,606825,0,489695,1,,,,"Pathways to Housing*19141,",,,,,,
332,,276,1,2.5,4,1,4,0,0,Census Tract 276,351,40.0429404,-75.1392771,10589,27600,42101027600,663745,0,489696,1,,,,"Pathways to Housing*19141,",,,,,,
333,,278,1,2.5,4,1,4,0,0,Census Tract 278,353,40.0425278,-75.1471626,10591,27800,42101027800,724725,0,489698,1,,,,"Pathways to Housing*19141,",,,,,,
334,,284,1,2.5,4,1,4,0,0,Census Tract 284,107,40.0251577,-75.1381287,10598,28400,42101028400,492451,0,489498,1,,,,"Pathways to Housing*19141,",,,,,,
335,,285,1,2.5,4,1,4,0,0,Census Tract 285,108,40.0287154,-75.1337359,10599,28500,42101028500,267006,0,489499,1,,,,"Pathways to Housing*19141,",,,,,,
336,,287,1,2.5,4,1,4,0,0,Census Tract 287,110,40.0218194,-75.1314402,10601,28700,42101028700,340972,0,489501,1,,,,"Asociacion Puertorriquenos en Marcha (APM)19140,",,,,,,
337,,289.01,1,2.5,4,1,4,0,0,Census Tract 289.01,163,40.0171008,-75.115182,10603,28901,42101028901,598655,0,489251,1,,,,"Asociacion Puertorriquenos en Marcha (APM)19140,",,,,,,
338,,9.02,1,2.5,4,1,4,0,0,Census Tract 9.02,152,39.9471596,-75.1566389,10347,902,42101000902,155164,0,489240,2,,,,"Chances-Phila Health Mgmt Corp (PHMC)*19107,PHMC Care Clinic MAT Program*19107,",,,,,,
339,,86.02,1,2.5,4,1,4,0,0,Census Tract 86.02,322,39.9569725,-75.216703,10420,8602,42101008602,369142,0,489643,2,,,,"Penn Medicine Presbyterian Medical Center*19104,NET Centers19139,",,,,,,
340,,87.01,1,2.5,4,1,4,0,0,Census Tract 87.01,320,39.9535656,-75.2104988,10421,8701,42101008701,259523,0,489641,2,,,,"Penn Medicine Presbyterian Medical Center*19104,Penn Medicine Mothers Matter Program*19103,",,,,,,
341,,87.02,1,2.5,4,1,4,0,0,Census Tract 87.02,319,39.9538114,-75.2070435,10422,8702,42101008702,283566,0,489640,2,,,,"Penn Medicine Presbyterian Medical Center*19104,Penn Medicine Mothers Matter Program*19103,",,,,,,
342,,90,1,2.5,4,1,4,0,0,Census Tract 90,215,39.9595116,-75.1906245,10425,9000,42101009000,436319,0,489378,2,,,,"Penn Medicine Presbyterian Medical Center*19104,Penn Medicine Mothers Matter Program*19103,",,,,,,
343,,91,1,2.5,4,1,4,0,0,Census Tract 91,216,39.9594179,-75.1977245,10426,9100,42101009100,425573,0,489379,2,,,,"Penn Medicine Presbyterian Medical Center*19104,Penn Medicine Mothers Matter Program*19103,",,,,,,
344,,195.02,1,2.5,4,1,4,0,0,Census Tract 195.02,161,40.003403,-75.1300445,10521,19502,42101019502,370302,0,489249,2,,,,"Asociacion Puertorriquenos en Marcha (APM)19140,Merakey Behavioral Health19125,",,,,,,
345,,238,1,2.5,4,1,4,0,0,Census Tract 238,258,40.038937,-75.1827038,10551,23800,42101023800,781630,0,489579,2,,,,"Interim House Inc - PHMC19139,Merakey Behavioral Health19144,",,,,,,
346,,240,1,2.5,4,1,4,0,0,Census Tract 240,260,40.0280807,-75.1794623,10553,24000,42101024000,617080,0,489581,2,,,,"Drexel Medicine Caring Together Clinic19144,Merakey Behavioral Health19144,",,,,,,
347,,244,1,2.5,4,1,4,0,0,Census Tract 244,95,40.0248284,-75.1638925,10557,24400,42101024400,421189,0,489486,2,,,,"Drexel Medicine Caring Together Clinic19144,Merakey Behavioral Health19144,",,,,,,
348,,133,1,2.5,4,1,4,0,0,Census Tract 133,236,39.9666126,-75.1629455,10461,13300,42101013300,357932,0,489557,3,,,,"Chances-Phila Health Mgmt Corp (PHMC)*19107,PHMC Care Clinic MAT Program*19107,Project Home*19104,",,,,,,
349,,2,1,2.5,4,1,4,0,0,Census Tract 2,191,39.9553999,-75.1569775,10336,200,42101000200,382478,0,489354,4,,,,"Chances-Phila Health Mgmt Corp (PHMC)*19107,NET Centers19123,PHMC Care Clinic MAT Program*19107,Project Home*19104,",,,,,,
350,,131,1,2.5,4,1,4,0,0,Census Tract 131,234,39.9651312,-75.1507381,10459,13100,42101013100,322157,0,489555,4,,,,"Chances-Phila Health Mgmt Corp (PHMC)*19107,NET Centers19123,PHMC Care Clinic MAT Program*19107,Project Home*19104,",,,,,,
351,,132,1,2.5,4,1,4,0,0,Census Tract 132,235,39.9662042,-75.1571335,10460,13200,42101013200,426671,0,489556,4,,,,"Chances-Phila Health Mgmt Corp (PHMC)*19107,NET Centers19123,PHMC Care Clinic MAT Program*19107,Project Home*19104,",,,,,,
352,,11.02,1,2.5,4,0,0,1,4,Census Tract 11.02,151,39.9442654,-75.156696,10351,1102,42101001102,204062,0,489239,0,,,,,,,,,,
353,,9808,1,2.5,4,0,0,1,4,Census Tract 9808,324,39.9714517,-75.262177,10716,980800,42101980800,2106698,43823,489645,0,,,,,,,,,,
354,,282,1,2.5,4,0,0,1,4,Census Tract 282,356,40.0348704,-75.1403327,10596,28200,42101028200,855812,0,489701,1,,,,"Pathways to Housing*19141,",,,,,,
355,,125,1,2.5,4,0,0,1,4,Census Tract 125,233,39.9613701,-75.1720837,10458,12500,42101012500,864810,49075,489554,3,,,,"Chances-Phila Health Mgmt Corp (PHMC)*19107,PHMC Care Clinic MAT Program*19107,Project Home*19104,",,,,,,
356,,8.03,0,0,0,0,0,0,0,Census Tract 8.03,298,39.9493748,-75.1742489,10344,803,42101000803,152820,0,489619,0,,,,,,,,,,
357,,17,0,0,0,0,0,0,0,Census Tract 17,35,39.9377593,-75.1483114,10358,1700,42101001700,221530,0,489426,0,,,,,,,,,,
358,,50,0,0,0,0,0,0,0,Census Tract 50,46,39.8898768,-75.1691412,10389,5000,42101005000,4504459,3340294,489437,0,,,,,,,,,,
359,,56,0,0,0,0,0,0,0,Census Tract 56,49,39.8988328,-75.2447347,10392,5600,42101005600,840411,0,489440,0,,,,,,,,,,
360,,71.01,0,0,0,0,0,0,0,Census Tract 71.01,329,39.938158,-75.2249984,10403,7101,42101007101,253256,0,489650,0,,,,,,,,,,
361,,98.01,0,0,0,0,0,0,0,Census Tract 98.01,328,39.9775172,-75.2665972,10432,9801,42101009801,297977,0,489649,0,,,,,,,,,,
362,,117,0,0,0,0,0,0,0,Census Tract 117,228,39.991907,-75.2404371,10450,11700,42101011700,654019,0,489549,0,,,,,,,,,,
363,,120,0,0,0,0,0,0,0,Census Tract 120,231,39.9955323,-75.2297466,10453,12000,42101012000,600681,0,489552,0,,,,,,,,,,
364,,122.03,0,0,0,0,0,0,0,Census Tract 122.03,147,40.0074668,-75.2093526,10456,12203,42101012203,226108,0,489235,0,,,,,,,,,,
365,,122.04,0,0,0,0,0,0,0,Census Tract 122.04,146,40.0009407,-75.2120769,10457,12204,42101012204,849290,56473,489234,0,,,,,,,,,,
366,,138,0,0,0,0,0,0,0,Census Tract 138,4,39.9764504,-75.1771771,10468,13800,42101013800,341256,0,489385,0,,,,,,,,,,
367,,208,0,0,0,0,0,0,0,Census Tract 208,83,40.0213151,-75.193614,10534,20800,42101020800,880647,0,489474,0,,,,,,,,,,
368,,219,0,0,0,0,0,0,0,Census Tract 219,251,40.0505829,-75.2470033,10545,21900,42101021900,1410069,51091,489572,0,,,,,,,,,,
369,,231,0,0,0,0,0,0,0,Census Tract 231,254,40.0666637,-75.2038514,10547,23100,42101023100,732803,1270,489575,0,,,,,,,,,,
370,,255,0,0,0,0,0,0,0,Census Tract 255,104,40.0625796,-75.184064,10566,25500,42101025500,766603,0,489495,0,,,,,,,,,,
371,,256,0,0,0,0,0,0,0,Census Tract 256,105,40.0683411,-75.1883025,10567,25600,42101025600,863997,1979,489496,0,,,,,,,,,,
372,,258,0,0,0,0,0,0,0,Census Tract 258,262,40.0739801,-75.1823113,10569,25800,42101025800,586719,0,489583,0,,,,,,,,,,
373,,260,0,0,0,0,0,0,0,Census Tract 260,264,40.0761235,-75.169456,10571,26000,42101026000,543433,0,489585,0,,,,,,,,,,
374,,263.01,0,0,0,0,0,0,0,Census Tract 263.01,294,40.0728148,-75.1637161,10574,26301,42101026301,406340,0,489615,0,,,,,,,,,,
375,,274.01,0,0,0,0,0,0,0,Census Tract 274.01,156,40.0386049,-75.1286496,10586,27401,42101027401,326659,0,489244,0,,,,,,,,,,
376,,385,0,0,0,0,0,0,0,Census Tract 385,340,40.0757528,-75.2146234,10702,38500,42101038500,1338941,2576,489661,0,,,,,,,,,,
377,,9806,0,0,0,0,0,0,0,Census Tract 9806,306,39.9055378,-75.1707151,10714,980600,42101980600,1286624,0,489627,0,,,,,,,,,,
378,,8.01,0,0,0,0,0,0,0,Census Tract 8.01,332,39.9497374,-75.1804054,10343,801,42101000801,99958,12755,489653,1,,,,"Penn Medicine Mothers Matter Program*19103,",,,,,,
379,,77,0,0,0,0,0,0,0,Census Tract 77,225,39.9463523,-75.2082584,10408,7700,42101007700,322260,0,489546,1,,,,"Penn Medicine Mothers Matter Program*19103,",,,,,,
380,,136.01,0,0,0,0,0,0,0,Census Tract 136.01,184,39.9689697,-75.1785774,10465,13601,42101013601,167625,0,489272,1,,,,"Project Home*19104,",,,,,,
381,,206,0,0,0,0,0,0,0,Census Tract 206,30,40.0198,-75.182774,10532,20600,42101020600,1295848,56842,489411,1,,,,"Drexel Medicine Caring Together Clinic19144,",,,,,,
382,,235,0,0,0,0,0,0,0,Census Tract 235,255,40.0394435,-75.2007925,10548,23500,42101023500,775430,0,489576,1,,,,"Interim House Inc - PHMC19139,",,,,,,
383,,88.01,0,0,0,0,0,0,0,Census Tract 88.01,326,39.9539319,-75.1984477,10423,8801,42101008801,184674,0,489647,2,,,,"Penn Medicine Presbyterian Medical Center*19104,Penn Medicine Mothers Matter Program*19103,",,,,,,
384,,88.02,0,0,0,0,0,0,0,Census Tract 88.02,318,39.9529808,-75.2027893,10424,8802,42101008802,390951,0,489639,2,,,,"Penn Medicine Presbyterian Medical Center*19104,Penn Medicine Mothers Matter Program*19103,",,,,,,
,,,,,,,,,,,,,,,,,,,,,,,,,,,,,,
,,,,,,,,,,,,,,,,,,,,,,,,,,,,,,
,,,,,,,,,,,,,,,,,,,,,,,,,,,,,,
,,,,,,,,,,,,,,,,,,,,,,,,,,,,,,
,,,,,,,,,,,,,,,,,,,,,,,,,,,,,,
,,,,,,,,,,,,,,,,,,,,,,,,,,,,,,
,,,,,,,,,,,,,,,,,,,,,,,,,,,,,,
,,,,,,,,,,,,,,,,,,,,,,,,,,,,,,
,,,,,,,,,,,,,,,,,,,,,,,,,,,,,,
,,,,,,,,,,,,,,,,,,,,,,,,,,,,,,
,,,,,,,,,,,,,,,,,,,,,,,,,,,,,,
,,,,,,,,,,,,,,,,,,,,,,,,,,,,,,
,,,,,,,,,,,,,,,,,,,,,,,,,,,,,,
,,,,,,,,,,,,,,,,,,,,,,,,,,,,,,
,,,,,,,,,,,,,,,,,,,,,,,,,,,,,,
,,,,,,,,,,,,,,,,,,,,,,,,,,,,,,
,,,,,,,,,,,,,,,,,,,,,,,,,,,,,,
,,,,,,,,,,,,,,,,,,,,,,,,,,,,,,
,,,,,,,,,,,,,,,,,,,,,,,,,,,,,,
,,,,,,,,,,,,,,,,,,,,,,,,,,,,,,
,,,,,,,,,,,,,,,,,,,,,,,,,,,,,,
,,,,,,,,,,,,,,,,,,,,,,,,,,,,,,
,,,,,,,,,,,,,,,,,,,,,,,,,,,,,,
,,,,,,,,,,,,,,,,,,,,,,,,,,,,,,
,,,,,,,,,,,,,,,,,,,,,,,,,,,,,,
,,,,,,,,,,,,,,,,,,,,,,,,,,,,,,
,,,,,,,,,,,,,,,,,,,,,,,,,,,,,,
,,,,,,,,,,,,,,,,,,,,,,,,,,,,,,
,,,,,,,,,,,,,,,,,,,,,,,,,,,,,,
,,,,,,,,,,,,,,,,,,,,,,,,,,,,,,
,,,,,,,,,,,,,,,,,,,,,,,,,,,,,,
,,,,,,,,,,,,,,,,,,,,,,,,,,,,,,
,,,,,,,,,,,,,,,,,,,,,,,,,,,,,,
,,,,,,,,,,,,,,,,,,,,,,,,,,,,,,
,,,,,,,,,,,,,,,,,,,,,,,,,,,,,,
,,,,,,,,,,,,,,,,,,,,,,,,,,,,,,
,,,,,,,,,,,,,,,,,,,,,,,,,,,,,,
,,,,,,,,,,,,,,,,,,,,,,,,,,,,,,
,,,,,,,,,,,,,,,,,,,,,,,,,,,,,,
,,,,,,,,,,,,,,,,,,,,,,,,,,,,,,
,,,,,,,,,,,,,,,,,,,,,,,,,,,,,,
,,,,,,,,,,,,,,,,,,,,,,,,,,,,,,
,,,,,,,,,,,,,,,,,,,,,,,,,,,,,,
,,,,,,,,,,,,,,,,,,,,,,,,,,,,,,
,,,,,,,,,,,,,,,,,,,,,,,,,,,,,,
,,,,,,,,,,,,,,,,,,,,,,,,,,,,,,
,,,,,,,,,,,,,,,,,,,,,,,,,,,,,,
,,,,,,,,,,,,,,,,,,,,,,,,,,,,,,
,,,,,,,,,,,,,,,,,,,,,,,,,,,,,,
,,,,,,,,,,,,,,,,,,,,,,,,,,,,,,
,,,,,,,,,,,,,,,,,,,,,,,,,,,,,,
,,,,,,,,,,,,,,,,,,,,,,,,,,,,,,
,,,,,,,,,,,,,,,,,,,,,,,,,,,,,,
,,,,,,,,,,,,,,,,,,,,,,,,,,,,,,
,,,,,,,,,,,,,,,,,,,,,,,,,,,,,,
,,,,,,,,,,,,,,,,,,,,,,,,,,,,,,
,,,,,,,,,,,,,,,,,,,,,,,,,,,,,,
,,,,,,,,,,,,,,,,,,,,,,,,,,,,,,
,,,,,,,,,,,,,,,,,,,,,,,,,,,,,,
,,,,,,,,,,,,,,,,,,,,,,,,,,,,,,
,,,,,,,,,,,,,,,,,,,,,,,,,,,,,,
,,,,,,,,,,,,,,,,,,,,,,,,,,,,,,
,,,,,,,,,,,,,,,,,,,,,,,,,,,,,,
,,,,,,,,,,,,,,,,,,,,,,,,,,,,,,
,,,,,,,,,,,,,,,,,,,,,,,,,,,,,,
,,,,,,,,,,,,,,,,,,,,,,,,,,,,,,
,,,,,,,,,,,,,,,,,,,,,,,,,,,,,,
,,,,,,,,,,,,,,,,,,,,,,,,,,,,,,
,,,,,,,,,,,,,,,,,,,,,,,,,,,,,,
,,,,,,,,,,,,,,,,,,,,,,,,,,,,,,
,,,,,,,,,,,,,,,,,,,,,,,,,,,,,,
,,,,,,,,,,,,,,,,,,,,,,,,,,,,,,
,,,,,,,,,,,,,,,,,,,,,,,,,,,,,,
,,,,,,,,,,,,,,,,,,,,,,,,,,,,,,
,,,,,,,,,,,,,,,,,,,,,,,,,,,,,,
,,,,,,,,,,,,,,,,,,,,,,,,,,,,,,
,,,,,,,,,,,,,,,,,,,,,,,,,,,,,,
,,,,,,,,,,,,,,,,,,,,,,,,,,,,,,
,,,,,,,,,,,,,,,,,,,,,,,,,,,,,,
,,,,,,,,,,,,,,,,,,,,,,,,,,,,,,
,,,,,,,,,,,,,,,,,,,,,,,,,,,,,,
,,,,,,,,,,,,,,,,,,,,,,,,,,,,,,
,,,,,,,,,,,,,,,,,,,,,,,,,,,,,,
,,,,,,,,,,,,,,,,,,,,,,,,,,,,,,
,,,,,,,,,,,,,,,,,,,,,,,,,,,,,,
,,,,,,,,,,,,,,,,,,,,,,,,,,,,,,
,,,,,,,,,,,,,,,,,,,,,,,,,,,,,,
,,,,,,,,,,,,,,,,,,,,,,,,,,,,,,
,,,,,,,,,,,,,,,,,,,,,,,,,,,,,,
,,,,,,,,,,,,,,,,,,,,,,,,,,,,,,
,,,,,,,,,,,,,,,,,,,,,,,,,,,,,,
,,,,,,,,,,,,,,,,,,,,,,,,,,,,,,
,,,,,,,,,,,,,,,,,,,,,,,,,,,,,,
,,,,,,,,,,,,,,,,,,,,,,,,,,,,,,
,,,,,,,,,,,,,,,,,,,,,,,,,,,,,,
,,,,,,,,,,,,,,,,,,,,,,,,,,,,,,
,,,,,,,,,,,,,,,,,,,,,,,,,,,,,,
,,,,,,,,,,,,,,,,,,,,,,,,,,,,,,
,,,,,,,,,,,,,,,,,,,,,,,,,,,,,,
,,,,,,,,,,,,,,,,,,,,,,,,,,,,,,
,,,,,,,,,,,,,,,,,,,,,,,,,,,,,,
,,,,,,,,,,,,,,,,,,,,,,,,,,,,,,
,,,,,,,,,,,,,,,,,,,,,,,,,,,,,,
,,,,,,,,,,,,,,,,,,,,,,,,,,,,,,
,,,,,,,,,,,,,,,,,,,,,,,,,,,,,,
,,,,,,,,,,,,,,,,,,,,,,,,,,,,,,
,,,,,,,,,,,,,,,,,,,,,,,,,,,,,,
,,,,,,,,,,,,,,,,,,,,,,,,,,,,,,
,,,,,,,,,,,,,,,,,,,,,,,,,,,,,,
,,,,,,,,,,,,,,,,,,,,,,,,,,,,,,
,,,,,,,,,,,,,,,,,,,,,,,,,,,,,,
,,,,,,,,,,,,,,,,,,,,,,,,,,,,,,
,,,,,,,,,,,,,,,,,,,,,,,,,,,,,,
,,,,,,,,,,,,,,,,,,,,,,,,,,,,,,
,,,,,,,,,,,,,,,,,,,,,,,,,,,,,,
,,,,,,,,,,,,,,,,,,,,,,,,,,,,,,
,,,,,,,,,,,,,,,,,,,,,,,,,,,,,,
,,,,,,,,,,,,,,,,,,,,,,,,,,,,,,
,,,,,,,,,,,,,,,,,,,,,,,,,,,,,,
,,,,,,,,,,,,,,,,,,,,,,,,,,,,,,
,,,,,,,,,,,,,,,,,,,,,,,,,,,,,,
,,,,,,,,,,,,,,,,,,,,,,,,,,,,,,
,,,,,,,,,,,,,,,,,,,,,,,,,,,,,,
,,,,,,,,,,,,,,,,,,,,,,,,,,,,,,
,,,,,,,,,,,,,,,,,,,,,,,,,,,,,,
,,,,,,,,,,,,,,,,,,,,,,,,,,,,,,
,,,,,,,,,,,,,,,,,,,,,,,,,,,,,,
,,,,,,,,,,,,,,,,,,,,,,,,,,,,,,
,,,,,,,,,,,,,,,,,,,,,,,,,,,,,,
,,,,,,,,,,,,,,,,,,,,,,,,,,,,,,
,,,,,,,,,,,,,,,,,,,,,,,,,,,,,,
,,,,,,,,,,,,,,,,,,,,,,,,,,,,,,
,,,,,,,,,,,,,,,,,,,,,,,,,,,,,,
,,,,,,,,,,,,,,,,,,,,,,,,,,,,,,
,,,,,,,,,,,,,,,,,,,,,,,,,,,,,,
,,,,,,,,,,,,,,,,,,,,,,,,,,,,,,
,,,,,,,,,,,,,,,,,,,,,,,,,,,,,,
,,,,,,,,,,,,,,,,,,,,,,,,,,,,,,
,,,,,,,,,,,,,,,,,,,,,,,,,,,,,,
,,,,,,,,,,,,,,,,,,,,,,,,,,,,,,
,,,,,,,,,,,,,,,,,,,,,,,,,,,,,,
,,,,,,,,,,,,,,,,,,,,,,,,,,,,,,
,,,,,,,,,,,,,,,,,,,,,,,,,,,,,,
,,,,,,,,,,,,,,,,,,,,,,,,,,,,,,
,,,,,,,,,,,,,,,,,,,,,,,,,,,,,,
,,,,,,,,,,,,,,,,,,,,,,,,,,,,,,
,,,,,,,,,,,,,,,,,,,,,,,,,,,,,,
,,,,,,,,,,,,,,,,,,,,,,,,,,,,,,
,,,,,,,,,,,,,,,,,,,,,,,,,,,,,,
,,,,,,,,,,,,,,,,,,,,,,,,,,,,,,
,,,,,,,,,,,,,,,,,,,,,,,,,,,,,,
,,,,,,,,,,,,,,,,,,,,,,,,,,,,,,
,,,,,,,,,,,,,,,,,,,,,,,,,,,,,,
,,,,,,,,,,,,,,,,,,,,,,,,,,,,,,
,,,,,,,,,,,,,,,,,,,,,,,,,,,,,,
,,,,,,,,,,,,,,,,,,,,,,,,,,,,,,
,,,,,,,,,,,,,,,,,,,,,,,,,,,,,,
,,,,,,,,,,,,,,,,,,,,,,,,,,,,,,
,,,,,,,,,,,,,,,,,,,,,,,,,,,,,,
,,,,,,,,,,,,,,,,,,,,,,,,,,,,,,
,,,,,,,,,,,,,,,,,,,,,,,,,,,,,,
,,,,,,,,,,,,,,,,,,,,,,,,,,,,,,
,,,,,,,,,,,,,,,,,,,,,,,,,,,,,,
,,,,,,,,,,,,,,,,,,,,,,,,,,,,,,
,,,,,,,,,,,,,,,,,,,,,,,,,,,,,,
,,,,,,,,,,,,,,,,,,,,,,,,,,,,,,
,,,,,,,,,,,,,,,,,,,,,,,,,,,,,,
,,,,,,,,,,,,,,,,,,,,,,,,,,,,,,
,,,,,,,,,,,,,,,,,,,,,,,,,,,,,,
,,,,,,,,,,,,,,,,,,,,,,,,,,,,,,
,,,,,,,,,,,,,,,,,,,,,,,,,,,,,,
,,,,,,,,,,,,,,,,,,,,,,,,,,,,,,
,,,,,,,,,,,,,,,,,,,,,,,,,,,,,,
,,,,,,,,,,,,,,,,,,,,,,,,,,,,,,
,,,,,,,,,,,,,,,,,,,,,,,,,,,,,,
,,,,,,,,,,,,,,,,,,,,,,,,,,,,,,
,,,,,,,,,,,,,,,,,,,,,,,,,,,,,,
,,,,,,,,,,,,,,,,,,,,,,,,,,,,,,
,,,,,,,,,,,,,,,,,,,,,,,,,,,,,,
,,,,,,,,,,,,,,,,,,,,,,,,,,,,,,
,,,,,,,,,,,,,,,,,,,,,,,,,,,,,,
,,,,,,,,,,,,,,,,,,,,,,,,,,,,,,
,,,,,,,,,,,,,,,,,,,,,,,,,,,,,,
,,,,,,,,,,,,,,,,,,,,,,,,,,,,,,
,,,,,,,,,,,,,,,,,,,,,,,,,,,,,,
,,,,,,,,,,,,,,,,,,,,,,,,,,,,,,
,,,,,,,,,,,,,,,,,,,,,,,,,,,,,,
,,,,,,,,,,,,,,,,,,,,,,,,,,,,,,
,,,,,,,,,,,,,,,,,,,,,,,,,,,,,,
,,,,,,,,,,,,,,,,,,,,,,,,,,,,,,
,,,,,,,,,,,,,,,,,,,,,,,,,,,,,,
,,,,,,,,,,,,,,,,,,,,,,,,,,,,,,
,,,,,,,,,,,,,,,,,,,,,,,,,,,,,,
,,,,,,,,,,,,,,,,,,,,,,,,,,,,,,
,,,,,,,,,,,,,,,,,,,,,,,,,,,,,,
,,,,,,,,,,,,,,,,,,,,,,,,,,,,,,
,,,,,,,,,,,,,,,,,,,,,,,,,,,,,,
,,,,,,,,,,,,,,,,,,,,,,,,,,,,,,
,,,,,,,,,,,,,,,,,,,,,,,,,,,,,,
,,,,,,,,,,,,,,,,,,,,,,,,,,,,,,
,,,,,,,,,,,,,,,,,,,,,,,,,,,,,,
,,,,,,,,,,,,,,,,,,,,,,,,,,,,,,
,,,,,,,,,,,,,,,,,,,,,,,,,,,,,,
,,,,,,,,,,,,,,,,,,,,,,,,,,,,,,
,,,,,,,,,,,,,,,,,,,,,,,,,,,,,,
,,,,,,,,,,,,,,,,,,,,,,,,,,,,,,
,,,,,,,,,,,,,,,,,,,,,,,,,,,,,,
,,,,,,,,,,,,,,,,,,,,,,,,,,,,,,
,,,,,,,,,,,,,,,,,,,,,,,,,,,,,,
,,,,,,,,,,,,,,,,,,,,,,,,,,,,,,
,,,,,,,,,,,,,,,,,,,,,,,,,,,,,,
,,,,,,,,,,,,,,,,,,,,,,,,,,,,,,
,,,,,,,,,,,,,,,,,,,,,,,,,,,,,,
,,,,,,,,,,,,,,,,,,,,,,,,,,,,,,
,,,,,,,,,,,,,,,,,,,,,,,,,,,,,,
,,,,,,,,,,,,,,,,,,,,,,,,,,,,,,
,,,,,,,,,,,,,,,,,,,,,,,,,,,,,,
,,,,,,,,,,,,,,,,,,,,,,,,,,,,,,
,,,,,,,,,,,,,,,,,,,,,,,,,,,,,,
,,,,,,,,,,,,,,,,,,,,,,,,,,,,,,
,,,,,,,,,,,,,,,,,,,,,,,,,,,,,,
,,,,,,,,,,,,,,,,,,,,,,,,,,,,,,
,,,,,,,,,,,,,,,,,,,,,,,,,,,,,,
,,,,,,,,,,,,,,,,,,,,,,,,,,,,,,
,,,,,,,,,,,,,,,,,,,,,,,,,,,,,,
,,,,,,,,,,,,,,,,,,,,,,,,,,,,,,
,,,,,,,,,,,,,,,,,,,,,,,,,,,,,,
,,,,,,,,,,,,,,,,,,,,,,,,,,,,,,
,,,,,,,,,,,,,,,,,,,,,,,,,,,,,,
,,,,,,,,,,,,,,,,,,,,,,,,,,,,,,
,,,,,,,,,,,,,,,,,,,,,,,,,,,,,,
,,,,,,,,,,,,,,,,,,,,,,,,,,,,,,
,,,,,,,,,,,,,,,,,,,,,,,,,,,,,,
,,,,,,,,,,,,,,,,,,,,,,,,,,,,,,
,,,,,,,,,,,,,,,,,,,,,,,,,,,,,,
,,,,,,,,,,,,,,,,,,,,,,,,,,,,,,
,,,,,,,,,,,,,,,,,,,,,,,,,,,,,,
,,,,,,,,,,,,,,,,,,,,,,,,,,,,,,
,,,,,,,,,,,,,,,,,,,,,,,,,,,,,,
,,,,,,,,,,,,,,,,,,,,,,,,,,,,,,
,,,,,,,,,,,,,,,,,,,,,,,,,,,,,,
,,,,,,,,,,,,,,,,,,,,,,,,,,,,,,
,,,,,,,,,,,,,,,,,,,,,,,,,,,,,,
,,,,,,,,,,,,,,,,,,,,,,,,,,,,,,
,,,,,,,,,,,,,,,,,,,,,,,,,,,,,,
,,,,,,,,,,,,,,,,,,,,,,,,,,,,,,
,,,,,,,,,,,,,,,,,,,,,,,,,,,,,,
,,,,,,,,,,,,,,,,,,,,,,,,,,,,,,
,,,,,,,,,,,,,,,,,,,,,,,,,,,,,,
,,,,,,,,,,,,,,,,,,,,,,,,,,,,,,
,,,,,,,,,,,,,,,,,,,,,,,,,,,,,,
,,,,,,,,,,,,,,,,,,,,,,,,,,,,,,
,,,,,,,,,,,,,,,,,,,,,,,,,,,,,,
,,,,,,,,,,,,,,,,,,,,,,,,,,,,,,
,,,,,,,,,,,,,,,,,,,,,,,,,,,,,,
,,,,,,,,,,,,,,,,,,,,,,,,,,,,,,
,,,,,,,,,,,,,,,,,,,,,,,,,,,,,,
,,,,,,,,,,,,,,,,,,,,,,,,,,,,,,
,,,,,,,,,,,,,,,,,,,,,,,,,,,,,,
,,,,,,,,,,,,,,,,,,,,,,,,,,,,,,
,,,,,,,,,,,,,,,,,,,,,,,,,,,,,,
,,,,,,,,,,,,,,,,,,,,,,,,,,,,,,
,,,,,,,,,,,,,,,,,,,,,,,,,,,,,,
,,,,,,,,,,,,,,,,,,,,,,,,,,,,,,
,,,,,,,,,,,,,,,,,,,,,,,,,,,,,,
,,,,,,,,,,,,,,,,,,,,,,,,,,,,,,
,,,,,,,,,,,,,,,,,,,,,,,,,,,,,,
,,,,,,,,,,,,,,,,,,,,,,,,,,,,,,
,,,,,,,,,,,,,,,,,,,,,,,,,,,,,,
,,,,,,,,,,,,,,,,,,,,,,,,,,,,,,
,,,,,,,,,,,,,,,,,,,,,,,,,,,,,,
,,,,,,,,,,,,,,,,,,,,,,,,,,,,,,
,,,,,,,,,,,,,,,,,,,,,,,,,,,,,,
,,,,,,,,,,,,,,,,,,,,,,,,,,,,,,
,,,,,,,,,,,,,,,,,,,,,,,,,,,,,,
,,,,,,,,,,,,,,,,,,,,,,,,,,,,,,
,,,,,,,,,,,,,,,,,,,,,,,,,,,,,,
,,,,,,,,,,,,,,,,,,,,,,,,,,,,,,
,,,,,,,,,,,,,,,,,,,,,,,,,,,,,,
,,,,,,,,,,,,,,,,,,,,,,,,,,,,,,
,,,,,,,,,,,,,,,,,,,,,,,,,,,,,,
,,,,,,,,,,,,,,,,,,,,,,,,,,,,,,
,,,,,,,,,,,,,,,,,,,,,,,,,,,,,,
,,,,,,,,,,,,,,,,,,,,,,,,,,,,,,
,,,,,,,,,,,,,,,,,,,,,,,,,,,,,,
,,,,,,,,,,,,,,,,,,,,,,,,,,,,,,
,,,,,,,,,,,,,,,,,,,,,,,,,,,,,,
,,,,,,,,,,,,,,,,,,,,,,,,,,,,,,
,,,,,,,,,,,,,,,,,,,,,,,,,,,,,,
,,,,,,,,,,,,,,,,,,,,,,,,,,,,,,
,,,,,,,,,,,,,,,,,,,,,,,,,,,,,,
,,,,,,,,,,,,,,,,,,,,,,,,,,,,,,
,,,,,,,,,,,,,,,,,,,,,,,,,,,,,,
,,,,,,,,,,,,,,,,,,,,,,,,,,,,,,
,,,,,,,,,,,,,,,,,,,,,,,,,,,,,,
,,,,,,,,,,,,,,,,,,,,,,,,,,,,,,
,,,,,,,,,,,,,,,,,,,,,,,,,,,,,,
,,,,,,,,,,,,,,,,,,,,,,,,,,,,,,
,,,,,,,,,,,,,,,,,,,,,,,,,,,,,,
,,,,,,,,,,,,,,,,,,,,,,,,,,,,,,
,,,,,,,,,,,,,,,,,,,,,,,,,,,,,,
,,,,,,,,,,,,,,,,,,,,,,,,,,,,,,
,,,,,,,,,,,,,,,,,,,,,,,,,,,,,,
,,,,,,,,,,,,,,,,,,,,,,,,,,,,,,
,,,,,,,,,,,,,,,,,,,,,,,,,,,,,,
,,,,,,,,,,,,,,,,,,,,,,,,,,,,,,
,,,,,,,,,,,,,,,,,,,,,,,,,,,,,,
,,,,,,,,,,,,,,,,,,,,,,,,,,,,,,
,,,,,,,,,,,,,,,,,,,,,,,,,,,,,,
,,,,,,,,,,,,,,,,,,,,,,,,,,,,,,
,,,,,,,,,,,,,,,,,,,,,,,,,,,,,,
,,,,,,,,,,,,,,,,,,,,,,,,,,,,,,
,,,,,,,,,,,,,,,,,,,,,,,,,,,,,,
,,,,,,,,,,,,,,,,,,,,,,,,,,,,,,
,,,,,,,,,,,,,,,,,,,,,,,,,,,,,,
,,,,,,,,,,,,,,,,,,,,,,,,,,,,,,
,,,,,,,,,,,,,,,,,,,,,,,,,,,,,,
,,,,,,,,,,,,,,,,,,,,,,,,,,,,,,
,,,,,,,,,,,,,,,,,,,,,,,,,,,,,,
,,,,,,,,,,,,,,,,,,,,,,,,,,,,,,
,,,,,,,,,,,,,,,,,,,,,,,,,,,,,,
,,,,,,,,,,,,,,,,,,,,,,,,,,,,,,
,,,,,,,,,,,,,,,,,,,,,,,,,,,,,,
,,,,,,,,,,,,,,,,,,,,,,,,,,,,,,
,,,,,,,,,,,,,,,,,,,,,,,,,,,,,,
,,,,,,,,,,,,,,,,,,,,,,,,,,,,,,
,,,,,,,,,,,,,,,,,,,,,,,,,,,,,,
,,,,,,,,,,,,,,,,,,,,,,,,,,,,,,
,,,,,,,,,,,,,,,,,,,,,,,,,,,,,,
,,,,,,,,,,,,,,,,,,,,,,,,,,,,,,
,,,,,,,,,,,,,,,,,,,,,,,,,,,,,,
,,,,,,,,,,,,,,,,,,,,,,,,,,,,,,
,,,,,,,,,,,,,,,,,,,,,,,,,,,,,,
,,,,,,,,,,,,,,,,,,,,,,,,,,,,,,
,,,,,,,,,,,,,,,,,,,,,,,,,,,,,,
,,,,,,,,,,,,,,,,,,,,,,,,,,,,,,
,,,,,,,,,,,,,,,,,,,,,,,,,,,,,,
,,,,,,,,,,,,,,,,,,,,,,,,,,,,,,
,,,,,,,,,,,,,,,,,,,,,,,,,,,,,,
,,,,,,,,,,,,,,,,,,,,,,,,,,,,,,
,,,,,,,,,,,,,,,,,,,,,,,,,,,,,,
,,,,,,,,,,,,,,,,,,,,,,,,,,,,,,
,,,,,,,,,,,,,,,,,,,,,,,,,,,,,,
,,,,,,,,,,,,,,,,,,,,,,,,,,,,,,
,,,,,,,,,,,,,,,,,,,,,,,,,,,,,,
,,,,,,,,,,,,,,,,,,,,,,,,,,,,,,
,,,,,,,,,,,,,,,,,,,,,,,,,,,,,,
,,,,,,,,,,,,,,,,,,,,,,,,,,,,,,
,,,,,,,,,,,,,,,,,,,,,,,,,,,,,,
,,,,,,,,,,,,,,,,,,,,,,,,,,,,,,
,,,,,,,,,,,,,,,,,,,,,,,,,,,,,,
,,,,,,,,,,,,,,,,,,,,,,,,,,,,,,
,,,,,,,,,,,,,,,,,,,,,,,,,,,,,,
,,,,,,,,,,,,,,,,,,,,,,,,,,,,,,
,,,,,,,,,,,,,,,,,,,,,,,,,,,,,,
,,,,,,,,,,,,,,,,,,,,,,,,,,,,,,
,,,,,,,,,,,,,,,,,,,,,,,,,,,,,,
,,,,,,,,,,,,,,,,,,,,,,,,,,,,,,
,,,,,,,,,,,,,,,,,,,,,,,,,,,,,,
,,,,,,,,,,,,,,,,,,,,,,,,,,,,,,
,,,,,,,,,,,,,,,,,,,,,,,,,,,,,,
,,,,,,,,,,,,,,,,,,,,,,,,,,,,,,
,,,,,,,,,,,,,,,,,,,,,,,,,,,,,,
,,,,,,,,,,,,,,,,,,,,,,,,,,,,,,
,,,,,,,,,,,,,,,,,,,,,,,,,,,,,,
,,,,,,,,,,,,,,,,,,,,,,,,,,,,,,
,,,,,,,,,,,,,,,,,,,,,,,,,,,,,,
,,,,,,,,,,,,,,,,,,,,,,,,,,,,,,
,,,,,,,,,,,,,,,,,,,,,,,,,,,,,,
,,,,,,,,,,,,,,,,,,,,,,,,,,,,,,
,,,,,,,,,,,,,,,,,,,,,,,,,,,,,,
,,,,,,,,,,,,,,,,,,,,,,,,,,,,,,
,,,,,,,,,,,,,,,,,,,,,,,,,,,,,,
,,,,,,,,,,,,,,,,,,,,,,,,,,,,,,
,,,,,,,,,,,,,,,,,,,,,,,,,,,,,,
,,,,,,,,,,,,,,,,,,,,,,,,,,,,,,
,,,,,,,,,,,,,,,,,,,,,,,,,,,,,,
,,,,,,,,,,,,,,,,,,,,,,,,,,,,,,
,,,,,,,,,,,,,,,,,,,,,,,,,,,,,,
,,,,,,,,,,,,,,,,,,,,,,,,,,,,,,
,,,,,,,,,,,,,,,,,,,,,,,,,,,,,,
,,,,,,,,,,,,,,,,,,,,,,,,,,,,,,
,,,,,,,,,,,,,,,,,,,,,,,,,,,,,,
,,,,,,,,,,,,,,,,,,,,,,,,,,,,,,
,,,,,,,,,,,,,,,,,,,,,,,,,,,,,,
,,,,,,,,,,,,,,,,,,,,,,,,,,,,,,
,,,,,,,,,,,,,,,,,,,,,,,,,,,,,,
,,,,,,,,,,,,,,,,,,,,,,,,,,,,,,
,,,,,,,,,,,,,,,,,,,,,,,,,,,,,,
,,,,,,,,,,,,,,,,,,,,,,,,,,,,,,
,,,,,,,,,,,,,,,,,,,,,,,,,,,,,,
,,,,,,,,,,,,,,,,,,,,,,,,,,,,,,
,,,,,,,,,,,,,,,,,,,,,,,,,,,,,,
,,,,,,,,,,,,,,,,,,,,,,,,,,,,,,
,,,,,,,,,,,,,,,,,,,,,,,,,,,,,,
,,,,,,,,,,,,,,,,,,,,,,,,,,,,,,
,,,,,,,,,,,,,,,,,,,,,,,,,,,,,,
,,,,,,,,,,,,,,,,,,,,,,,,,,,,,,
,,,,,,,,,,,,,,,,,,,,,,,,,,,,,,
,,,,,,,,,,,,,,,,,,,,,,,,,,,,,,
,,,,,,,,,,,,,,,,,,,,,,,,,,,,,,
,,,,,,,,,,,,,,,,,,,,,,,,,,,,,,
,,,,,,,,,,,,,,,,,,,,,,,,,,,,,,
,,,,,,,,,,,,,,,,,,,,,,,,,,,,,,
,,,,,,,,,,,,,,,,,,,,,,,,,,,,,,
,,,,,,,,,,,,,,,,,,,,,,,,,,,,,,
,,,,,,,,,,,,,,,,,,,,,,,,,,,,,,
,,,,,,,,,,,,,,,,,,,,,,,,,,,,,,
,,,,,,,,,,,,,,,,,,,,,,,,,,,,,,
,,,,,,,,,,,,,,,,,,,,,,,,,,,,,,
,,,,,,,,,,,,,,,,,,,,,,,,,,,,,,
,,,,,,,,,,,,,,,,,,,,,,,,,,,,,,
,,,,,,,,,,,,,,,,,,,,,,,,,,,,,,
,,,,,,,,,,,,,,,,,,,,,,,,,,,,,,
,,,,,,,,,,,,,,,,,,,,,,,,,,,,,,
,,,,,,,,,,,,,,,,,,,,,,,,,,,,,,
,,,,,,,,,,,,,,,,,,,,,,,,,,,,,,
,,,,,,,,,,,,,,,,,,,,,,,,,,,,,,
,,,,,,,,,,,,,,,,,,,,,,,,,,,,,,
,,,,,,,,,,,,,,,,,,,,,,,,,,,,,,
,,,,,,,,,,,,,,,,,,,,,,,,,,,,,,
,,,,,,,,,,,,,,,,,,,,,,,,,,,,,,
,,,,,,,,,,,,,,,,,,,,,,,,,,,,,,
,,,,,,,,,,,,,,,,,,,,,,,,,,,,,,
,,,,,,,,,,,,,,,,,,,,,,,,,,,,,,
,,,,,,,,,,,,,,,,,,,,,,,,,,,,,,
,,,,,,,,,,,,,,,,,,,,,,,,,,,,,,
,,,,,,,,,,,,,,,,,,,,,,,,,,,,,,
,,,,,,,,,,,,,,,,,,,,,,,,,,,,,,
,,,,,,,,,,,,,,,,,,,,,,,,,,,,,,
,,,,,,,,,,,,,,,,,,,,,,,,,,,,,,
,,,,,,,,,,,,,,,,,,,,,,,,,,,,,,
,,,,,,,,,,,,,,,,,,,,,,,,,,,,,,
,,,,,,,,,,,,,,,,,,,,,,,,,,,,,,
,,,,,,,,,,,,,,,,,,,,,,,,,,,,,,
,,,,,,,,,,,,,,,,,,,,,,,,,,,,,,
,,,,,,,,,,,,,,,,,,,,,,,,,,,,,,
,,,,,,,,,,,,,,,,,,,,,,,,,,,,,,
,,,,,,,,,,,,,,,,,,,,,,,,,,,,,,
,,,,,,,,,,,,,,,,,,,,,,,,,,,,,,
,,,,,,,,,,,,,,,,,,,,,,,,,,,,,,
,,,,,,,,,,,,,,,,,,,,,,,,,,,,,,
,,,,,,,,,,,,,,,,,,,,,,,,,,,,,,
,,,,,,,,,,,,,,,,,,,,,,,,,,,,,,
,,,,,,,,,,,,,,,,,,,,,,,,,,,,,,
,,,,,,,,,,,,,,,,,,,,,,,,,,,,,,
,,,,,,,,,,,,,,,,,,,,,,,,,,,,,,
,,,,,,,,,,,,,,,,,,,,,,,,,,,,,,
,,,,,,,,,,,,,,,,,,,,,,,,,,,,,,
,,,,,,,,,,,,,,,,,,,,,,,,,,,,,,
,,,,,,,,,,,,,,,,,,,,,,,,,,,,,,
,,,,,,,,,,,,,,,,,,,,,,,,,,,,,,
,,,,,,,,,,,,,,,,,,,,,,,,,,,,,,
,,,,,,,,,,,,,,,,,,,,,,,,,,,,,,
,,,,,,,,,,,,,,,,,,,,,,,,,,,,,,
,,,,,,,,,,,,,,,,,,,,,,,,,,,,,,
,,,,,,,,,,,,,,,,,,,,,,,,,,,,,,
,,,,,,,,,,,,,,,,,,,,,,,,,,,,,,
,,,,,,,,,,,,,,,,,,,,,,,,,,,,,,
,,,,,,,,,,,,,,,,,,,,,,,,,,,,,,
,,,,,,,,,,,,,,,,,,,,,,,,,,,,,,
,,,,,,,,,,,,,,,,,,,,,,,,,,,,,,
,,,,,,,,,,,,,,,,,,,,,,,,,,,,,,
,,,,,,,,,,,,,,,,,,,,,,,,,,,,,,
,,,,,,,,,,,,,,,,,,,,,,,,,,,,,,
,,,,,,,,,,,,,,,,,,,,,,,,,,,,,,
,,,,,,,,,,,,,,,,,,,,,,,,,,,,,,
,,,,,,,,,,,,,,,,,,,,,,,,,,,,,,
,,,,,,,,,,,,,,,,,,,,,,,,,,,,,,
,,,,,,,,,,,,,,,,,,,,,,,,,,,,,,
,,,,,,,,,,,,,,,,,,,,,,,,,,,,,,
,,,,,,,,,,,,,,,,,,,,,,,,,,,,,,
,,,,,,,,,,,,,,,,,,,,,,,,,,,,,,
,,,,,,,,,,,,,,,,,,,,,,,,,,,,,,
,,,,,,,,,,,,,,,,,,,,,,,,,,,,,,
,,,,,,,,,,,,,,,,,,,,,,,,,,,,,,
,,,,,,,,,,,,,,,,,,,,,,,,,,,,,,
,,,,,,,,,,,,,,,,,,,,,,,,,,,,,,
,,,,,,,,,,,,,,,,,,,,,,,,,,,,,,
,,,,,,,,,,,,,,,,,,,,,,,,,,,,,,
,,,,,,,,,,,,,,,,,,,,,,,,,,,,,,
,,,,,,,,,,,,,,,,,,,,,,,,,,,,,,
,,,,,,,,,,,,,,,,,,,,,,,,,,,,,,
,,,,,,,,,,,,,,,,,,,,,,,,,,,,,,
,,,,,,,,,,,,,,,,,,,,,,,,,,,,,,
,,,,,,,,,,,,,,,,,,,,,,,,,,,,,,
,,,,,,,,,,,,,,,,,,,,,,,,,,,,,,
,,,,,,,,,,,,,,,,,,,,,,,,,,,,,,
,,,,,,,,,,,,,,,,,,,,,,,,,,,,,,
,,,,,,,,,,,,,,,,,,,,,,,,,,,,,,
,,,,,,,,,,,,,,,,,,,,,,,,,,,,,,
,,,,,,,,,,,,,,,,,,,,,,,,,,,,,,
,,,,,,,,,,,,,,,,,,,,,,,,,,,,,,
,,,,,,,,,,,,,,,,,,,,,,,,,,,,,,
,,,,,,,,,,,,,,,,,,,,,,,,,,,,,,
,,,,,,,,,,,,,,,,,,,,,,,,,,,,,,
,,,,,,,,,,,,,,,,,,,,,,,,,,,,,,
,,,,,,,,,,,,,,,,,,,,,,,,,,,,,,
,,,,,,,,,,,,,,,,,,,,,,,,,,,,,,
,,,,,,,,,,,,,,,,,,,,,,,,,,,,,,
,,,,,,,,,,,,,,,,,,,,,,,,,,,,,,
,,,,,,,,,,,,,,,,,,,,,,,,,,,,,,
,,,,,,,,,,,,,,,,,,,,,,,,,,,,,,
,,,,,,,,,,,,,,,,,,,,,,,,,,,,,,
,,,,,,,,,,,,,,,,,,,,,,,,,,,,,,
,,,,,,,,,,,,,,,,,,,,,,,,,,,,,,
,,,,,,,,,,,,,,,,,,,,,,,,,,,,,,
,,,,,,,,,,,,,,,,,,,,,,,,,,,,,,
,,,,,,,,,,,,,,,,,,,,,,,,,,,,,,
,,,,,,,,,,,,,,,,,,,,,,,,,,,,,,
,,,,,,,,,,,,,,,,,,,,,,,,,,,,,,
,,,,,,,,,,,,,,,,,,,,,,,,,,,,,,
,,,,,,,,,,,,,,,,,,,,,,,,,,,,,,
,,,,,,,,,,,,,,,,,,,,,,,,,,,,,,
,,,,,,,,,,,,,,,,,,,,,,,,,,,,,,
,,,,,,,,,,,,,,,,,,,,,,,,,,,,,,
,,,,,,,,,,,,,,,,,,,,,,,,,,,,,,
,,,,,,,,,,,,,,,,,,,,,,,,,,,,,,
,,,,,,,,,,,,,,,,,,,,,,,,,,,,,,
,,,,,,,,,,,,,,,,,,,,,,,,,,,,,,
,,,,,,,,,,,,,,,,,,,,,,,,,,,,,,
,,,,,,,,,,,,,,,,,,,,,,,,,,,,,,
,,,,,,,,,,,,,,,,,,,,,,,,,,,,,,
,,,,,,,,,,,,,,,,,,,,,,,,,,,,,,
,,,,,,,,,,,,,,,,,,,,,,,,,,,,,,
,,,,,,,,,,,,,,,,,,,,,,,,,,,,,,
,,,,,,,,,,,,,,,,,,,,,,,,,,,,,,
,,,,,,,,,,,,,,,,,,,,,,,,,,,,,,
,,,,,,,,,,,,,,,,,,,,,,,,,,,,,,
,,,,,,,,,,,,,,,,,,,,,,,,,,,,,,
,,,,,,,,,,,,,,,,,,,,,,,,,,,,,,
,,,,,,,,,,,,,,,,,,,,,,,,,,,,,,
,,,,,,,,,,,,,,,,,,,,,,,,,,,,,,
,,,,,,,,,,,,,,,,,,,,,,,,,,,,,,
,,,,,,,,,,,,,,,,,,,,,,,,,,,,,,
,,,,,,,,,,,,,,,,,,,,,,,,,,,,,,
,,,,,,,,,,,,,,,,,,,,,,,,,,,,,,
,,,,,,,,,,,,,,,,,,,,,,,,,,,,,,
,,,,,,,,,,,,,,,,,,,,,,,,,,,,,,
,,,,,,,,,,,,,,,,,,,,,,,,,,,,,,
,,,,,,,,,,,,,,,,,,,,,,,,,,,,,,
,,,,,,,,,,,,,,,,,,,,,,,,,,,,,,
,,,,,,,,,,,,,,,,,,,,,,,,,,,,,,
,,,,,,,,,,,,,,,,,,,,,,,,,,,,,,
,,,,,,,,,,,,,,,,,,,,,,,,,,,,,,
,,,,,,,,,,,,,,,,,,,,,,,,,,,,,,
,,,,,,,,,,,,,,,,,,,,,,,,,,,,,,
,,,,,,,,,,,,,,,,,,,,,,,,,,,,,,
,,,,,,,,,,,,,,,,,,,,,,,,,,,,,,
,,,,,,,,,,,,,,,,,,,,,,,,,,,,,,
,,,,,,,,,,,,,,,,,,,,,,,,,,,,,,
,,,,,,,,,,,,,,,,,,,,,,,,,,,,,,
,,,,,,,,,,,,,,,,,,,,,,,,,,,,,,
,,,,,,,,,,,,,,,,,,,,,,,,,,,,,,
,,,,,,,,,,,,,,,,,,,,,,,,,,,,,,
,,,,,,,,,,,,,,,,,,,,,,,,,,,,,,
,,,,,,,,,,,,,,,,,,,,,,,,,,,,,,
,,,,,,,,,,,,,,,,,,,,,,,,,,,,,,
,,,,,,,,,,,,,,,,,,,,,,,,,,,,,,
,,,,,,,,,,,,,,,,,,,,,,,,,,,,,,
,,,,,,,,,,,,,,,,,,,,,,,,,,,,,,
,,,,,,,,,,,,,,,,,,,,,,,,,,,,,,
,,,,,,,,,,,,,,,,,,,,,,,,,,,,,,
,,,,,,,,,,,,,,,,,,,,,,,,,,,,,,
,,,,,,,,,,,,,,,,,,,,,,,,,,,,,,
,,,,,,,,,,,,,,,,,,,,,,,,,,,,,,
,,,,,,,,,,,,,,,,,,,,,,,,,,,,,,
,,,,,,,,,,,,,,,,,,,,,,,,,,,,,,
,,,,,,,,,,,,,,,,,,,,,,,,,,,,,,
,,,,,,,,,,,,,,,,,,,,,,,,,,,,,,
,,,,,,,,,,,,,,,,,,,,,,,,,,,,,,
,,,,,,,,,,,,,,,,,,,,,,,,,,,,,,
,,,,,,,,,,,,,,,,,,,,,,,,,,,,,,
,,,,,,,,,,,,,,,,,,,,,,,,,,,,,,
,,,,,,,,,,,,,,,,,,,,,,,,,,,,,,
,,,,,,,,,,,,,,,,,,,,,,,,,,,,,,
,,,,,,,,,,,,,,,,,,,,,,,,,,,,,,
,,,,,,,,,,,,,,,,,,,,,,,,,,,,,,
,,,,,,,,,,,,,,,,,,,,,,,,,,,,,,
,,,,,,,,,,,,,,,,,,,,,,,,,,,,,,
,,,,,,,,,,,,,,,,,,,,,,,,,,,,,,
,,,,,,,,,,,,,,,,,,,,,,,,,,,,,,
,,,,,,,,,,,,,,,,,,,,,,,,,,,,,,
,,,,,,,,,,,,,,,,,,,,,,,,,,,,,,
,,,,,,,,,,,,,,,,,,,,,,,,,,,,,,
,,,,,,,,,,,,,,,,,,,,,,,,,,,,,,
,,,,,,,,,,,,,,,,,,,,,,,,,,,,,,
,,,,,,,,,,,,,,,,,,,,,,,,,,,,,,
,,,,,,,,,,,,,,,,,,,,,,,,,,,,,,
,,,,,,,,,,,,,,,,,,,,,,,,,,,,,,
,,,,,,,,,,,,,,,,,,,,,,,,,,,,,,
,,,,,,,,,,,,,,,,,,,,,,,,,,,,,,
,,,,,,,,,,,,,,,,,,,,,,,,,,,,,,
,,,,,,,,,,,,,,,,,,,,,,,,,,,,,,
,,,,,,,,,,,,,,,,,,,,,,,,,,,,,,
,,,,,,,,,,,,,,,,,,,,,,,,,,,,,,
,,,,,,,,,,,,,,,,,,,,,,,,,,,,,,
,,,,,,,,,,,,,,,,,,,,,,,,,,,,,,
,,,,,,,,,,,,,,,,,,,,,,,,,,,,,,
,,,,,,,,,,,,,,,,,,,,,,,,,,,,,,
,,,,,,,,,,,,,,,,,,,,,,,,,,,,,,
,,,,,,,,,,,,,,,,,,,,,,,,,,,,,,
,,,,,,,,,,,,,,,,,,,,,,,,,,,,,,
,,,,,,,,,,,,,,,,,,,,,,,,,,,,,,
,,,,,,,,,,,,,,,,,,,,,,,,,,,,,,
,,,,,,,,,,,,,,,,,,,,,,,,,,,,,,
,,,,,,,,,,,,,,,,,,,,,,,,,,,,,,
,,,,,,,,,,,,,,,,,,,,,,,,,,,,,,
,,,,,,,,,,,,,,,,,,,,,,,,,,,,,,
,,,,,,,,,,,,,,,,,,,,,,,,,,,,,,
,,,,,,,,,,,,,,,,,,,,,,,,,,,,,,
,,,,,,,,,,,,,,,,,,,,,,,,,,,,,,
,,,,,,,,,,,,,,,,,,,,,,,,,,,,,,
,,,,,,,,,,,,,,,,,,,,,,,,,,,,,,
,,,,,,,,,,,,,,,,,,,,,,,,,,,,,,
