"date_value","Homicide","Rape","Robbery/Gun","Robbery/Other","Aggravated Assault/Gun","Aggravated Assault/Other","Other Assaults","Sexual Assault and Other Sex Offenses","Burglary/Residential","Burglary/Commercial","Theft of Motor Vehicle Tag","Theft from Person","Theft from Auto","Retail Theft","Theft","Auto Theft","Fraud/Theft of Services","Embezzlement","Drug Possession","Drug Sales","DUI","Possession of Firearms","Prostitution/Sex Work","Patronizing Prostitutes","Threats of Violence","Uncategorized Offenses"
2014-01-02,0,0,0,0,7,12,0,0,1,0,0,0,0,0,0,0,0,0,0,0,0,5,0,0,0,17
2014-01-06,0,0,12,0,1,1,0,3,1,0,0,0,0,0,0,0,0,0,0,12,0,1,1,0,0,0
2014-01-07,3,10,26,0,8,0,6,2,2,0,0,0,1,0,0,0,0,0,0,16,0,5,0,0,0,2
2014-01-08,14,0,0,5,12,3,0,0,2,0,0,0,2,1,0,0,0,0,1,14,0,2,0,0,0,4
2014-01-09,21,3,11,5,0,13,0,5,1,0,0,0,0,0,2,0,0,0,0,28,1,0,0,0,0,0
2014-01-10,47,8,18,0,7,0,0,0,1,0,0,0,1,0,0,0,0,0,1,12,0,0,0,0,0,1
2014-01-13,22,4,0,4,0,1,2,0,7,1,4,0,0,0,0,0,0,0,0,11,0,3,0,0,3,4
2014-01-14,0,0,5,4,8,5,0,1,0,0,0,0,0,0,0,0,3,0,1,17,0,3,0,0,0,0
2014-01-15,55,0,0,5,5,0,0,4,13,0,0,0,0,0,1,0,0,0,0,10,0,1,0,0,0,4
2014-01-16,34,0,4,0,11,2,2,0,1,0,0,0,0,0,0,1,0,0,2,18,0,4,0,0,0,7
2014-01-17,27,5,0,3,17,6,0,0,4,0,0,0,2,1,0,1,0,0,0,13,0,9,0,0,0,0
2014-01-21,5,11,5,3,0,0,0,0,0,0,0,0,0,2,0,1,0,0,0,2,0,2,0,0,0,1
2014-01-23,0,0,15,0,4,11,7,0,0,1,0,0,0,0,0,0,0,0,0,12,0,2,0,0,0,5
2014-01-24,0,5,0,3,1,7,0,0,0,0,0,0,0,0,7,0,1,0,0,17,0,6,0,0,0,13
2014-01-27,0,8,22,5,17,0,0,0,1,0,0,0,0,0,0,0,0,0,2,3,0,1,0,0,0,1
2014-01-28,11,6,8,0,1,0,0,0,4,0,0,0,0,1,0,0,2,0,0,10,1,1,0,0,0,2
2014-01-29,0,0,12,0,0,0,0,0,0,3,0,0,0,0,0,0,0,0,0,6,1,8,0,0,0,0
2014-01-30,50,0,5,3,6,1,1,1,6,0,0,0,0,0,0,0,0,0,0,24,0,5,0,0,5,11
2014-01-31,19,5,1,1,7,1,0,5,1,0,0,0,0,0,0,0,0,0,1,8,3,6,0,0,0,5
2014-02-03,7,0,0,0,0,1,0,0,10,0,0,0,0,0,0,0,0,0,0,3,0,1,0,0,0,0
2014-02-04,3,1,3,0,0,0,0,0,0,0,0,0,0,0,0,0,0,0,0,11,0,3,0,0,0,1
2014-02-05,0,0,0,0,3,0,0,0,1,0,0,0,0,0,0,0,0,0,0,2,0,7,0,0,0,9
2014-02-06,19,0,10,2,0,12,0,0,1,0,0,0,2,0,0,0,0,0,0,9,2,3,0,0,0,0
2014-02-07,44,7,10,1,12,8,0,0,0,1,0,0,0,0,1,0,0,0,0,5,1,3,0,0,0,3
2014-02-10,0,0,6,1,8,5,0,0,2,0,0,0,0,0,0,1,0,0,0,12,5,3,0,0,0,0
2014-02-11,0,1,0,11,18,3,0,0,6,0,0,0,0,0,1,0,0,0,3,9,1,9,0,0,0,1
2014-02-12,7,0,25,1,5,1,0,0,0,0,0,0,0,0,0,0,0,0,0,21,0,4,0,0,0,5
2014-02-14,0,0,0,0,0,0,0,0,0,0,0,0,0,0,0,0,0,0,0,0,0,0,0,0,0,0
2014-02-18,0,3,0,0,10,6,4,0,0,0,0,0,0,0,0,0,0,0,0,13,0,3,0,0,0,0
2014-02-19,10,0,12,9,8,10,0,0,0,0,0,0,0,0,1,0,0,0,0,17,0,9,0,0,0,0
2014-02-20,0,0,0,0,0,0,0,0,3,0,0,0,0,0,0,0,0,0,1,9,0,4,0,0,0,0
2014-02-21,0,0,0,1,0,0,0,0,0,0,0,0,0,0,0,0,0,0,1,5,0,5,0,0,0,0
2014-02-24,0,0,6,1,2,3,0,2,9,0,0,0,0,1,0,0,0,1,0,7,0,0,0,0,0,0
2014-02-25,0,6,13,4,15,3,0,0,2,0,0,0,0,0,0,0,0,0,0,14,0,0,0,0,0,8
2014-02-26,46,0,8,0,2,1,1,0,3,0,0,0,0,0,0,1,0,0,1,7,1,4,0,0,0,0
2014-02-27,1,0,6,4,0,10,1,0,0,2,0,0,0,3,0,0,0,0,0,11,0,5,0,0,0,4
2014-02-28,65,0,4,3,43,1,0,0,2,0,0,0,0,0,0,0,0,0,0,14,0,0,0,0,0,8
2014-03-03,0,0,0,0,1,0,0,0,0,0,0,0,0,0,0,0,0,0,0,0,0,0,0,0,0,0
2014-03-04,20,10,21,5,1,9,0,0,1,0,0,0,0,0,0,0,0,0,0,19,1,9,0,0,0,3
2014-03-05,0,0,7,0,0,3,0,0,4,0,0,0,1,1,0,0,0,0,0,2,0,5,0,0,0,0
2014-03-06,49,9,8,2,4,5,0,5,1,0,0,0,0,0,0,2,0,0,0,11,2,0,0,0,1,0
2014-03-07,41,0,5,0,8,1,0,0,16,0,0,0,0,1,0,0,1,0,1,10,0,14,0,0,0,9
2014-03-10,20,0,5,13,0,2,0,0,0,0,0,0,0,1,0,0,1,0,0,8,0,0,0,0,0,6
2014-03-11,54,7,4,15,4,0,0,0,10,0,0,0,0,1,0,0,0,0,1,15,1,0,0,0,0,1
2014-03-12,53,0,0,0,1,0,0,0,4,0,0,0,0,0,0,0,2,0,5,5,0,3,0,0,0,0
2014-03-13,50,0,7,11,5,12,0,0,2,1,0,0,0,5,0,0,0,0,0,9,0,5,0,0,0,0
2014-03-14,33,7,13,0,0,0,0,0,0,0,0,0,0,1,0,0,0,0,0,4,1,5,0,0,0,95
2014-03-17,27,0,0,0,9,0,0,0,3,0,0,0,1,0,0,0,1,0,1,5,0,11,0,0,0,0
2014-03-18,0,0,34,6,0,1,0,0,1,5,0,0,0,0,0,0,0,0,0,7,0,1,0,0,0,16
2014-03-19,60,0,0,0,0,5,1,0,2,0,0,0,0,3,0,0,0,0,0,19,0,0,0,0,0,5
2014-03-20,0,0,14,4,0,7,0,0,2,0,0,0,0,0,0,0,1,0,2,15,0,2,0,0,0,1
2014-03-21,53,9,0,0,19,0,1,9,0,0,0,0,0,0,0,1,0,0,2,8,6,7,0,0,10,13
2014-03-24,41,0,1,0,0,0,1,0,0,1,0,0,0,0,5,0,0,0,0,1,0,0,0,0,0,5
2014-03-25,8,0,0,3,1,0,0,0,9,1,0,0,3,1,0,0,0,0,1,3,0,2,0,0,0,1
2014-03-26,7,0,17,7,0,0,1,1,0,0,0,0,0,0,0,0,0,0,0,14,0,0,0,0,0,53
2014-03-27,0,0,0,1,11,11,0,0,2,0,0,0,0,0,0,0,0,0,0,11,0,0,0,0,0,1
2014-03-28,53,4,1,0,9,4,1,0,6,0,0,0,0,0,0,0,0,0,3,11,0,13,0,0,0,4
2014-03-31,4,0,0,0,0,0,0,0,0,0,0,0,0,1,1,1,0,0,0,6,0,0,0,0,0,4
2014-04-01,0,3,27,0,0,0,0,0,6,0,0,0,0,0,0,1,0,0,0,20,0,0,0,0,0,0
2014-04-02,3,0,9,0,5,5,0,0,4,0,0,0,0,0,1,1,0,0,0,16,0,5,0,0,0,1
2014-04-03,0,0,0,3,0,1,0,0,9,0,0,0,0,1,2,0,0,0,1,12,1,0,0,0,0,5
2014-04-04,7,14,0,3,10,3,2,5,8,0,0,0,0,0,1,0,0,0,0,5,0,0,0,0,1,0
2014-04-07,14,0,24,0,4,1,3,8,12,0,0,0,0,0,0,0,0,0,0,3,1,2,0,0,0,0
2014-04-08,0,6,10,11,0,5,1,0,1,2,0,0,0,1,0,0,0,0,1,15,0,6,0,0,0,1
2014-04-09,0,0,0,1,13,1,3,0,0,1,0,0,0,0,0,0,0,0,0,5,0,5,0,0,0,0
2014-04-10,0,0,7,2,10,0,1,0,5,0,0,0,0,1,0,0,0,0,0,14,0,7,0,0,1,2
2014-04-11,10,14,24,0,10,1,1,13,1,0,0,0,0,1,1,0,0,0,0,4,0,4,0,0,0,63
2014-04-12,0,0,0,0,0,0,0,0,0,0,0,0,0,0,0,0,0,0,0,0,0,0,0,0,0,0
2014-04-14,0,0,0,0,12,1,0,0,0,0,0,0,0,0,0,0,0,0,0,16,1,5,0,0,0,2
2014-04-15,0,0,10,0,13,1,1,0,3,1,0,0,0,0,0,0,0,0,0,5,0,5,0,0,0,3
2014-04-16,0,0,1,8,0,0,0,9,6,0,0,0,0,0,0,0,2,0,0,8,0,5,0,0,0,5
2014-04-17,0,7,8,0,1,6,0,0,3,0,0,0,0,0,0,1,0,0,0,8,3,0,0,0,0,3
2014-04-19,0,0,0,0,0,0,0,0,0,0,0,0,0,0,0,0,0,0,0,0,0,0,0,0,0,0
2014-04-20,0,0,0,0,0,0,0,0,0,0,0,0,0,0,0,0,0,0,0,0,0,0,0,0,0,0
2014-04-21,56,0,0,3,7,1,0,0,2,0,0,0,1,0,0,0,0,0,0,3,0,0,0,0,0,1
2014-04-22,0,1,5,0,0,8,0,0,1,0,0,0,0,0,3,0,0,0,0,3,0,2,0,0,0,0
2014-04-23,0,0,3,1,0,0,0,0,10,0,0,0,0,1,0,2,0,0,2,6,0,4,0,0,0,1
2014-04-24,1,0,6,0,7,0,0,1,0,7,0,1,1,0,0,0,0,0,4,10,1,1,0,0,0,0
2014-04-25,0,0,6,13,7,3,1,0,6,1,0,0,0,0,2,0,0,0,0,10,0,6,0,0,0,28
2014-04-28,0,0,7,0,23,0,0,0,1,0,0,0,1,0,0,0,0,0,0,17,1,0,0,0,0,1
2014-04-29,0,0,4,0,0,2,0,0,1,0,0,0,0,1,0,0,0,0,2,10,0,0,0,0,0,14
2014-04-30,0,0,12,1,0,0,3,0,8,0,0,0,0,1,1,0,0,0,0,6,1,11,0,0,0,0
2014-05-01,10,1,16,3,0,7,0,0,1,0,0,0,0,0,0,3,0,0,0,16,0,1,0,0,0,47
2014-05-02,5,33,14,8,0,6,1,0,4,0,0,0,0,0,0,0,0,0,1,4,0,6,0,0,0,1
2014-05-05,0,0,4,0,7,1,0,0,0,0,0,0,0,0,0,0,0,0,0,14,1,0,0,0,0,0
2014-05-06,50,20,1,4,16,3,0,0,1,1,0,0,0,0,0,1,0,0,0,19,3,0,0,0,0,0
2014-05-07,0,0,7,1,10,0,0,0,1,1,0,0,0,0,0,0,0,0,1,13,0,0,0,0,0,0
2014-05-08,0,0,2,0,0,1,0,0,1,0,0,0,0,2,1,0,0,0,0,17,1,14,0,0,0,2
2014-05-09,0,10,0,1,10,6,0,0,0,1,0,0,0,0,1,0,0,0,0,20,0,8,0,0,0,5
2014-05-12,0,0,8,1,15,2,0,0,0,0,0,0,0,1,0,0,0,0,0,6,1,4,0,0,0,1
2014-05-13,0,0,0,1,0,0,3,0,1,0,0,0,0,0,0,0,0,0,0,13,0,9,2,0,0,1
2014-05-14,0,16,5,1,0,0,0,0,0,0,0,1,0,1,0,0,0,0,0,4,0,2,0,0,0,0
2014-05-15,103,0,1,1,0,3,0,0,1,0,0,0,0,0,3,0,0,0,0,13,0,0,0,0,0,4
2014-05-16,3,7,18,4,0,10,1,0,1,0,0,0,3,0,0,3,0,0,0,8,0,7,0,0,0,0
2014-05-19,0,9,0,1,6,1,4,9,0,0,0,0,0,0,0,0,0,0,0,9,1,1,0,0,1,1
2014-05-20,16,0,1,1,3,4,2,10,4,0,0,0,0,0,0,1,0,0,0,5,1,0,0,0,0,5
2014-05-21,0,0,6,0,7,0,0,0,1,0,0,0,0,0,0,1,0,0,0,7,3,4,0,0,1,9
2014-05-22,0,0,0,0,0,1,1,0,0,0,0,0,0,0,0,0,1,0,0,9,0,0,0,0,0,1
2014-05-23,0,0,7,0,3,0,0,0,0,1,0,0,0,2,0,0,0,0,4,1,1,8,0,0,0,6
2014-05-27,0,0,0,8,14,0,0,0,1,0,0,0,0,0,0,1,0,0,1,3,0,0,0,0,1,2
2014-05-28,8,2,5,1,16,0,1,9,5,3,0,0,0,0,0,0,0,0,0,13,0,8,0,0,0,0
2014-05-29,0,0,0,2,8,3,1,0,9,1,0,0,0,0,0,0,0,0,0,15,0,1,0,0,0,27
2014-05-30,17,0,9,0,8,1,0,0,0,1,0,0,0,1,0,0,0,0,0,4,0,3,0,0,0,4
2014-06-02,14,0,15,1,11,20,0,7,1,0,0,0,0,0,0,0,0,0,0,2,0,9,0,0,1,0
2014-06-03,46,0,8,0,10,0,1,0,2,0,0,0,0,0,0,0,0,0,1,15,0,0,0,0,0,0
2014-06-04,0,0,3,0,9,0,1,0,6,3,0,0,0,0,0,1,0,0,1,10,3,12,0,0,0,0
2014-06-05,14,0,3,0,7,3,0,0,0,2,0,0,0,0,0,0,0,0,0,3,0,1,0,0,0,4
2014-06-06,0,0,12,0,0,0,0,3,2,0,0,0,0,0,0,1,0,0,0,7,1,6,0,0,0,5
2014-06-09,0,0,25,0,4,11,0,0,4,1,0,0,0,0,0,0,0,0,0,5,2,8,0,0,0,5
2014-06-10,12,4,0,0,0,3,0,0,0,0,0,0,0,0,0,1,0,0,0,13,0,5,0,0,0,0
2014-06-11,0,0,1,7,0,1,1,0,4,0,0,0,0,1,0,0,1,0,0,11,0,1,0,0,0,0
2014-06-12,0,7,1,2,0,11,0,0,4,0,0,0,0,1,0,1,0,0,1,23,5,1,0,0,0,3
2014-06-13,3,0,0,0,5,2,0,0,0,0,0,0,1,0,1,1,0,0,0,20,0,12,0,0,2,1
2014-06-16,6,6,12,9,1,11,0,0,2,0,0,0,0,0,0,0,0,0,0,11,0,0,0,0,0,1
2014-06-17,0,0,0,1,12,8,0,0,0,0,0,0,0,2,0,0,0,0,0,10,0,6,0,0,0,9
2014-06-18,0,0,3,0,12,0,0,0,0,0,0,0,0,0,1,0,0,0,0,4,0,6,0,0,0,5
2014-06-19,0,0,0,5,13,1,1,3,8,0,0,0,2,0,0,0,0,0,0,6,0,13,0,0,0,1
2014-06-20,31,0,0,0,0,1,0,0,0,0,0,0,0,0,0,0,0,0,1,4,2,7,0,0,0,5
2014-06-23,7,0,5,1,2,0,0,0,4,0,0,0,0,0,1,0,0,0,0,2,1,3,0,0,0,3
2014-06-24,0,0,5,3,7,0,0,0,3,0,0,0,0,0,0,0,0,0,0,9,0,6,0,0,0,1
2014-06-25,26,0,0,2,9,6,1,0,3,1,0,0,0,0,0,0,0,0,0,2,1,3,0,0,0,1
2014-06-26,0,0,17,2,8,1,0,0,0,0,0,0,0,0,0,0,0,0,0,11,1,5,0,0,0,6
2014-06-27,7,0,28,0,7,3,0,6,0,0,0,0,0,0,0,1,0,0,0,4,0,1,0,0,0,9
2014-06-30,52,1,2,3,0,2,1,0,3,0,0,0,0,0,0,0,0,0,0,2,1,0,0,0,0,5
2014-07-01,40,0,0,0,7,0,0,0,3,0,0,0,0,0,0,0,0,0,1,10,0,10,0,0,1,11
2014-07-02,0,13,7,2,0,0,0,0,0,0,0,0,0,0,0,0,0,0,1,4,0,0,0,0,3,7
2014-07-03,0,0,9,0,0,0,0,0,2,0,0,0,0,0,0,0,0,0,0,2,0,4,0,0,0,0
2014-07-07,13,0,7,0,3,2,0,0,0,0,0,0,0,0,0,0,0,0,0,5,1,9,0,0,0,0
2014-07-08,0,0,8,0,15,3,2,0,1,0,0,0,0,0,3,0,0,0,0,7,4,6,2,0,0,2
2014-07-09,0,0,0,4,0,0,0,0,0,0,0,0,0,0,0,0,0,0,0,12,1,1,0,0,0,1
2014-07-10,0,4,9,14,5,12,0,0,0,0,0,0,1,0,0,2,0,0,0,7,1,7,0,0,0,1
2014-07-11,0,0,5,3,0,11,0,0,11,0,0,0,1,0,0,3,0,0,0,29,0,1,0,0,0,0
2014-07-14,6,1,0,0,2,0,0,0,0,0,0,0,0,0,0,0,0,0,3,6,0,5,0,0,0,2
2014-07-15,0,0,0,3,13,4,0,0,4,0,0,0,0,2,0,0,0,0,0,14,0,12,0,0,0,0
2014-07-16,0,0,0,0,0,1,2,0,7,0,0,0,0,0,0,3,0,0,0,4,0,8,0,0,0,4
2014-07-17,55,0,5,1,8,12,1,0,2,0,0,0,0,1,0,0,0,0,0,12,0,7,0,0,0,6
2014-07-18,42,0,13,4,9,3,0,0,0,0,0,0,0,0,0,0,0,0,1,10,0,0,0,0,0,3
2014-07-21,31,0,1,9,25,1,0,0,4,0,0,0,0,0,0,0,0,0,0,8,1,4,0,0,0,0
2014-07-22,0,18,4,4,20,12,0,1,0,0,0,0,0,0,0,0,0,0,1,4,3,4,0,0,0,8
2014-07-23,18,0,10,1,17,8,1,0,0,5,0,0,0,0,0,0,0,0,0,9,1,5,0,0,0,1
2014-07-24,0,0,8,0,7,0,0,0,1,0,0,0,0,0,0,0,0,0,0,1,0,1,0,0,0,81
2014-07-25,0,0,1,0,16,0,0,0,0,0,0,0,0,1,0,0,0,0,0,3,2,1,0,0,0,0
2014-07-28,14,8,7,3,0,8,1,0,0,1,0,0,0,0,1,0,0,0,2,8,0,0,0,0,0,0
2014-07-29,0,1,2,0,3,1,0,0,2,0,0,0,0,0,0,0,0,0,1,12,0,0,0,0,0,4
2014-07-30,0,0,10,5,1,7,7,0,0,0,0,0,0,0,0,0,0,0,0,7,3,2,0,0,0,0
2014-07-31,0,0,0,1,1,3,1,0,4,0,0,0,0,0,0,0,1,0,1,6,0,7,0,0,1,6
2014-08-01,7,0,0,0,5,4,0,0,1,0,0,0,0,0,1,0,0,0,0,14,0,7,0,0,0,3
2014-08-04,3,0,9,0,12,2,0,0,0,0,0,0,0,1,0,0,0,0,0,5,0,13,0,0,0,0
2014-08-05,26,7,12,1,3,1,0,7,4,0,0,0,0,0,0,0,0,0,0,6,0,6,0,0,0,0
2014-08-06,0,1,7,11,0,0,3,1,1,1,0,0,0,0,0,0,0,0,0,4,0,15,0,0,0,0
2014-08-07,0,8,12,1,0,6,0,0,0,0,0,0,0,0,0,0,0,0,0,9,4,6,0,0,0,4
2014-08-08,0,1,0,3,25,0,0,1,0,0,0,0,0,2,0,0,0,0,0,13,0,11,0,0,0,1
2014-08-11,0,1,14,0,0,5,1,0,1,2,0,0,0,0,0,0,1,0,0,1,1,0,0,0,0,0
2014-08-12,52,4,7,0,0,0,0,0,0,0,0,0,0,1,0,0,0,0,0,12,1,7,0,0,0,3
2014-08-13,20,0,14,0,5,0,0,0,8,0,0,0,0,0,0,0,0,0,0,11,0,1,0,0,0,7
2014-08-14,50,0,36,5,1,1,0,2,0,0,0,0,0,0,0,0,0,0,0,18,0,9,0,0,0,0
2014-08-15,0,3,9,0,0,1,12,0,1,0,0,0,0,0,0,0,0,0,0,3,0,5,0,0,1,4
2014-08-18,0,0,0,0,0,8,0,0,0,0,0,0,0,0,0,0,0,0,0,7,2,2,0,0,0,0
2014-08-19,7,1,0,3,28,1,3,0,1,1,0,0,0,1,0,0,0,0,0,16,0,2,0,0,0,0
2014-08-20,0,0,0,1,2,1,1,0,4,0,0,0,0,0,0,1,0,0,0,7,0,0,0,0,0,1
2014-08-21,0,0,0,0,3,0,0,0,1,0,0,0,0,2,0,0,0,0,0,4,0,5,0,0,0,2
2014-08-22,53,0,7,1,12,7,0,0,3,0,0,0,0,1,0,0,0,0,0,5,0,8,0,0,0,0
2014-08-25,0,0,7,9,25,0,0,0,1,0,0,0,0,0,0,0,0,0,0,2,8,2,0,0,0,0
2014-08-26,3,2,1,0,0,0,0,0,0,0,0,0,0,1,1,0,0,0,1,6,0,0,1,0,0,3
2014-08-27,0,0,0,8,5,0,0,0,2,0,0,0,0,0,2,0,1,0,0,15,0,2,0,0,1,0
2014-08-28,0,0,4,0,0,2,0,0,0,0,0,0,0,0,0,0,0,0,0,13,1,4,0,0,0,1
2014-08-29,0,0,17,0,0,12,0,0,0,0,0,0,0,0,0,0,0,0,0,1,0,8,0,0,0,1
2014-09-02,0,0,0,2,0,0,0,0,0,0,0,0,1,0,0,0,0,0,0,1,0,7,0,0,0,0
2014-09-03,0,0,17,0,0,0,1,0,0,0,0,0,0,0,0,0,0,0,1,18,1,0,0,0,0,1
2014-09-04,0,0,0,4,1,5,0,1,0,0,0,0,0,0,0,0,1,0,0,10,0,0,0,0,0,2
2014-09-05,0,0,0,0,4,14,0,7,1,2,0,0,0,1,0,0,0,0,0,4,0,13,0,0,0,2
2014-09-08,8,0,24,7,16,10,0,0,0,1,0,0,0,0,0,0,0,0,0,0,0,0,0,0,0,0
2014-09-09,0,14,0,0,18,1,0,0,2,0,0,0,0,1,0,1,0,0,0,7,0,7,0,0,0,2
2014-09-10,48,0,0,1,9,1,0,0,0,0,0,0,0,0,0,0,0,0,0,8,1,2,0,0,2,0
2014-09-11,60,0,1,2,0,1,0,0,0,0,0,0,0,0,0,0,0,0,1,6,0,0,0,0,0,1
2014-09-12,55,1,5,12,8,2,0,0,1,0,0,0,1,1,0,0,0,0,1,12,1,2,0,0,0,1
2014-09-15,6,0,0,4,0,4,0,0,0,2,0,0,0,0,0,0,0,0,1,13,0,3,0,0,2,8
2014-09-16,113,3,1,0,8,0,0,0,0,0,0,0,0,1,0,0,0,0,0,10,1,1,0,0,0,1
2014-09-17,0,1,11,0,0,4,0,0,0,4,0,0,0,0,0,5,0,0,0,2,0,0,0,0,0,0
2014-09-18,4,6,0,0,0,3,0,1,1,0,0,0,0,0,0,0,1,0,0,7,0,0,0,0,0,0
2014-09-19,5,11,0,0,0,10,0,1,15,0,0,0,0,0,0,1,1,0,0,4,0,4,0,0,0,2
2014-09-22,0,1,5,0,7,5,0,0,0,0,0,0,0,0,0,0,0,0,0,6,1,0,0,0,0,0
2014-09-23,0,0,9,0,0,2,0,0,1,0,0,0,0,0,0,2,0,0,0,10,0,3,0,0,0,2
2014-09-24,0,2,5,7,16,0,0,0,1,0,0,0,0,0,0,0,0,0,0,3,0,4,0,0,0,14
2014-09-25,20,0,7,1,12,0,1,0,0,0,0,0,1,0,0,0,0,0,0,8,1,3,0,0,0,0
2014-09-26,57,0,7,0,0,2,0,0,1,4,0,0,0,0,0,0,0,0,0,8,0,7,0,0,0,1
2014-09-29,0,14,11,1,10,0,0,0,0,0,0,0,0,0,0,0,0,0,0,1,1,0,0,0,0,1
2014-09-30,0,8,4,1,0,10,1,0,0,0,0,0,1,0,2,0,0,0,0,4,4,5,0,0,0,3
2014-10-01,20,8,2,0,3,3,1,7,6,0,0,0,0,0,0,0,0,0,0,6,0,14,0,0,0,2
2014-10-02,49,0,5,1,3,1,2,6,0,0,0,0,0,1,0,0,0,0,0,7,1,0,0,0,0,5
2014-10-03,3,30,0,1,0,0,0,4,0,0,0,0,0,0,0,0,0,0,0,7,0,3,0,0,0,0
2014-10-06,0,0,8,0,16,5,0,1,0,1,0,0,0,0,0,0,0,0,0,2,1,0,0,0,0,5
2014-10-07,0,0,0,4,0,0,0,0,1,0,0,0,0,2,0,1,0,0,0,2,0,0,0,0,0,14
2014-10-08,31,0,0,9,5,1,0,0,1,0,0,0,0,0,0,1,0,0,0,6,0,0,0,0,0,1
2014-10-09,56,10,22,2,0,0,0,0,0,0,0,0,0,1,3,1,0,0,0,2,0,0,0,0,0,1
2014-10-10,112,0,1,0,0,6,0,0,1,0,0,1,0,0,1,0,0,0,0,4,4,13,0,0,0,0
2014-10-14,0,0,7,9,0,0,0,1,0,1,0,0,0,0,0,0,0,0,1,11,0,2,0,0,0,2
2014-10-15,0,0,14,0,4,0,1,0,1,0,0,0,0,0,0,0,0,0,0,12,0,4,0,0,0,3
2014-10-16,29,1,6,12,14,3,1,0,2,0,0,0,0,0,0,0,1,0,0,5,0,6,0,0,0,0
2014-10-17,20,1,0,0,9,6,0,0,0,0,0,0,3,0,0,0,0,0,1,8,0,0,0,0,0,0
2014-10-20,10,4,12,16,4,0,0,0,1,0,0,0,1,0,0,0,0,0,4,7,4,0,0,0,0,0
2014-10-21,0,1,0,0,0,0,0,3,1,0,0,0,0,1,0,0,0,0,0,8,0,5,0,0,0,9
2014-10-22,0,0,10,3,0,0,2,0,7,7,0,0,0,0,0,0,1,0,0,11,0,1,0,0,0,0
2014-10-23,2,10,13,0,7,0,0,0,5,0,0,0,0,4,0,0,0,0,0,8,0,8,0,0,0,2
2014-10-24,0,17,20,4,10,0,2,0,0,1,0,0,0,0,0,0,0,0,0,3,0,5,0,0,2,2
2014-10-27,0,9,8,0,0,2,1,0,0,0,0,0,0,0,0,0,0,0,0,6,0,0,0,0,0,0
2014-10-28,0,5,0,0,0,1,2,0,1,1,0,0,5,1,0,1,0,0,4,13,0,2,0,0,0,9
2014-10-29,0,0,16,1,7,1,0,3,0,0,0,0,0,1,0,0,0,0,0,19,0,4,0,0,0,0
2014-10-30,0,0,0,4,1,0,1,1,0,0,0,0,0,0,0,0,0,0,0,1,3,10,0,0,0,0
2014-10-31,0,6,1,0,6,9,1,7,0,0,0,0,0,0,5,0,0,0,0,7,2,6,0,0,0,0
2014-11-03,44,0,5,1,11,0,0,0,0,0,0,0,0,0,0,0,0,0,0,6,0,4,0,0,0,0
2014-11-04,0,4,0,4,6,9,0,0,0,7,0,0,1,0,1,0,0,0,0,8,1,5,0,0,0,2
2014-11-05,0,0,0,0,3,1,0,0,1,0,0,0,2,0,0,3,0,0,0,12,0,6,0,0,0,1
2014-11-06,0,10,13,9,0,3,0,0,0,0,0,0,0,2,1,0,0,0,2,11,0,12,0,0,0,1
2014-11-07,97,0,10,4,0,0,0,7,0,0,0,0,0,0,1,1,0,0,0,11,0,8,0,0,0,0
2014-11-10,16,0,5,11,0,0,0,0,9,0,0,0,0,0,0,0,0,0,0,3,0,1,2,0,0,0
2014-11-12,0,0,10,0,0,7,0,1,3,0,0,0,0,0,5,0,0,0,0,5,3,16,0,0,0,0
2014-11-13,0,0,0,0,7,0,1,0,0,9,0,0,0,0,0,0,0,0,3,16,0,9,0,0,0,0
2014-11-14,5,0,16,0,3,3,0,0,0,0,0,0,0,1,0,0,0,0,0,13,0,3,0,0,0,0
2014-11-17,0,0,1,3,7,3,0,0,1,0,0,0,0,0,0,0,0,0,0,2,1,1,0,0,0,0
2014-11-18,0,0,0,7,4,8,5,0,5,0,0,0,0,2,1,2,0,0,0,12,1,12,0,0,0,38
2014-11-19,12,0,0,0,0,0,0,13,2,0,0,0,0,0,0,0,0,0,0,6,0,7,0,0,0,0
2014-11-20,0,0,0,0,0,3,0,0,7,0,0,0,0,1,0,3,0,0,1,8,0,8,0,0,0,5
2014-11-21,66,5,16,0,4,0,0,0,0,0,0,0,3,0,0,0,0,0,0,7,0,13,0,0,1,36
2014-11-24,35,0,2,0,24,1,0,0,0,0,0,0,0,0,0,0,0,0,0,6,0,2,0,0,0,0
2014-11-25,0,0,1,0,0,5,0,0,2,2,0,0,0,0,2,1,0,0,0,9,0,3,0,0,0,5
2014-11-26,0,0,0,3,4,2,0,0,0,0,0,0,0,0,0,0,0,0,0,4,0,0,0,0,0,0
2014-11-28,0,0,0,0,0,0,0,0,0,0,0,0,0,0,0,0,0,0,0,0,0,0,0,0,0,0
2014-12-01,38,0,0,9,0,0,0,0,0,1,0,0,0,0,0,1,0,0,0,6,0,4,0,0,0,11
2014-12-02,0,10,13,2,0,7,1,1,0,0,0,0,0,0,0,0,0,0,0,3,0,6,1,0,0,7
2014-12-03,0,0,5,0,4,3,0,0,0,0,0,0,0,2,0,0,0,0,0,6,0,5,0,0,0,0
2014-12-04,0,0,0,2,8,6,0,0,0,0,0,0,1,1,1,0,3,0,1,12,8,6,0,0,0,0
2014-12-05,67,0,4,0,0,1,0,11,3,2,0,0,0,0,0,0,0,0,0,1,0,3,0,0,0,3
2014-12-08,75,7,1,0,5,3,8,0,10,6,0,0,0,0,0,0,0,0,0,8,0,11,0,0,4,1
2014-12-09,0,10,0,0,1,1,0,0,1,2,0,0,0,0,0,0,0,0,0,15,0,7,0,0,0,4
2014-12-10,0,1,5,3,8,1,0,2,0,0,0,0,0,1,0,1,0,0,0,11,2,8,0,0,0,6
2014-12-11,4,16,8,15,5,6,1,0,2,1,0,0,0,0,1,0,1,0,0,8,0,5,0,0,0,0
2014-12-12,7,3,8,1,0,1,1,0,0,0,0,0,0,0,0,0,0,0,0,12,1,8,0,0,0,4
2014-12-15,20,23,5,0,7,1,0,1,0,0,0,0,0,0,0,0,0,0,2,6,0,0,0,0,0,1
2014-12-16,48,9,1,0,0,7,0,0,2,0,0,0,1,0,0,1,0,0,0,7,0,2,0,0,0,3
2014-12-17,0,1,18,10,0,0,0,0,8,0,0,0,0,1,7,0,0,0,0,13,2,9,0,0,0,7
2014-12-18,0,0,23,3,10,7,1,0,4,0,0,0,0,1,0,0,0,0,0,23,0,10,0,0,0,2
2014-12-19,5,0,13,1,0,4,0,0,3,0,0,0,0,0,0,0,0,0,0,13,0,12,0,0,0,8
2014-12-22,0,0,11,4,0,5,0,0,4,0,0,0,0,1,3,1,0,0,0,1,4,1,0,0,0,0
2014-12-23,0,0,0,1,0,1,0,0,6,0,0,0,0,0,1,0,0,0,0,9,0,0,0,0,0,2
2014-12-24,0,0,5,0,0,0,0,0,0,0,0,0,0,0,0,0,0,0,0,1,1,0,0,0,0,0
2014-12-29,0,0,3,0,0,0,0,0,0,4,0,0,0,0,0,0,0,0,0,1,0,1,0,0,0,0
2014-12-30,0,0,0,0,0,0,0,0,0,0,0,0,0,0,0,0,0,0,0,6,2,0,0,0,0,5
2014-12-31,0,0,1,0,0,0,0,0,1,0,0,0,0,0,0,0,0,0,0,0,0,0,0,0,0,1
2015-01-05,0,3,0,3,0,0,0,0,2,0,0,0,0,0,0,0,0,0,2,9,1,9,0,0,0,1
2015-01-06,0,0,4,5,0,0,2,0,1,0,0,0,0,0,0,2,0,0,0,9,0,1,0,0,0,3
2015-01-07,7,0,0,3,17,11,1,0,0,4,0,0,0,0,0,0,0,0,0,9,0,1,0,0,0,4
2015-01-08,54,0,2,0,8,0,1,0,3,1,0,0,0,0,0,0,0,0,0,2,1,15,0,0,0,19
2015-01-09,57,0,17,1,5,4,7,0,1,0,0,0,0,0,1,0,4,0,1,3,0,10,0,0,0,5
2015-01-12,51,0,0,0,0,0,0,0,3,0,0,0,2,0,0,0,0,0,0,10,0,7,0,0,0,1
2015-01-13,7,0,1,0,8,8,1,0,0,0,0,0,0,0,0,0,0,0,1,4,0,6,0,0,0,1
2015-01-14,14,0,2,0,0,3,0,0,0,0,0,0,0,0,0,0,0,0,1,8,0,3,0,0,0,6
2015-01-15,0,0,5,4,0,0,1,0,1,0,0,0,0,1,0,0,0,0,0,4,0,14,0,0,0,24
2015-01-16,70,3,9,0,10,1,0,0,1,0,0,0,0,0,0,0,1,0,0,13,2,2,0,0,0,1
2015-01-20,0,0,3,9,16,8,1,0,0,0,0,0,0,1,0,1,0,0,1,7,0,0,0,0,0,0
2015-01-21,56,12,1,0,1,0,0,0,0,0,0,0,0,0,3,0,0,0,0,6,0,13,0,0,5,3
2015-01-22,0,0,4,5,7,4,0,0,1,0,0,1,0,0,0,0,0,0,0,4,0,7,0,0,0,0
2015-01-23,67,1,6,0,20,0,0,0,4,0,0,0,0,1,0,0,0,0,0,13,0,4,0,0,0,5
2015-01-26,0,0,5,3,5,0,5,0,0,0,0,0,0,0,0,0,0,0,0,11,2,0,0,0,0,0
2015-01-27,0,0,0,0,0,0,0,0,0,0,0,0,0,0,0,0,0,0,0,0,0,0,0,0,0,2
2015-01-28,0,3,0,0,0,2,0,0,0,0,0,0,0,1,1,0,0,0,1,13,0,1,0,0,0,0
2015-01-29,3,8,13,0,0,0,0,0,1,0,0,0,0,0,1,0,0,0,5,11,3,0,0,0,0,4
2015-01-30,48,10,15,3,9,19,0,0,1,0,0,0,0,0,2,0,0,0,0,16,0,14,0,0,0,6
2015-02-02,0,1,12,0,24,0,1,0,4,0,0,0,0,0,0,0,0,0,0,5,2,5,0,0,0,0
2015-02-03,0,0,7,1,0,0,0,0,0,0,0,0,0,1,0,0,0,0,0,11,2,3,0,0,0,2
2015-02-04,0,0,3,0,0,6,0,0,0,0,0,0,0,0,0,0,0,0,4,7,0,2,0,0,0,1
2015-02-05,0,0,6,0,1,1,0,0,3,2,0,0,0,0,0,0,0,0,0,7,0,1,0,0,1,3
2015-02-06,11,5,1,0,17,0,1,0,1,0,0,0,0,0,0,0,0,0,0,23,0,0,0,0,0,2
2015-02-09,1,0,7,6,28,6,0,5,0,0,0,0,0,0,1,0,0,0,0,1,2,1,0,0,2,0
2015-02-10,50,0,0,0,27,0,0,0,0,0,0,0,0,0,0,0,0,0,1,6,0,1,0,0,0,2
2015-02-11,9,0,18,2,0,1,0,0,1,2,0,0,0,0,0,0,0,0,0,2,0,4,0,0,0,1
2015-02-12,5,0,0,0,1,1,1,0,1,0,0,0,0,0,0,0,0,0,0,4,0,6,0,0,0,0
2015-02-13,67,18,0,0,10,0,0,0,0,1,0,0,0,0,1,0,1,0,0,5,0,1,0,0,0,0
2015-02-17,0,20,0,1,11,1,1,0,0,0,0,0,0,2,0,0,0,0,0,21,0,3,0,0,0,0
2015-02-18,21,4,7,1,7,1,0,0,0,0,0,0,0,2,0,0,0,0,1,4,1,5,0,0,0,0
2015-02-19,0,0,4,17,7,2,1,1,1,0,0,0,0,3,0,2,0,0,3,11,1,17,0,0,0,1
2015-02-20,109,40,6,7,3,0,0,0,1,0,0,0,0,0,1,0,0,0,0,9,0,4,0,0,0,34
2015-02-23,0,5,6,1,7,12,3,0,0,1,0,0,0,0,0,0,0,0,0,3,1,10,0,0,0,0
2015-02-24,0,0,0,4,18,2,0,0,0,4,0,0,0,2,0,0,0,0,3,16,0,0,0,0,0,0
2015-02-25,12,0,18,0,0,2,0,8,9,0,0,0,1,0,0,0,0,0,0,7,0,5,0,0,0,3
2015-02-26,0,1,0,0,1,0,1,0,4,0,0,0,0,0,0,1,0,0,0,4,0,0,0,0,0,3
2015-02-27,0,0,0,10,2,12,0,0,1,0,0,0,0,0,0,1,0,0,1,3,1,10,0,0,0,2
2015-03-02,0,10,11,8,32,4,0,0,0,1,0,0,0,0,0,0,0,0,0,1,0,4,0,0,0,0
2015-03-03,0,0,12,0,8,1,0,0,0,0,0,0,0,0,0,0,0,0,0,10,0,8,0,0,0,3
2015-03-04,0,0,7,1,0,1,0,0,0,0,0,0,0,1,1,0,0,0,0,9,0,4,0,0,0,0
2015-03-06,25,12,4,0,6,0,0,0,0,3,0,0,0,0,0,0,0,0,1,3,0,10,0,0,0,2
2015-03-09,48,0,4,0,13,0,0,0,0,0,0,0,0,0,0,0,0,0,0,3,0,0,0,0,0,2
2015-03-10,0,1,0,11,5,7,0,0,1,0,0,0,0,0,0,0,0,0,0,5,0,0,0,0,0,2
2015-03-11,6,0,0,1,0,0,0,0,0,0,0,0,0,0,0,0,0,0,0,4,0,4,0,0,0,0
2015-03-12,1,0,0,0,0,0,1,0,0,0,0,0,0,0,0,0,0,0,0,15,3,5,0,0,0,5
2015-03-13,97,0,19,1,13,0,0,0,0,0,0,0,0,0,0,0,4,0,0,9,0,16,0,0,0,0
2015-03-16,0,0,0,0,1,1,0,0,5,1,0,0,1,0,0,0,0,0,0,3,0,0,0,0,2,5
2015-03-17,18,0,3,7,0,7,2,0,0,0,0,0,0,0,0,0,0,0,0,10,0,19,0,0,0,2
2015-03-18,24,0,7,2,0,0,0,0,1,0,0,0,1,0,0,0,0,0,0,8,0,2,0,0,0,52
2015-03-19,0,0,10,3,0,3,1,0,1,0,0,0,0,0,0,0,0,0,0,4,0,8,0,0,0,5
2015-03-20,0,0,0,0,0,5,0,0,0,0,0,0,0,0,0,1,0,0,0,1,0,9,0,0,0,0
2015-03-23,0,0,1,0,0,0,0,0,0,0,0,0,0,1,0,1,0,0,1,11,1,1,0,0,4,4
2015-03-24,1,0,4,0,6,1,1,0,11,0,0,0,0,0,0,0,0,1,1,7,0,0,0,0,0,5
2015-03-25,0,0,0,0,0,0,0,0,1,0,0,0,0,0,0,1,0,0,0,6,3,0,0,0,0,1
2015-03-26,12,0,11,7,23,0,0,0,0,0,0,0,0,0,0,0,0,0,0,4,0,9,0,0,0,0
2015-03-27,105,0,0,0,21,0,0,0,3,1,0,0,0,0,0,0,0,0,0,5,0,10,0,0,0,0
2015-03-30,0,3,7,1,0,0,0,0,8,0,0,0,0,1,0,0,0,0,1,9,2,0,0,0,0,0
2015-03-31,0,0,10,0,6,5,1,0,4,0,0,0,0,1,0,0,0,0,0,7,0,15,0,0,0,6
2015-04-01,26,7,4,3,0,1,1,0,0,0,0,0,0,0,0,0,0,0,1,5,0,8,0,0,0,0
2015-04-02,7,0,5,4,30,0,0,0,4,0,0,0,0,0,0,0,0,0,0,15,0,1,0,0,0,78
2015-04-06,9,0,8,1,5,0,0,0,0,0,0,0,0,0,0,0,0,0,4,3,0,4,0,0,0,11
2015-04-07,3,0,1,0,5,5,1,0,1,0,0,0,0,0,0,0,0,0,0,13,0,1,0,0,0,1
2015-04-08,0,0,3,4,28,1,0,0,0,0,0,0,0,0,0,0,0,0,0,10,6,13,0,0,0,0
2015-04-09,0,0,8,6,0,12,0,0,2,0,0,0,1,0,1,0,0,0,0,6,3,11,0,0,0,1
2015-04-10,10,0,0,8,6,3,2,4,4,0,0,0,0,0,0,0,0,0,0,12,1,5,0,0,0,3
2015-04-13,51,8,10,0,0,5,0,1,0,0,0,0,0,0,0,0,0,0,0,16,0,4,0,0,0,0
2015-04-14,0,0,0,1,11,3,1,0,0,1,0,0,0,1,0,3,0,0,0,10,2,1,2,0,0,5
2015-04-15,0,0,0,0,4,2,0,0,3,0,0,0,0,1,3,1,0,0,0,6,1,15,0,0,0,0
2015-04-16,84,0,64,3,9,0,2,0,4,0,0,0,2,0,0,0,0,0,1,16,1,1,0,0,0,1
2015-04-17,58,0,29,0,9,0,0,0,7,0,0,0,0,0,1,0,0,0,1,6,0,8,0,0,0,0
2015-04-20,132,3,5,1,1,6,0,11,0,1,0,0,0,0,0,1,0,0,3,9,0,4,0,0,0,10
2015-04-21,0,0,0,1,8,0,0,0,8,0,0,0,0,1,3,0,0,0,0,19,0,2,0,0,0,0
2015-04-22,54,0,4,0,3,1,0,0,3,0,0,0,0,0,1,0,0,0,0,8,2,5,0,0,1,1
2015-04-23,0,13,3,0,2,7,0,0,5,1,0,0,0,0,0,0,0,0,0,6,0,8,0,0,0,1
2015-04-24,2,0,5,0,9,6,0,3,0,0,0,0,0,0,0,0,0,0,1,7,0,14,0,0,0,7
2015-04-27,59,0,5,3,4,0,0,2,3,0,0,0,0,0,2,0,0,0,0,8,2,9,0,0,5,10
2015-04-28,55,0,0,0,0,5,0,0,3,0,0,0,0,0,1,0,0,0,4,8,0,16,0,0,2,2
2015-04-29,5,0,0,5,11,5,1,0,12,0,0,0,0,0,0,0,0,0,0,4,0,4,0,0,3,17
2015-04-30,0,4,1,1,0,1,0,0,6,0,0,0,0,0,6,0,0,0,0,12,0,32,0,0,0,0
2015-05-01,8,0,3,6,0,0,0,0,7,0,0,0,5,0,0,0,0,0,0,14,0,4,0,0,1,21
2015-05-04,0,3,0,1,8,8,0,0,3,0,0,0,0,0,0,2,0,0,0,6,0,5,0,0,0,3
2015-05-05,7,1,0,0,4,0,1,0,4,0,0,0,0,0,0,0,0,0,0,5,1,6,0,0,2,6
2015-05-06,0,0,0,1,7,1,0,0,2,0,0,0,1,0,0,0,0,0,0,6,0,0,0,0,0,0
2015-05-07,7,0,0,0,0,4,0,0,1,0,0,0,0,0,0,0,1,0,3,7,0,11,0,0,0,0
2015-05-08,30,0,15,0,1,5,1,0,0,0,0,0,0,0,0,1,0,0,3,3,0,0,0,0,0,26
2015-05-11,0,9,6,0,15,1,0,0,0,0,0,0,0,0,1,0,0,0,0,12,1,0,0,0,0,1
2015-05-12,14,11,0,6,5,0,0,0,0,0,0,0,0,0,0,0,0,0,0,7,1,3,0,0,0,3
2015-05-13,40,0,1,3,0,0,0,0,2,1,0,0,0,0,1,0,0,0,0,4,1,0,0,0,0,0
2015-05-14,0,0,14,0,3,5,1,0,0,0,0,0,0,0,0,1,0,0,0,5,0,0,0,0,0,0
2015-05-15,15,0,10,0,0,0,0,3,4,0,0,0,0,0,0,0,0,0,0,9,1,11,0,0,0,6
2015-05-18,55,1,0,1,3,7,0,0,0,0,0,0,0,0,0,0,0,0,0,6,0,7,0,0,0,9
2015-05-19,0,0,0,0,0,4,0,0,1,0,0,0,0,0,0,0,0,0,0,13,3,3,0,0,0,2
2015-05-20,0,0,0,0,7,0,0,0,0,0,0,0,1,1,3,0,5,0,1,13,0,6,0,0,0,1
2015-05-21,0,0,4,4,0,0,0,0,3,3,0,0,0,0,0,0,0,0,0,9,0,0,0,0,0,1
2015-05-22,0,0,5,0,6,1,1,0,1,0,0,0,0,0,0,0,0,0,1,1,0,0,0,0,0,1
2015-05-26,0,17,0,0,10,0,1,0,1,0,0,0,2,0,0,0,1,0,1,5,0,7,0,0,0,2
2015-05-27,7,0,0,1,0,8,0,0,2,1,0,0,0,0,0,0,0,0,0,9,0,2,0,0,1,2
2015-05-28,7,0,8,0,12,2,0,8,0,4,0,0,0,0,1,0,0,0,0,17,0,1,0,0,0,3
2015-05-29,0,0,16,7,0,0,0,0,0,0,0,0,0,0,0,1,0,0,0,1,0,5,0,0,0,6
2015-06-01,0,0,8,0,22,4,0,0,0,0,0,0,0,0,0,0,0,0,1,2,0,12,0,0,0,3
2015-06-02,0,0,10,0,10,0,0,0,0,1,0,0,0,0,1,1,0,0,3,13,1,6,0,0,0,11
2015-06-03,53,5,0,2,1,10,0,0,0,0,0,0,0,0,0,0,0,0,0,14,0,0,0,0,0,0
2015-06-04,0,0,3,3,4,2,0,0,1,0,0,0,0,0,0,0,0,0,0,3,0,7,0,0,0,7
2015-06-05,54,0,12,0,0,3,0,0,0,0,0,0,0,0,0,0,0,0,0,0,0,0,0,0,0,0
2015-06-08,81,8,0,12,6,7,0,0,0,0,0,0,0,0,0,0,0,0,0,5,0,1,0,0,0,3
2015-06-09,0,0,3,0,18,2,0,0,0,0,0,0,0,0,0,0,0,0,1,7,0,1,0,0,0,0
2015-06-10,2,0,4,0,22,1,0,0,0,0,0,0,0,0,0,0,0,0,0,0,0,3,0,0,0,0
2015-06-11,79,10,3,0,0,0,0,0,1,0,0,0,0,0,0,3,0,0,0,2,0,6,0,0,0,0
2015-06-12,15,6,0,0,20,5,0,0,3,0,0,0,0,0,2,0,0,0,0,6,0,8,0,0,0,5
2015-06-15,2,9,11,0,2,4,0,0,1,0,0,0,0,0,7,0,0,0,0,16,0,0,0,0,0,0
2015-06-16,3,0,6,0,1,3,0,0,0,0,0,0,1,1,0,1,0,0,3,6,1,14,0,0,0,1
2015-06-17,0,15,0,0,0,0,3,0,2,0,0,0,0,0,0,1,0,0,1,8,1,9,0,0,0,0
2015-06-18,0,0,17,0,0,8,3,0,1,0,0,0,0,1,1,0,0,0,0,3,1,4,0,0,1,1
2015-06-19,7,0,5,5,10,0,3,0,2,0,0,0,0,0,1,0,0,0,3,6,1,2,0,0,0,4
2015-06-22,79,0,0,3,6,8,0,0,2,1,0,0,0,1,0,1,7,0,0,17,0,0,0,0,0,27
2015-06-23,103,0,12,1,0,3,0,0,0,0,0,0,0,2,0,0,0,0,0,10,0,1,0,0,0,2
2015-06-24,0,0,3,0,3,0,0,0,0,0,0,0,0,4,1,1,0,0,1,3,1,9,0,0,0,0
2015-06-25,0,0,6,1,16,12,0,4,2,0,0,0,0,1,0,0,0,0,0,19,0,2,0,0,0,7
2015-06-26,10,1,14,7,10,4,0,0,4,0,0,0,0,1,0,0,0,0,2,15,0,10,0,0,0,1
2015-06-29,7,3,29,3,1,8,0,0,3,0,0,0,0,1,0,0,0,0,1,11,1,6,0,0,0,2
2015-06-30,0,9,0,0,0,0,0,0,2,0,0,0,1,0,0,1,1,0,0,15,1,1,0,0,0,1
2015-07-01,46,8,0,3,7,0,0,0,0,0,0,0,0,0,0,0,0,0,0,8,1,3,0,0,0,0
2015-07-02,0,8,3,0,0,0,0,0,0,0,0,0,1,0,0,0,0,0,0,2,3,9,0,0,0,0
2015-07-06,2,0,0,0,4,5,0,0,13,0,0,0,0,0,0,0,0,0,0,1,3,0,0,0,0,1
2015-07-07,56,0,9,1,29,0,0,2,0,0,0,0,0,1,0,1,0,0,0,5,0,0,0,0,0,0
2015-07-08,43,0,11,0,13,1,0,0,0,0,0,0,0,2,1,0,0,0,1,4,4,0,0,0,1,6
2015-07-09,0,4,7,0,10,0,0,0,1,1,0,0,0,1,0,1,0,0,0,7,1,5,0,0,0,0
2015-07-10,10,17,1,0,0,13,0,0,0,0,0,0,0,1,0,1,0,1,1,3,0,4,0,0,1,1
2015-07-13,40,8,7,4,0,21,0,0,0,0,0,0,0,0,1,0,0,0,0,7,1,11,0,0,0,0
2015-07-14,0,0,6,0,3,1,0,0,2,0,0,0,0,0,0,0,0,0,0,7,0,0,0,0,0,6
2015-07-15,0,0,5,2,1,0,0,0,1,0,0,0,0,0,0,0,0,0,0,8,0,3,0,0,0,1
2015-07-16,0,0,8,1,0,2,1,0,0,0,0,0,0,0,0,0,0,0,0,13,3,12,0,0,0,0
2015-07-17,0,11,17,4,1,0,7,3,0,0,0,0,0,0,0,0,0,0,1,22,0,24,0,0,0,4
2015-07-20,0,7,3,0,0,20,1,0,0,1,0,0,0,0,0,0,0,0,1,25,0,5,0,0,0,1
2015-07-21,0,0,15,8,16,0,0,2,4,0,0,0,0,3,0,0,0,0,1,19,0,8,0,0,0,27
2015-07-22,0,0,0,9,10,1,0,0,3,0,0,0,0,1,5,0,0,0,0,10,0,1,0,0,0,0
2015-07-23,0,0,0,4,20,2,0,0,1,0,0,0,0,0,2,0,0,0,0,6,1,1,0,0,0,0
2015-07-24,0,4,6,0,0,0,1,0,0,0,0,0,0,0,0,0,0,0,0,1,0,0,0,0,0,0
2015-07-27,20,2,5,0,9,3,7,0,29,0,0,0,0,1,0,0,1,0,1,6,1,7,0,0,0,0
2015-07-28,0,0,0,1,7,3,3,0,0,0,0,0,0,0,0,0,0,0,0,3,0,10,0,0,0,3
2015-07-29,0,0,8,0,0,0,0,0,0,1,0,0,0,0,0,0,0,0,0,3,0,0,0,0,1,5
2015-07-30,0,0,6,3,7,0,0,0,4,0,0,0,0,0,1,0,0,0,0,7,1,0,0,0,0,0
2015-07-31,0,13,4,0,0,1,0,0,0,2,0,0,0,0,1,0,0,0,0,9,0,3,0,0,0,1
2015-08-03,0,0,13,1,0,1,0,0,1,3,0,0,0,0,0,1,0,0,0,2,1,10,0,0,0,0
2015-08-04,52,0,7,6,1,0,1,0,0,1,0,0,0,1,0,3,0,0,1,12,0,7,0,0,0,0
2015-08-05,46,0,2,1,0,1,2,0,0,0,0,0,0,0,0,0,0,0,1,3,0,3,0,0,0,0
2015-08-06,0,0,4,0,0,6,1,0,0,1,0,0,0,1,0,0,0,0,0,4,5,8,0,0,0,0
2015-08-07,65,0,3,9,1,0,1,1,0,0,0,0,0,0,0,0,0,0,0,7,0,9,0,0,0,1
2015-08-10,0,0,0,0,12,1,5,0,0,0,0,0,0,0,0,0,0,0,0,5,0,15,0,0,0,1
2015-08-11,0,0,3,0,0,0,0,0,1,0,0,0,0,0,0,0,0,0,1,6,2,3,0,0,0,1
2015-08-12,0,0,7,0,5,8,0,0,3,1,0,0,0,0,0,0,0,0,0,4,0,2,0,0,0,0
2015-08-13,0,3,6,11,12,1,0,0,0,3,0,0,0,0,0,0,0,0,0,2,0,1,0,0,0,0
2015-08-14,65,0,3,0,7,0,1,0,0,0,0,0,0,0,0,0,0,0,0,2,0,5,0,0,0,0
2015-08-17,20,4,0,0,0,1,0,0,3,0,0,0,0,1,0,0,0,0,0,2,1,9,0,0,0,1
2015-08-18,7,0,0,1,7,0,0,0,1,0,0,0,0,2,0,0,0,0,0,7,1,5,0,0,0,3
2015-08-19,0,0,0,1,10,4,1,7,1,0,0,0,0,0,2,0,0,0,0,5,0,3,0,0,0,0
2015-08-20,56,0,0,4,6,1,0,1,2,0,0,0,0,0,0,0,0,0,0,15,0,11,0,0,0,15
2015-08-21,7,14,13,6,15,4,3,0,2,0,0,0,0,0,0,0,0,0,0,7,0,1,0,0,0,0
2015-08-24,1,0,11,1,0,0,0,0,0,4,0,0,0,0,0,0,0,0,0,1,0,7,0,0,0,4
2015-08-25,0,9,0,0,0,0,0,0,4,0,0,0,0,0,0,0,0,0,0,5,0,0,0,0,0,2
2015-08-26,0,0,0,1,0,0,0,0,0,0,0,0,0,1,0,0,0,0,0,4,1,3,0,0,0,0
2015-08-27,0,0,9,0,5,1,1,0,0,0,0,0,0,0,0,0,0,0,1,6,0,6,0,0,0,1
2015-08-28,0,10,1,0,0,0,0,0,0,0,0,0,0,1,0,0,0,0,1,2,1,3,0,0,0,0
2015-08-31,3,0,21,8,2,8,1,0,0,0,0,0,0,0,0,0,5,0,0,1,1,0,0,0,0,0
2015-09-01,0,0,0,10,0,0,0,0,1,1,0,0,0,0,0,5,1,2,0,2,0,0,0,0,0,1
2015-09-02,0,0,9,8,0,0,0,0,0,0,0,0,0,0,0,0,0,0,2,6,0,4,0,0,0,0
2015-09-03,16,0,5,1,0,0,1,0,3,0,0,0,0,1,0,0,0,0,1,9,2,15,0,0,0,0
2015-09-04,9,1,1,8,14,0,0,0,5,0,0,1,0,0,0,2,0,0,0,13,0,5,0,0,0,8
2015-09-08,0,3,11,0,1,4,1,4,1,0,0,0,0,0,0,0,0,0,0,4,0,3,0,0,0,0
2015-09-09,40,0,8,2,25,1,0,0,0,0,0,0,0,0,0,0,0,0,0,6,0,0,0,0,0,40
2015-09-10,7,0,2,1,3,0,0,0,0,0,0,0,0,2,0,0,0,0,1,8,0,2,0,0,0,2
2015-09-11,0,10,0,0,0,1,1,5,0,0,0,0,0,0,0,0,0,0,0,1,1,10,0,0,0,2
2015-09-14,23,5,0,2,10,0,0,0,3,0,0,0,0,1,0,0,0,0,0,7,2,0,0,0,0,3
2015-09-15,6,0,0,13,0,10,0,1,5,0,0,0,0,0,0,1,0,0,0,2,0,9,0,0,1,1
2015-09-16,0,0,8,1,0,1,1,0,1,0,0,0,0,1,2,0,0,0,0,13,0,0,0,0,0,0
2015-09-17,0,3,8,19,3,0,0,0,1,0,0,0,0,1,2,0,0,0,0,7,1,11,0,0,3,4
2015-09-18,10,5,28,0,10,8,1,0,2,0,0,0,0,0,0,1,0,0,0,9,0,18,0,0,0,1
2015-09-21,0,0,21,0,23,0,0,0,7,0,0,0,3,0,0,0,0,0,0,3,2,19,0,0,0,1
2015-09-22,7,3,8,1,0,0,4,0,1,0,0,0,0,1,3,2,0,0,0,11,2,8,0,0,0,12
2015-09-29,0,0,0,10,30,1,0,0,4,0,0,0,0,0,1,0,0,0,0,3,1,2,0,0,1,0
2015-09-30,0,0,12,15,14,1,0,0,1,0,0,0,0,0,1,0,0,0,0,7,0,5,0,0,0,1
2015-10-01,27,9,30,2,3,9,1,0,2,0,0,0,0,0,0,0,2,0,0,15,1,20,0,0,0,0
2015-10-02,0,15,14,0,4,1,0,0,5,1,0,0,0,0,1,2,0,0,0,7,1,11,0,0,0,6
2015-10-05,4,8,5,0,0,11,0,0,1,0,0,0,0,1,0,1,0,0,0,8,0,2,0,0,0,0
2015-10-06,0,0,13,0,12,7,0,0,0,0,0,0,1,0,0,0,3,0,0,8,1,7,0,0,0,5
2015-10-07,46,0,0,1,0,1,0,0,4,3,0,0,1,0,1,0,0,0,0,2,0,0,0,0,0,3
2015-10-08,5,0,5,0,0,3,0,0,0,0,0,0,0,0,0,1,0,0,4,10,0,0,0,0,0,0
2015-10-09,1,13,1,0,4,0,0,1,0,0,0,0,0,0,0,0,0,0,0,2,0,6,0,0,0,2
2015-10-13,7,3,5,11,24,8,1,0,3,1,0,0,0,1,0,0,0,0,0,5,1,0,0,0,0,11
2015-10-14,0,0,10,14,16,1,0,0,4,0,0,0,0,0,0,0,1,0,0,2,0,10,0,0,0,6
2015-10-15,0,9,11,2,12,1,0,0,0,0,0,0,0,0,0,1,0,0,1,11,0,0,0,0,0,14
2015-10-16,0,0,0,0,0,4,0,0,0,0,0,0,3,0,0,0,0,0,0,3,1,1,0,0,0,0
2015-10-19,0,9,12,4,4,0,0,0,0,0,0,0,0,1,8,0,0,0,0,8,0,3,0,0,0,7
2015-10-20,0,0,1,9,2,2,0,0,2,0,0,0,0,0,1,1,0,0,0,1,2,2,0,0,0,1
2015-10-21,0,0,2,1,0,1,5,0,4,0,0,0,1,0,0,0,0,0,0,22,1,2,0,0,0,8
2015-10-22,0,0,7,0,7,3,0,0,1,0,0,0,0,0,0,0,0,0,0,6,1,8,0,0,0,2
2015-10-23,0,0,0,10,0,1,0,0,5,0,0,0,0,0,0,0,0,0,1,6,1,6,0,0,0,1
2015-10-26,49,12,26,0,4,0,0,0,0,0,0,0,0,0,0,0,0,0,0,10,0,5,0,0,0,13
2015-10-27,0,0,6,0,0,3,0,0,0,0,0,0,1,0,0,1,0,0,0,3,0,0,0,0,0,0
2015-10-28,0,0,8,1,7,1,0,0,0,0,0,0,1,0,0,1,0,0,0,8,0,13,0,0,0,3
2015-10-29,0,0,2,0,12,2,1,0,0,1,0,7,0,0,0,0,0,0,0,9,0,1,0,0,0,1
2015-10-30,0,0,5,1,3,16,0,0,0,0,0,0,0,1,0,0,0,0,0,11,2,1,0,0,0,8
2015-11-02,5,3,33,6,8,1,0,0,2,0,0,0,0,0,0,0,0,0,0,5,0,8,0,0,0,0
2015-11-03,0,0,0,1,0,9,1,0,1,0,0,0,0,1,0,0,0,0,1,11,0,3,0,0,0,3
2015-11-04,0,0,7,0,3,0,0,0,2,0,0,0,0,0,0,0,0,0,3,6,0,2,0,0,0,3
2015-11-05,0,0,9,2,4,1,0,0,5,0,0,0,0,0,1,0,3,0,0,4,0,9,0,0,1,0
2015-11-06,76,38,3,0,4,4,0,0,0,0,0,0,0,0,0,0,5,0,0,3,0,9,0,0,1,1
2015-11-09,0,0,4,0,8,14,0,0,0,0,0,0,0,0,3,0,0,0,0,11,1,4,0,0,0,3
2015-11-10,7,9,3,1,0,8,0,5,0,1,0,0,0,1,2,0,0,0,2,10,0,2,0,0,0,1
2015-11-12,50,0,4,5,0,0,0,0,1,0,0,0,0,0,0,0,0,0,0,15,0,1,0,0,0,2
2015-11-13,20,0,9,0,3,5,0,1,1,0,0,0,0,0,0,3,0,0,0,1,0,0,0,0,0,10
2015-11-16,23,1,17,0,1,6,0,0,1,0,0,0,1,2,2,0,0,0,0,5,2,1,0,0,0,1
2015-11-17,0,16,4,0,1,0,1,0,1,1,0,0,0,1,5,0,0,0,0,10,0,9,0,0,0,7
2015-11-18,1,0,0,13,0,7,0,0,1,0,0,0,0,1,0,0,1,0,0,4,1,2,0,0,0,9
2015-11-19,0,7,2,1,0,9,0,0,0,4,0,0,0,1,0,5,0,0,0,4,0,13,0,0,0,0
2015-11-20,16,0,9,0,0,6,0,9,1,0,0,0,4,0,0,0,0,0,0,16,0,1,0,0,0,1
2015-11-23,0,14,0,10,34,1,4,0,1,0,0,0,0,0,0,0,0,0,0,7,2,0,0,0,3,0
2015-11-24,55,0,18,0,1,1,0,0,2,0,0,0,0,0,0,0,0,0,0,1,0,1,0,0,0,2
2015-11-25,44,0,1,1,0,0,0,0,0,1,0,0,0,1,0,0,0,0,0,4,0,2,0,0,0,3
2015-11-30,9,0,4,2,18,1,0,9,0,3,0,0,0,0,0,0,0,0,0,9,1,0,0,0,0,0
2015-12-01,0,0,0,4,1,1,3,0,2,5,0,0,0,1,0,0,0,0,0,13,1,1,0,0,0,0
2015-12-02,7,0,0,1,1,0,1,0,0,2,0,0,0,0,2,0,1,0,0,19,4,16,0,0,0,9
2015-12-03,5,9,9,3,0,3,1,0,2,0,0,0,0,1,1,0,0,0,5,8,1,10,0,0,0,0
2015-12-04,0,7,7,0,13,1,0,0,14,0,0,0,0,0,0,0,0,0,0,6,0,23,0,0,0,4
2015-12-07,0,0,28,7,1,10,0,3,0,0,0,0,0,0,0,0,0,0,0,8,0,4,0,0,0,0
2015-12-08,0,3,10,3,17,13,0,0,2,0,0,0,0,0,0,1,0,0,2,7,1,1,0,0,0,1
2015-12-09,0,0,0,0,7,0,0,0,1,0,0,0,0,0,0,2,0,0,0,5,0,0,0,0,0,0
2015-12-10,0,33,1,0,7,4,1,0,1,0,0,0,0,0,0,0,0,0,0,5,0,4,0,0,0,1
2015-12-11,36,10,0,0,1,1,0,0,13,7,0,0,0,0,0,0,0,0,0,2,1,8,0,0,0,1
2015-12-14,0,0,8,5,2,1,0,0,0,0,0,0,0,1,0,0,0,0,0,13,0,3,0,0,0,0
2015-12-15,0,0,0,0,0,8,0,0,0,0,0,0,0,1,1,1,0,0,0,12,0,6,0,0,0,15
2015-12-16,0,0,14,9,3,5,0,0,20,0,0,0,0,1,0,0,0,0,0,19,3,3,0,0,0,0
2015-12-17,0,0,17,23,0,2,3,0,4,0,0,0,0,0,0,0,0,0,2,6,3,10,0,0,0,0
2015-12-18,50,0,3,2,18,6,3,0,0,1,0,0,0,0,1,0,0,0,1,12,0,8,0,0,0,4
2015-12-21,0,0,4,0,1,0,0,0,3,1,0,0,0,1,3,1,0,0,0,3,1,0,0,0,0,0
2015-12-22,3,0,7,2,1,0,0,0,1,2,0,1,1,0,1,0,0,0,0,3,0,4,0,0,0,1
2015-12-23,0,0,0,0,0,0,0,0,0,0,0,0,0,1,0,0,0,0,0,2,0,0,0,0,0,0
2015-12-24,0,0,0,0,0,0,0,0,1,0,0,0,0,0,1,0,0,0,0,1,0,0,0,0,0,0
2015-12-28,0,0,0,0,0,0,0,0,0,0,0,0,0,0,0,0,0,0,0,1,0,2,0,0,0,0
2015-12-29,0,0,0,0,0,2,0,0,0,0,0,0,0,2,0,2,0,0,0,1,0,0,0,0,0,1
2015-12-30,0,2,0,0,0,0,0,0,1,0,0,0,0,0,0,0,0,0,0,1,1,9,0,0,0,0
2015-12-31,0,0,0,0,0,1,0,0,0,0,0,0,0,0,0,0,0,0,0,1,0,0,0,0,0,2
2016-01-04,0,0,1,1,1,0,0,0,0,0,0,0,0,0,0,0,0,0,0,5,0,0,0,0,0,0
2016-01-05,9,0,0,19,0,16,0,0,1,2,0,0,0,0,1,0,1,0,0,3,0,4,0,0,0,0
2016-01-06,0,0,1,1,0,0,0,0,0,0,0,0,1,1,0,0,0,0,0,3,1,4,0,0,0,1
2016-01-07,0,5,11,3,10,4,0,0,5,0,0,0,0,0,0,3,0,0,0,6,0,14,0,0,0,0
2016-01-08,12,40,0,3,0,7,0,0,0,0,0,0,1,0,0,0,0,0,2,3,1,20,0,0,0,0
2016-01-11,102,0,20,0,6,2,0,0,7,0,0,0,1,0,0,0,0,0,6,9,0,10,0,0,0,1
2016-01-12,108,0,4,3,11,1,0,0,0,0,0,0,0,0,0,0,0,0,1,6,0,2,0,0,0,1
2016-01-13,0,0,9,1,5,0,0,0,1,1,0,0,1,1,1,0,0,0,0,5,0,0,0,0,0,0
2016-01-14,84,0,0,0,1,14,1,0,3,0,0,0,0,1,0,1,0,0,1,10,0,17,0,0,0,0
2016-01-15,0,0,14,13,27,51,0,1,3,0,0,0,0,1,0,0,0,0,0,4,1,5,0,0,0,1
2016-01-19,28,0,0,1,10,8,0,0,0,1,0,0,0,1,1,0,0,0,0,9,1,7,0,0,0,8
2016-01-20,3,0,3,10,26,3,1,5,0,0,0,0,0,0,0,0,0,0,0,4,2,11,0,0,0,1
2016-01-21,0,0,3,4,1,0,0,0,0,1,0,0,0,2,0,0,0,0,1,7,0,14,0,0,0,0
2016-01-22,46,12,0,1,8,0,1,0,0,0,0,0,0,0,0,0,0,0,0,12,0,0,0,0,0,1
2016-01-25,0,8,13,0,6,0,2,0,1,0,0,0,0,0,0,0,0,0,0,0,1,5,0,0,0,0
2016-01-26,34,0,14,1,3,8,0,0,0,1,0,0,0,1,1,0,0,0,0,0,0,0,0,0,0,0
2016-01-27,0,7,13,1,4,0,0,0,0,0,0,0,0,1,1,0,0,0,0,11,0,4,0,0,0,0
2016-01-28,50,4,12,0,10,3,0,0,0,5,0,0,0,0,0,0,0,0,0,5,0,5,0,0,0,2
2016-01-29,0,0,9,1,8,22,0,0,5,0,0,0,0,0,0,0,0,0,0,0,1,11,0,0,0,0
2016-02-01,0,3,0,1,0,1,0,0,7,3,0,0,0,0,0,0,0,0,0,2,16,1,0,0,0,2
2016-02-02,0,8,0,0,6,0,0,0,2,1,0,0,0,1,0,0,0,0,0,5,0,4,0,0,0,2
2016-02-03,0,0,4,3,1,3,1,0,0,0,0,0,0,0,0,0,0,0,0,3,0,4,0,0,0,2
2016-02-04,0,0,5,3,0,1,0,0,7,1,0,0,0,0,0,0,0,0,0,3,0,1,0,0,0,3
2016-02-05,9,0,1,1,12,10,1,0,1,1,0,0,0,0,0,0,0,0,0,1,0,3,0,0,0,1
2016-02-08,34,0,3,2,7,9,0,3,0,0,0,0,3,0,0,0,1,0,0,13,0,11,0,0,0,4
2016-02-09,0,1,0,0,0,0,0,2,0,0,0,0,0,1,0,1,1,0,0,4,0,0,0,0,0,0
2016-02-10,0,0,5,2,20,0,0,0,0,0,0,0,0,0,0,0,0,0,0,6,0,1,0,0,0,0
2016-02-11,71,10,6,0,3,7,0,0,0,0,0,0,0,1,0,0,0,0,0,4,0,2,0,0,0,2
2016-02-12,29,0,14,0,7,6,4,0,0,0,0,0,0,0,0,0,0,0,0,4,0,0,0,0,0,5
2016-02-16,23,0,2,0,1,1,1,0,0,0,0,0,0,0,1,0,0,0,5,1,0,3,0,0,0,10
2016-02-17,0,10,35,0,13,0,0,0,2,0,0,0,0,0,0,4,0,0,0,2,0,1,0,0,0,1
2016-02-18,0,0,8,2,0,3,1,8,0,0,0,0,0,2,0,0,0,0,0,6,0,3,0,0,0,1
2016-02-19,10,0,11,1,9,2,3,0,2,0,0,0,0,0,1,1,0,0,1,18,0,17,0,0,0,1
2016-02-22,0,1,4,0,21,5,2,0,1,0,0,0,0,0,0,1,0,0,0,14,0,5,0,0,0,1
2016-02-23,0,0,8,5,0,0,0,0,1,1,0,0,0,0,1,2,0,0,1,17,0,17,0,0,0,10
2016-02-24,50,22,18,3,0,2,0,0,0,1,0,0,0,0,0,1,0,0,0,7,0,2,0,0,0,4
2016-02-25,0,0,0,0,0,0,0,0,0,0,0,0,0,0,0,0,0,0,0,3,0,0,0,0,0,0
2016-02-26,0,0,0,2,4,6,0,0,1,0,0,0,0,0,0,0,0,0,0,3,0,0,0,0,0,0
2016-02-29,0,17,15,11,7,0,0,0,0,0,0,0,0,0,0,0,0,0,1,11,1,0,0,0,0,1
2016-03-01,0,5,21,8,1,2,4,0,2,4,0,0,0,2,0,0,0,0,1,5,0,1,0,0,0,4
2016-03-02,49,1,2,0,0,1,0,0,1,0,0,0,0,0,0,1,0,0,1,5,1,9,0,0,0,0
2016-03-03,3,0,0,1,8,0,0,0,1,0,0,0,0,2,0,0,0,0,0,6,0,5,0,0,0,1
2016-03-04,60,3,8,1,0,11,1,7,4,0,0,0,0,0,0,0,0,1,0,11,2,9,0,0,0,1
2016-03-07,0,10,0,3,12,0,0,0,1,0,0,0,2,0,0,0,0,0,0,8,3,8,0,0,0,0
2016-03-08,0,0,0,0,9,1,0,0,1,0,0,0,0,1,1,1,1,0,3,8,0,1,0,0,0,0
2016-03-09,0,0,5,1,0,0,0,0,1,0,0,0,0,0,0,0,0,0,1,7,0,3,0,0,0,0
2016-03-10,0,0,3,1,5,1,5,0,0,3,0,0,0,0,0,0,0,0,6,5,0,2,0,0,0,6
2016-03-11,0,0,0,2,1,9,0,0,0,0,0,0,0,0,0,0,0,0,0,7,0,7,0,0,0,0
2016-03-14,5,9,8,11,10,3,0,1,2,0,0,0,1,0,0,0,0,0,0,5,0,1,0,0,0,0
2016-03-15,5,0,0,2,0,1,0,0,1,0,0,0,0,0,0,0,0,0,0,8,1,4,0,0,1,0
2016-03-16,0,0,8,13,5,11,0,0,0,0,0,0,0,0,0,0,0,0,0,5,0,1,0,0,0,2
2016-03-17,0,0,0,3,3,0,0,0,0,0,0,0,0,1,0,0,0,0,4,6,0,4,0,0,0,1
2016-03-18,25,5,11,0,5,0,0,0,8,0,0,0,0,0,0,0,0,0,0,18,0,18,0,0,2,0
2016-03-21,0,0,15,4,9,0,0,0,3,0,0,0,0,0,0,0,0,0,0,7,0,3,0,0,0,0
2016-03-22,5,10,0,1,0,1,0,0,0,0,0,0,0,0,3,0,0,0,0,2,0,11,0,0,1,0
2016-03-23,0,0,9,0,1,3,1,0,1,0,0,0,0,0,0,0,0,0,1,4,3,0,0,0,0,0
2016-03-24,0,0,5,0,11,2,0,0,4,0,0,0,0,0,0,0,0,0,0,1,0,5,0,0,0,8
2016-03-28,3,0,10,0,7,9,0,0,0,0,0,0,0,0,0,0,0,0,0,4,0,3,0,0,0,0
2016-03-29,0,0,11,0,12,0,0,0,0,0,0,0,0,3,0,0,0,0,1,9,0,3,0,0,0,3
2016-03-30,0,1,0,8,7,10,0,0,1,0,0,0,0,0,1,0,0,0,0,6,0,8,0,0,0,1
2016-03-31,7,0,1,1,2,1,0,0,8,0,0,0,0,0,0,1,0,0,0,18,0,15,0,0,0,2
2016-04-01,17,0,4,1,11,0,0,0,1,0,0,0,0,0,0,0,0,0,1,13,0,18,0,0,0,0
2016-04-04,0,0,0,3,3,0,1,0,1,0,0,0,0,0,1,0,0,0,0,7,0,2,0,0,0,0
2016-04-05,0,7,11,0,1,12,1,0,0,0,0,0,0,0,0,1,0,0,2,2,0,0,0,0,0,2
2016-04-06,0,0,1,0,9,0,0,3,1,4,0,0,0,1,0,0,3,0,0,2,0,4,0,0,0,7
2016-04-07,0,0,0,2,13,7,3,0,0,2,0,0,0,0,0,0,0,0,0,2,2,3,0,0,4,2
2016-04-08,3,0,15,2,1,8,11,11,1,0,0,0,2,1,1,0,0,0,0,12,0,10,0,0,0,5
2016-04-11,31,0,1,10,16,9,0,0,0,0,0,0,0,0,1,0,0,0,0,12,0,5,0,0,0,0
2016-04-12,3,1,6,0,17,1,0,0,0,2,0,0,0,0,2,0,0,0,1,7,1,1,0,0,0,0
2016-04-13,0,0,0,0,0,1,0,0,1,0,0,0,1,0,0,0,0,0,0,7,0,6,0,0,0,2
2016-04-14,21,0,14,0,0,14,0,0,1,0,0,0,0,3,0,0,0,0,0,11,1,4,0,0,0,0
2016-04-15,0,0,11,3,23,2,0,1,0,0,0,0,0,0,0,0,0,0,5,9,2,8,0,0,0,7
2016-04-18,0,0,1,0,0,0,0,0,0,0,0,0,0,2,0,1,0,0,0,5,0,6,0,0,0,0
2016-04-19,0,0,0,1,17,2,1,0,0,0,0,0,0,0,0,0,0,0,1,6,0,1,0,0,0,0
2016-04-20,0,0,25,4,0,1,0,0,9,0,0,0,0,0,0,0,0,0,1,2,2,3,0,0,0,1
2016-04-21,12,0,0,0,8,0,0,0,0,0,0,0,0,1,0,0,0,0,0,9,1,1,0,0,0,4
2016-04-22,19,0,14,12,0,11,0,0,0,0,0,0,0,0,0,0,0,0,0,13,0,13,0,0,0,8
2016-04-25,9,5,0,7,4,4,2,12,1,0,0,0,0,1,0,0,1,0,1,4,1,0,0,0,0,0
2016-04-26,0,0,5,3,1,0,1,0,0,0,0,0,0,0,0,1,0,0,0,13,0,0,0,0,0,2
2016-04-27,0,8,13,1,0,0,0,0,1,0,0,0,0,0,0,0,0,0,0,9,0,1,0,0,0,0
2016-04-28,0,0,48,0,0,4,0,0,0,0,0,0,0,0,0,0,0,0,0,6,3,0,0,0,0,0
2016-04-29,109,0,1,0,14,10,1,0,0,0,0,0,0,0,0,0,0,0,0,3,1,13,0,0,0,7
2016-05-02,50,0,7,7,13,9,0,0,0,0,0,0,0,0,0,0,0,0,0,7,3,20,0,0,0,1
2016-05-03,0,0,7,0,7,3,0,0,0,0,0,0,0,0,0,0,0,0,0,13,1,1,0,0,0,0
2016-05-04,0,0,7,3,0,0,0,0,1,0,0,0,1,1,0,0,0,0,0,12,1,21,0,0,0,20
2016-05-05,0,0,10,2,0,1,0,0,0,0,0,0,1,1,3,0,0,0,0,6,0,7,0,0,0,5
2016-05-06,20,1,24,10,0,1,0,6,1,0,0,0,0,0,1,0,0,0,0,2,0,8,0,0,0,4
2016-05-09,0,10,22,1,0,0,1,0,2,0,0,0,0,0,0,0,0,0,0,15,3,7,0,0,0,3
2016-05-10,0,0,0,1,0,3,2,1,9,0,0,0,0,0,0,0,0,0,0,2,0,6,0,0,0,1
2016-05-11,1,0,39,0,4,1,0,0,1,0,0,0,0,0,0,0,0,0,0,5,0,0,0,0,0,0
2016-05-12,0,0,0,31,5,0,0,0,0,0,0,0,0,0,0,0,0,0,0,8,1,6,0,0,8,0
2016-05-13,7,4,4,0,37,0,0,0,0,0,0,0,1,0,0,0,0,0,0,16,2,7,0,0,0,20
2016-05-16,29,7,9,0,7,12,0,0,0,0,0,0,0,0,0,0,0,0,1,9,4,6,0,0,0,3
2016-05-17,0,0,0,2,0,3,0,1,15,0,0,0,0,0,0,0,0,0,0,5,0,2,0,0,0,0
2016-05-18,0,0,2,3,0,3,0,0,4,0,0,0,0,0,0,0,0,0,1,10,0,1,0,0,0,0
2016-05-19,0,0,0,1,0,0,0,0,3,0,0,0,0,1,0,3,0,0,0,4,0,5,0,0,0,0
2016-05-20,0,4,7,14,0,1,0,0,3,1,0,0,0,0,0,0,0,0,0,5,0,21,0,0,0,0
2016-05-23,3,0,23,0,1,1,1,0,1,0,0,0,0,0,0,0,4,0,0,4,3,8,0,0,1,3
2016-05-24,0,0,6,1,6,0,0,0,0,0,0,0,0,1,0,1,0,0,0,5,0,4,0,0,0,2
2016-05-25,0,0,3,2,14,4,0,0,8,0,0,0,0,0,1,0,0,0,0,5,0,1,0,0,0,0
2016-05-26,3,0,17,1,0,0,0,0,1,0,0,0,0,0,0,1,0,0,0,6,1,2,0,0,0,3
2016-05-27,0,0,4,0,1,0,0,0,0,0,0,0,0,0,0,0,0,0,0,4,0,6,0,0,0,1
2016-05-31,0,0,2,3,7,5,1,0,2,0,0,0,0,0,0,0,0,0,0,4,1,4,0,0,0,0
2016-06-01,0,0,9,9,0,0,0,0,1,1,0,0,0,0,0,0,0,0,0,12,3,3,0,0,0,4
2016-06-02,0,6,33,0,0,4,1,0,0,0,0,0,0,0,0,0,0,0,0,14,2,0,0,0,0,0
2016-06-03,0,11,5,1,10,3,2,0,3,0,0,0,0,0,0,0,0,0,0,2,0,6,0,0,0,0
2016-06-06,10,0,0,3,7,0,0,0,1,0,0,0,0,2,0,0,0,0,0,8,0,7,0,0,0,6
2016-06-07,7,11,3,4,0,3,0,0,1,0,0,0,0,0,0,0,0,0,1,6,0,2,0,0,0,0
2016-06-08,0,7,5,0,0,0,0,0,0,0,0,0,0,0,0,0,0,0,0,5,1,5,0,0,0,8
2016-06-09,3,0,7,0,0,1,0,0,1,1,0,0,0,2,0,0,0,0,0,6,1,5,0,0,0,2
2016-06-10,25,0,3,1,18,0,0,1,1,1,0,0,0,0,0,3,0,0,0,7,0,8,0,0,0,2
2016-06-13,0,4,10,2,4,1,0,5,0,0,0,0,0,1,0,0,0,0,0,2,0,6,0,0,0,1
2016-06-14,6,0,14,2,0,1,0,1,0,1,0,0,0,2,0,0,1,0,2,5,1,3,0,0,0,2
2016-06-15,0,3,1,0,12,3,0,0,0,0,0,0,0,0,1,1,0,0,0,4,0,6,0,0,1,3
2016-06-16,2,0,12,0,0,0,0,0,2,0,0,0,0,0,0,0,0,0,0,7,0,3,0,0,1,1
2016-06-17,0,0,5,5,0,0,1,0,0,0,0,0,0,0,0,0,0,0,0,8,3,16,0,0,0,0
2016-06-20,0,8,1,0,12,0,4,3,0,0,0,0,0,0,0,0,0,0,0,8,1,4,0,0,0,1
2016-06-21,3,0,0,0,0,0,1,0,2,0,0,0,0,0,0,1,0,0,0,2,1,4,0,0,0,3
2016-06-22,0,0,4,3,0,0,0,0,0,0,0,0,0,0,0,0,0,0,0,8,0,3,0,0,0,3
2016-06-23,0,10,1,0,0,0,0,0,5,0,0,0,0,0,0,0,0,0,0,2,0,3,0,0,0,2
2016-06-24,5,8,15,0,15,1,1,0,0,0,0,0,0,0,0,0,0,0,0,11,0,2,0,0,3,13
2016-06-27,3,7,23,1,5,0,0,0,0,0,0,0,0,1,0,0,0,0,0,12,0,17,0,0,3,4
2016-06-28,0,0,0,2,0,1,2,0,3,1,0,0,0,2,7,0,0,0,0,0,0,9,0,0,0,3
2016-06-29,0,0,9,12,0,0,0,0,5,0,0,0,0,0,1,1,1,0,1,5,2,0,0,0,0,1
2016-06-30,0,2,3,3,5,0,1,0,0,1,0,0,0,1,0,0,0,0,0,9,0,2,0,0,0,0
2016-07-01,0,0,20,0,0,0,0,0,0,4,0,0,0,0,0,0,0,0,0,3,1,8,0,0,0,1
2016-07-05,13,0,10,0,1,0,4,0,1,0,0,0,0,1,0,0,0,0,0,3,1,0,0,0,0,1
2016-07-06,0,0,3,0,1,0,5,0,0,0,0,0,0,0,0,2,0,0,0,6,0,0,0,0,0,0
2016-07-07,5,0,21,9,6,1,0,0,1,0,0,0,0,1,0,0,0,0,0,2,0,4,0,0,0,0
2016-07-08,0,5,7,0,6,0,2,0,0,0,0,0,0,0,0,0,0,0,0,0,1,3,0,0,0,0
2016-07-11,3,0,2,0,0,1,0,0,1,0,0,0,0,0,0,2,0,0,0,5,3,0,0,0,0,41
2016-07-12,0,1,13,3,29,1,1,0,4,0,0,0,0,0,0,0,0,0,0,3,1,11,0,0,0,6
2016-07-13,0,3,15,0,0,2,0,0,1,3,0,0,0,0,0,1,0,0,5,4,0,0,0,0,0,1
2016-07-14,16,1,16,1,0,0,0,1,1,0,0,0,0,1,0,0,0,0,0,3,1,4,0,0,0,1
2016-07-15,55,8,21,0,8,1,0,3,0,0,0,0,0,0,0,0,0,0,0,4,0,13,0,0,0,1
2016-07-18,39,5,10,0,6,10,1,0,2,1,0,0,0,0,0,1,0,0,0,6,0,4,0,0,0,25
2016-07-19,10,0,0,0,6,3,0,0,1,0,0,0,0,0,0,1,0,0,0,8,0,7,0,0,0,3
2016-07-20,0,0,10,0,0,0,0,0,3,3,0,0,0,0,0,1,0,0,0,9,0,11,0,0,0,0
2016-07-21,4,0,0,0,15,5,0,0,0,1,0,0,0,0,3,0,0,0,2,12,0,10,0,0,0,0
2016-07-22,3,0,20,0,0,6,1,0,1,0,0,0,0,2,0,0,0,0,0,9,0,8,0,0,0,0
2016-07-25,1,0,0,0,0,0,0,0,2,0,0,0,0,0,0,0,1,0,0,1,2,0,0,0,0,5
2016-07-26,0,1,0,3,0,12,0,0,0,0,0,0,0,0,0,0,0,0,0,3,0,1,0,0,0,0
2016-07-27,0,0,0,0,3,0,0,0,0,0,0,0,0,0,0,0,0,0,0,0,0,0,0,0,0,0
2016-07-28,0,0,0,0,0,5,0,0,0,0,0,0,0,0,0,0,0,0,0,0,0,0,0,0,0,0
2016-07-29,0,0,0,1,0,0,0,0,0,0,0,0,0,0,0,0,0,0,0,0,0,0,0,0,0,0
2016-08-01,12,5,8,1,3,5,0,0,0,0,0,0,0,1,1,0,0,0,0,9,0,8,0,0,0,4
2016-08-02,0,16,9,9,0,0,1,2,2,0,0,0,0,0,0,0,0,0,0,8,0,2,0,0,0,2
2016-08-03,1,0,8,0,0,0,0,0,0,0,0,0,1,1,0,1,0,0,1,4,0,7,0,0,0,0
2016-08-04,0,0,1,1,0,0,0,0,0,0,0,0,0,0,0,0,0,0,0,0,0,0,0,0,0,0
2016-08-08,0,0,3,0,12,1,1,0,0,0,0,0,1,0,0,0,0,0,0,2,0,8,0,0,0,1
2016-08-09,0,1,0,2,0,1,0,0,3,0,0,0,1,0,0,0,0,0,0,15,0,5,0,0,0,0
2016-08-10,2,0,3,0,7,0,0,0,0,0,0,0,0,0,0,0,0,1,0,1,0,6,0,0,0,1
2016-08-11,0,1,0,3,0,1,2,0,1,0,0,0,0,0,0,0,0,0,0,2,0,6,0,0,1,2
2016-08-12,0,0,0,0,9,0,0,0,3,0,0,0,1,0,0,0,0,0,0,9,0,0,0,0,0,0
2016-08-15,20,0,0,0,7,1,0,0,0,0,0,0,0,0,0,0,0,0,3,4,1,11,0,0,0,5
2016-08-16,0,5,6,0,1,7,0,0,0,0,0,0,0,1,0,0,0,0,0,11,0,6,0,0,0,0
2016-08-17,0,7,1,1,0,15,0,0,0,1,0,0,0,0,0,0,0,0,1,8,0,5,0,0,0,1
2016-08-18,0,0,18,0,17,7,0,0,1,0,0,0,0,0,0,1,0,0,0,1,0,1,0,0,0,0
2016-08-19,0,7,0,0,0,18,0,0,0,0,0,0,0,0,0,0,0,0,0,3,2,3,0,0,0,3
2016-08-22,0,7,3,1,1,4,12,0,0,4,0,0,0,0,0,1,0,0,0,1,0,5,0,0,0,0
2016-08-23,0,8,5,1,7,5,2,0,3,0,0,0,0,0,0,0,0,0,2,0,1,9,0,0,0,9
2016-08-24,0,0,1,0,0,0,0,0,0,0,0,0,0,0,0,0,0,0,0,10,0,6,0,0,0,8
2016-08-25,7,0,12,4,0,0,0,0,2,0,0,0,0,0,0,0,0,0,0,11,0,9,0,0,0,12
2016-08-26,0,0,20,3,7,4,0,0,0,0,0,0,0,1,0,0,0,0,2,2,0,10,0,0,0,0
2016-08-29,0,0,10,0,26,1,0,0,0,0,0,0,0,0,0,0,0,0,0,9,0,2,0,0,0,0
2016-08-30,7,12,5,4,0,1,0,0,0,0,0,0,0,0,0,0,0,0,0,13,0,8,0,0,0,0
2016-08-31,0,0,1,0,11,1,0,0,0,1,0,0,0,0,0,0,0,0,6,3,0,6,0,0,0,1
2016-09-01,0,0,0,6,0,3,0,2,0,0,0,0,0,0,0,0,0,0,3,0,0,0,0,0,1,0
2016-09-02,0,8,0,9,9,0,0,0,0,7,0,0,0,0,1,0,0,0,0,0,0,2,0,0,0,0
2016-09-06,0,7,1,3,1,3,1,0,0,0,0,0,0,1,0,0,0,0,2,7,0,6,0,0,0,1
2016-09-07,20,0,0,0,0,0,1,0,3,7,0,0,0,0,3,0,0,0,0,4,0,9,0,0,0,0
2016-09-08,7,0,5,6,0,0,0,0,0,1,0,0,0,1,0,0,0,0,0,6,0,12,0,0,0,0
2016-09-09,1,13,7,0,1,4,0,0,0,0,0,0,0,0,0,0,0,0,0,9,1,6,0,0,0,7
2016-09-12,0,9,9,4,0,0,1,0,1,0,0,0,0,0,0,0,0,0,0,9,1,10,0,0,0,5
2016-09-13,0,0,0,0,0,14,7,0,7,0,0,0,0,0,0,1,1,0,0,5,0,5,0,0,3,0
2016-09-14,0,3,1,0,8,2,0,0,0,2,0,0,0,0,0,0,0,0,0,8,0,10,0,0,0,11
2016-09-15,0,9,7,0,1,1,0,0,0,0,0,0,0,0,0,0,0,0,0,2,0,14,0,0,0,0
2016-09-16,5,0,0,1,0,0,0,0,1,0,0,0,0,1,0,0,0,0,2,4,0,4,0,0,0,0
2016-09-19,23,0,13,0,8,1,0,0,0,0,0,0,0,0,0,0,0,0,0,1,0,12,0,0,0,2
2016-09-20,0,1,5,1,9,0,3,0,0,0,0,0,0,0,0,5,0,0,0,10,0,8,0,0,0,5
2016-09-21,0,0,4,0,0,0,0,0,2,0,0,0,1,1,0,1,0,0,0,9,0,1,0,0,0,0
2016-09-22,0,10,0,0,0,8,0,0,0,7,0,0,0,0,0,0,0,0,0,4,0,5,0,0,0,0
2016-09-23,30,0,0,0,0,0,0,0,0,0,0,0,0,0,0,0,0,0,0,1,0,4,0,0,0,0
2016-09-26,0,4,18,7,0,0,0,0,0,0,0,0,0,0,0,0,0,0,1,7,0,0,0,0,0,1
2016-09-27,48,4,8,0,17,0,0,0,4,0,0,0,0,0,0,0,0,0,0,12,0,4,0,0,0,9
2016-09-28,0,0,0,0,22,5,0,0,0,0,0,0,0,0,0,0,0,0,0,1,0,7,0,0,0,0
2016-09-29,0,9,0,1,1,0,1,0,1,0,0,0,0,0,0,0,0,0,0,3,1,0,0,0,0,5
2016-09-30,58,13,0,1,7,13,0,0,3,0,0,0,0,0,0,0,0,0,0,4,0,2,0,0,0,0
2016-10-03,0,0,13,1,0,0,0,0,0,0,0,0,0,0,0,1,0,0,7,6,0,5,0,0,0,0
2016-10-04,24,0,6,0,1,1,0,0,2,0,0,0,0,0,0,0,0,0,0,8,0,0,0,0,0,19
2016-10-05,0,0,9,0,0,1,0,0,0,0,0,0,0,0,0,0,0,0,0,15,0,8,0,0,0,2
2016-10-06,0,0,7,0,16,0,0,0,0,0,0,0,0,0,1,0,0,0,0,1,0,3,0,0,0,1
2016-10-07,0,0,4,0,10,1,0,11,0,0,0,0,0,0,0,0,0,0,0,6,0,4,0,0,0,0
2016-10-11,0,0,7,0,5,0,0,0,0,0,0,0,0,0,5,0,0,0,0,1,0,5,0,0,0,0
2016-10-12,0,0,0,0,10,9,0,0,3,0,0,0,0,0,0,0,0,0,0,3,0,1,0,0,0,1
2016-10-13,0,18,4,0,8,1,0,0,0,0,0,0,0,0,0,0,0,0,0,3,0,6,0,0,0,6
2016-10-14,5,0,2,4,5,1,0,0,0,0,0,0,0,1,0,0,0,0,0,10,0,1,0,0,0,0
2016-10-17,0,0,12,7,6,1,0,0,3,0,0,0,0,1,0,0,0,0,0,7,0,13,0,0,0,0
2016-10-18,0,3,10,10,19,9,1,0,0,0,0,0,0,0,0,0,0,0,0,7,0,1,0,0,0,5
2016-10-19,0,0,3,8,0,3,0,0,0,6,0,0,0,0,0,0,0,0,0,11,0,5,0,0,0,24
2016-10-20,12,0,0,3,10,0,0,0,0,0,0,0,0,0,3,0,0,0,0,4,1,1,0,0,1,0
2016-10-21,0,1,8,0,0,0,0,0,4,0,0,0,0,0,0,0,0,0,0,1,0,1,0,0,0,6
2016-10-24,40,0,11,0,7,0,4,0,1,1,0,0,0,0,4,0,0,0,1,7,0,8,0,0,0,0
2016-10-25,24,13,18,0,0,8,0,0,2,0,0,0,0,0,0,0,0,0,1,7,0,3,0,0,1,4
2016-10-26,0,0,5,7,0,0,0,0,5,2,0,0,0,1,0,1,0,0,0,7,0,2,0,0,0,1
2016-10-27,7,0,0,0,0,1,0,0,0,0,0,0,0,0,0,1,0,0,0,6,0,3,0,0,0,3
2016-10-28,0,10,0,5,7,0,2,0,3,0,0,0,0,0,0,0,0,0,0,0,0,4,0,0,0,0
2016-10-31,10,0,0,1,17,0,0,0,0,0,0,0,0,0,0,0,0,0,1,6,2,13,0,0,0,0
2016-11-01,1,0,0,0,3,0,0,0,0,0,0,0,1,0,0,0,0,0,0,4,0,0,0,0,0,1
2016-11-02,0,0,4,0,0,0,0,0,0,0,0,0,0,1,0,0,0,0,1,0,0,0,0,0,0,0
2016-11-03,0,0,0,1,1,0,0,0,0,0,0,0,0,0,0,0,0,0,0,2,0,0,0,0,0,1
2016-11-04,0,0,0,3,0,7,1,1,6,0,0,0,0,0,0,0,0,0,0,11,1,4,0,0,0,4
2016-11-07,13,1,1,0,2,0,0,0,4,0,0,0,0,0,0,1,0,0,2,1,1,1,0,0,0,0
2016-11-08,1,9,0,0,14,0,0,0,0,0,0,0,0,0,0,0,1,0,0,7,0,2,0,0,0,1
2016-11-09,21,0,0,1,10,4,0,0,1,0,0,0,0,0,0,0,0,0,0,6,0,4,0,0,0,0
2016-11-10,0,4,28,0,0,0,0,1,0,0,0,0,0,0,0,0,0,0,0,4,0,0,0,0,0,3
2016-11-14,14,0,29,0,0,0,2,1,0,0,0,0,0,0,0,0,0,0,0,3,1,6,0,0,1,3
2016-11-15,0,0,5,1,0,9,0,0,0,0,0,0,0,0,0,0,0,0,1,10,4,2,0,0,0,1
2016-11-16,10,0,5,7,17,0,5,2,4,0,0,0,0,0,0,0,0,0,1,1,7,2,0,0,1,6
2016-11-17,0,0,1,0,8,4,0,0,0,0,0,0,0,0,0,0,0,0,0,3,3,5,0,0,0,4
2016-11-18,0,12,5,3,0,0,2,0,3,0,0,0,0,0,0,0,4,0,0,5,0,9,0,0,0,1
2016-11-21,0,0,14,1,0,1,0,0,8,0,0,0,0,1,0,0,1,0,1,12,0,3,0,0,0,0
2016-11-22,7,0,13,9,0,6,0,0,0,0,0,0,0,0,0,0,0,0,1,11,0,10,0,0,0,1
2016-11-23,7,5,5,1,0,10,1,0,0,0,0,0,0,0,0,0,0,0,0,3,0,2,0,0,0,1
2016-11-28,0,0,5,5,0,0,0,0,0,0,0,0,0,0,0,2,0,0,0,1,0,1,0,0,0,0
2016-11-29,0,5,11,0,0,8,0,0,0,0,0,0,0,0,0,0,2,0,0,2,0,2,0,0,0,1
2016-11-30,0,7,10,1,2,10,0,0,0,0,0,0,1,0,0,0,1,0,0,5,0,0,0,0,0,0
2016-12-01,1,5,0,1,7,0,0,0,2,0,0,0,2,0,0,1,0,0,0,13,2,20,0,0,0,0
2016-12-02,0,0,0,0,0,0,0,0,1,0,0,0,0,0,0,0,0,0,0,4,0,21,0,0,1,13
2016-12-05,0,0,19,0,1,2,0,0,0,0,0,0,0,0,0,0,0,0,0,1,1,4,0,0,0,11
2016-12-06,0,18,0,9,0,13,0,0,0,0,0,0,0,1,0,0,0,0,1,4,1,10,0,0,0,1
2016-12-07,0,0,8,0,0,6,0,0,2,0,0,0,0,0,0,0,0,0,0,8,0,7,0,0,0,0
2016-12-08,0,0,4,0,0,3,0,0,3,3,0,0,0,1,0,0,0,0,1,9,0,1,0,0,0,1
2016-12-09,0,0,28,0,19,2,0,0,0,0,0,0,0,0,0,1,1,0,0,7,0,0,0,0,0,0
2016-12-12,0,0,12,1,10,0,0,0,0,0,0,0,0,0,0,0,0,0,0,18,0,11,0,0,0,0
2016-12-13,17,3,2,1,6,1,0,0,11,0,0,0,0,0,0,0,0,0,0,2,0,5,0,0,0,0
2016-12-14,0,0,3,1,16,0,0,0,0,0,0,0,0,0,0,1,0,0,0,14,0,10,0,0,0,8
2016-12-15,0,1,20,1,20,0,1,0,2,0,0,0,0,0,0,0,0,0,0,10,0,3,0,0,0,0
2016-12-16,0,16,15,3,16,9,1,0,1,0,0,0,1,1,4,5,0,0,0,4,0,3,0,0,0,3
2016-12-19,5,0,3,6,1,8,0,0,0,1,0,0,0,1,0,0,0,0,0,2,0,4,0,0,0,0
2016-12-20,0,10,0,0,1,0,0,0,0,2,0,0,1,0,0,0,0,0,0,5,0,3,0,0,0,10
2016-12-21,0,0,1,0,7,0,0,0,0,0,0,0,0,0,1,5,0,0,1,5,0,14,0,0,0,1
2016-12-22,0,0,11,0,1,2,0,0,1,0,0,0,0,0,0,0,0,0,0,3,0,0,0,0,0,15
2016-12-23,0,0,0,0,0,5,0,0,0,1,0,0,0,0,0,0,0,0,0,1,1,0,0,0,0,0
2016-12-27,0,0,0,2,0,0,0,0,0,0,0,0,0,0,1,0,0,0,0,2,0,1,0,0,0,0
2016-12-28,0,0,0,0,0,0,0,0,0,1,0,0,0,0,0,0,0,0,0,1,0,0,0,0,0,0
2016-12-29,0,0,0,0,1,0,0,0,0,0,0,0,0,0,0,0,0,0,0,2,0,0,0,0,0,0
2016-12-30,0,0,0,0,0,0,0,0,0,0,0,0,0,0,0,1,0,0,0,0,0,0,0,0,0,0
2017-01-03,50,0,12,1,0,4,0,0,3,0,0,0,0,0,0,0,0,0,0,2,0,7,1,0,0,1
2017-01-04,12,28,3,0,16,2,0,0,3,0,0,0,0,0,0,0,0,0,1,5,1,0,0,0,1,3
2017-01-05,0,4,1,0,34,7,1,0,0,1,0,0,0,0,3,0,0,0,0,8,0,8,0,0,0,0
2017-01-06,24,7,9,5,7,4,0,3,0,0,0,0,7,0,0,0,0,0,0,6,0,0,0,0,0,3
2017-01-09,48,5,10,0,0,10,0,0,0,0,0,0,0,1,0,0,0,0,0,4,1,5,0,0,0,0
2017-01-10,14,7,0,1,10,1,0,2,0,0,0,0,0,0,0,0,0,0,0,2,0,0,0,0,0,14
2017-01-11,0,1,7,0,9,0,1,0,13,0,0,0,2,0,1,0,0,0,2,11,1,12,0,0,0,2
2017-01-12,53,28,0,0,9,1,0,0,8,0,0,0,0,0,1,0,0,0,0,9,1,9,0,0,0,2
2017-01-13,3,5,5,0,19,7,0,0,0,0,0,0,1,0,0,0,0,0,0,0,0,8,0,0,0,0
2017-01-17,0,0,0,0,0,0,0,0,0,0,0,0,0,1,1,0,0,0,1,1,0,4,0,0,1,0
2017-01-18,0,0,15,2,11,2,1,0,1,0,0,0,0,0,0,1,0,0,1,3,0,0,0,0,0,7
2017-01-19,20,0,3,0,0,6,0,0,0,0,0,0,0,0,0,0,0,0,0,9,0,9,0,0,0,1
2017-01-20,0,0,7,0,9,19,0,1,0,0,0,0,0,0,2,0,0,0,0,13,0,1,0,0,0,0
2017-01-23,0,0,12,3,7,2,0,0,1,0,0,0,0,0,0,0,0,0,0,4,0,9,0,0,0,4
2017-01-24,0,6,0,0,0,3,0,0,0,0,0,0,0,0,0,0,0,0,0,7,0,0,0,0,1,5
2017-01-25,0,0,0,0,0,1,0,0,1,0,0,0,1,0,0,0,0,0,0,7,0,5,0,0,0,1
2017-01-26,68,0,0,0,0,3,0,2,0,0,0,0,0,0,0,3,0,0,0,4,0,5,0,0,0,0
2017-01-27,57,0,3,0,28,18,0,0,1,0,0,0,0,0,0,0,0,0,0,1,0,0,0,0,0,1
2017-01-30,23,5,10,3,7,0,4,0,0,0,0,0,0,0,0,1,0,0,0,5,0,17,0,0,0,0
2017-01-31,0,0,0,0,0,7,0,0,0,0,0,0,0,0,0,0,0,0,0,2,0,0,0,0,0,0
2017-02-01,0,0,11,0,0,0,1,0,1,0,0,0,0,0,0,0,0,0,0,10,0,5,0,0,0,0
2017-02-02,0,0,15,0,8,3,0,0,1,0,0,0,0,0,0,0,0,0,0,14,0,10,0,0,7,3
2017-02-03,7,0,19,0,2,5,0,0,0,0,0,0,0,2,0,0,0,0,0,1,0,5,0,0,1,13
2017-02-06,0,0,7,3,16,8,0,0,1,0,0,0,0,0,0,0,0,0,0,8,5,1,0,0,1,13
2017-02-07,0,5,1,3,0,2,0,0,2,0,0,0,0,1,0,0,0,0,0,4,0,4,0,0,0,0
2017-02-08,7,0,6,1,4,0,0,0,0,0,0,0,1,1,0,0,0,0,4,8,0,0,0,0,0,0
2017-02-10,0,0,5,5,20,4,0,0,1,0,0,0,0,0,0,0,0,0,0,6,0,3,0,0,0,0
2017-02-13,5,27,16,0,9,0,0,0,0,0,0,0,0,0,0,0,0,0,0,3,3,7,0,0,0,9
2017-02-14,5,0,16,6,9,0,0,0,0,1,0,0,0,0,0,0,0,0,0,6,0,1,0,0,0,1
2017-02-15,0,0,0,0,0,0,0,0,2,1,0,0,0,1,0,0,0,0,0,3,0,11,0,0,0,0
2017-02-16,0,0,5,2,0,3,0,0,1,0,0,0,0,0,0,0,0,0,0,3,0,7,0,0,0,0
2017-02-17,24,41,5,0,4,7,0,0,0,0,0,0,0,0,0,0,0,0,0,8,0,2,0,0,0,13
2017-02-21,52,0,6,0,5,4,0,0,1,0,0,0,0,1,0,0,0,0,1,10,0,5,0,0,0,9
2017-02-22,0,0,3,0,1,0,1,0,2,0,0,0,0,0,0,0,0,0,0,10,1,11,0,0,0,9
2017-02-23,0,0,0,1,0,0,0,0,1,3,0,0,0,0,0,0,0,0,0,8,0,0,0,0,0,0
2017-02-24,0,0,0,0,7,1,3,0,0,0,0,0,0,0,0,0,0,0,0,1,0,1,0,0,0,3
2017-02-27,17,1,6,1,11,1,1,0,2,0,0,0,0,0,0,0,0,0,0,4,0,7,0,0,0,0
2017-02-28,54,2,7,0,1,4,1,1,0,0,0,0,0,0,0,0,0,0,0,4,0,5,0,0,2,10
2017-03-01,0,0,0,0,10,0,0,0,0,0,0,0,0,0,0,1,0,0,0,5,0,2,0,0,0,3
2017-03-02,0,3,0,3,11,8,0,0,0,0,0,0,0,1,0,0,0,0,0,7,0,1,0,0,0,0
2017-03-03,0,6,8,23,1,3,0,0,0,0,0,0,0,0,0,0,0,0,0,1,0,1,0,0,0,4
2017-03-06,94,14,8,0,2,16,1,0,0,0,0,0,4,0,0,1,0,0,0,1,0,0,0,0,0,1
2017-03-07,0,0,3,0,1,10,0,1,0,0,0,0,0,0,0,0,0,0,0,1,1,1,0,0,0,1
2017-03-08,0,0,5,0,5,0,0,0,0,0,0,0,0,0,1,0,0,0,0,10,1,5,0,0,0,7
2017-03-09,26,1,0,3,8,1,0,0,0,1,0,0,0,0,0,0,0,0,0,7,0,4,0,0,0,1
2017-03-10,0,0,0,0,10,10,0,1,5,0,0,0,0,0,3,0,0,0,1,10,0,1,0,0,0,6
2017-03-13,14,0,1,3,2,0,0,0,0,1,0,0,0,0,0,0,0,0,1,1,0,0,0,0,0,0
2017-03-15,0,0,0,0,1,0,0,0,0,0,0,0,0,0,0,0,0,0,0,6,0,1,0,0,0,0
2017-03-16,0,0,0,0,0,3,7,0,0,0,0,0,0,0,0,0,0,0,0,6,0,1,0,0,0,0
2017-03-17,7,0,1,0,0,5,0,0,0,0,0,0,0,0,0,0,0,0,0,6,0,0,0,0,0,0
2017-03-20,0,14,17,0,12,3,0,0,0,0,0,0,5,0,0,0,0,0,0,0,0,31,0,0,0,0
2017-03-21,7,8,2,1,2,0,0,0,9,0,0,0,0,0,1,0,0,0,0,5,1,5,0,0,0,1
2017-03-22,0,0,0,0,21,0,0,0,6,0,0,0,0,0,0,0,0,0,0,2,1,3,0,0,0,3
2017-03-23,0,0,0,3,0,2,0,4,0,1,0,0,0,0,0,0,0,0,0,10,1,12,0,0,0,0
2017-03-24,0,7,1,0,0,1,2,0,0,0,0,0,0,0,0,1,0,0,0,3,1,10,0,0,0,0
2017-03-27,111,33,5,0,17,0,0,0,1,1,0,0,0,0,0,0,0,0,0,7,0,3,0,0,1,1
2017-03-28,0,0,5,0,24,5,2,3,0,0,0,0,0,1,3,0,0,0,0,7,0,0,0,0,0,1
2017-03-29,28,0,13,0,7,35,1,0,3,0,0,0,3,1,0,0,1,0,0,15,4,1,0,0,0,0
2017-03-30,5,7,19,2,1,1,0,0,0,0,0,0,0,1,1,0,0,0,0,11,0,5,0,1,0,0
2017-03-31,0,0,11,0,4,14,0,0,0,0,0,0,0,0,0,0,0,0,0,1,2,5,0,0,0,2
2017-04-03,0,0,6,2,7,0,0,0,6,0,0,0,0,0,0,0,0,0,0,2,0,13,0,0,0,1
2017-04-04,3,0,10,3,10,0,0,0,0,0,0,0,0,0,0,0,0,0,0,9,0,0,0,0,0,0
2017-04-05,0,0,11,6,0,3,0,0,1,0,0,0,0,0,0,0,0,0,0,0,0,1,0,0,0,1
2017-04-06,7,0,0,0,5,0,0,0,5,0,0,1,0,1,0,0,0,0,0,4,0,0,0,0,0,0
2017-04-07,37,1,4,1,15,5,0,0,0,0,0,0,0,0,0,0,0,0,0,5,4,1,0,0,1,0
2017-04-10,0,0,19,0,4,0,0,0,2,0,0,0,0,0,0,0,0,0,0,4,0,1,0,0,0,16
2017-04-11,0,5,0,4,9,0,0,0,0,0,0,0,0,0,0,0,0,0,0,5,0,1,0,0,0,4
2017-04-12,0,0,0,0,0,0,0,0,0,0,0,0,0,0,0,0,0,0,0,6,0,0,0,0,0,0
2017-04-13,23,0,19,5,20,3,0,3,0,0,0,0,0,0,0,0,0,0,0,6,0,4,0,0,0,0
2017-04-17,0,0,19,0,20,3,0,0,0,0,0,0,0,0,5,0,0,0,0,1,0,11,0,0,0,0
2017-04-18,0,0,6,1,0,2,0,5,10,1,0,0,0,0,0,0,0,0,0,1,1,1,0,0,0,0
2017-04-19,0,0,0,0,0,0,1,0,0,0,0,0,0,0,0,0,0,0,0,3,0,4,0,0,0,0
2017-04-20,20,0,5,3,0,0,1,0,0,1,0,0,0,2,0,0,0,0,0,10,0,1,0,0,0,1
2017-04-21,0,14,0,6,0,5,0,0,1,0,0,0,0,0,0,0,0,0,0,3,0,0,0,0,0,3
2017-04-24,28,0,21,4,3,0,0,5,1,0,0,0,0,1,8,0,0,0,1,1,1,3,0,0,0,0
2017-04-25,0,0,0,0,11,4,0,0,0,0,0,0,0,0,0,0,0,0,0,5,0,0,0,0,0,1
2017-04-26,76,0,14,3,0,1,0,0,0,0,0,0,0,1,0,0,0,0,0,4,1,0,0,0,0,0
2017-04-27,50,5,0,0,3,8,0,0,0,0,0,0,0,0,0,0,0,0,0,4,3,10,0,0,0,0
2017-04-28,7,0,13,0,0,5,1,1,0,0,0,0,0,0,0,0,0,0,0,19,3,9,0,0,0,13
2017-05-01,7,0,9,0,6,6,0,1,0,1,0,0,0,1,0,0,0,0,0,4,1,3,0,0,0,1
2017-05-02,0,0,10,0,1,3,2,1,0,0,0,0,0,0,0,0,0,0,1,3,1,1,0,0,0,10
2017-05-03,0,0,4,7,6,11,0,0,0,0,0,0,0,0,0,0,0,0,0,0,0,4,0,0,0,0
2017-05-04,0,0,15,1,0,1,0,0,3,0,0,0,0,0,0,1,0,0,0,2,1,14,0,0,0,12
2017-05-05,82,15,9,0,0,16,1,0,3,0,0,0,0,0,0,1,0,0,0,1,0,0,0,0,0,1
2017-05-08,5,0,23,0,12,7,0,0,3,0,0,0,0,0,0,0,0,0,0,1,0,10,0,0,0,1
2017-05-09,0,1,4,0,10,1,0,3,0,0,0,0,0,0,0,5,0,0,0,9,0,0,0,0,0,7
2017-05-10,23,0,0,4,0,4,0,0,0,0,0,0,0,0,0,0,0,0,2,4,0,6,0,0,0,4
2017-05-11,0,0,14,1,16,8,0,3,0,0,0,0,0,0,0,3,0,0,0,0,0,6,0,0,0,2
2017-05-12,0,10,10,1,1,0,0,0,0,0,0,0,1,0,0,0,0,0,0,4,0,6,0,0,0,0
2017-05-15,0,0,24,0,1,0,0,0,0,0,0,0,0,0,0,0,0,0,0,1,1,1,0,0,0,5
2017-05-16,20,0,2,4,0,3,0,0,2,0,0,0,0,0,3,0,0,0,0,5,1,7,0,0,0,2
2017-05-17,59,5,6,0,7,0,4,0,5,0,0,0,0,0,1,0,1,0,0,10,0,5,0,0,0,0
2017-05-18,0,10,0,2,13,0,0,0,1,1,0,0,0,0,0,0,0,0,0,5,1,13,0,0,0,9
2017-05-19,58,1,3,1,4,5,0,0,0,0,0,0,0,0,0,0,0,0,0,5,1,2,0,0,3,0
2017-05-22,4,0,13,0,9,4,0,0,4,0,0,0,0,0,0,0,1,0,0,2,1,10,0,0,0,0
2017-05-23,5,0,16,6,3,7,0,1,2,1,0,0,0,1,0,0,0,0,0,9,0,0,0,0,0,3
2017-05-24,33,0,0,3,10,5,0,0,0,0,0,0,2,0,0,0,0,0,0,1,0,6,0,0,0,7
2017-05-25,0,0,7,5,8,4,1,0,1,0,0,0,0,0,0,0,1,0,5,12,1,3,0,0,0,5
2017-05-26,52,3,8,3,7,0,0,0,1,0,0,0,0,0,0,0,0,0,0,0,0,0,0,0,0,0
2017-05-30,0,0,6,0,0,0,0,0,11,0,0,0,1,0,0,0,0,0,0,4,1,3,0,0,0,2
2017-05-31,0,0,13,0,5,0,0,0,0,0,0,0,0,0,0,1,0,0,1,5,0,11,0,0,0,1
2017-06-01,0,0,11,0,0,10,3,0,1,0,0,0,0,0,0,0,0,0,0,2,0,1,0,0,0,0
2017-06-02,0,0,0,0,5,1,0,0,0,0,0,0,0,0,0,0,0,0,0,7,0,3,0,0,0,1
2017-06-05,3,0,18,0,2,5,0,0,0,3,0,0,0,0,0,1,0,0,0,4,7,6,0,0,0,0
2017-06-06,0,0,8,0,2,3,0,0,1,1,0,0,0,0,1,0,0,0,0,3,0,0,0,0,0,4
2017-06-07,3,0,13,3,11,0,0,0,0,0,0,0,0,0,0,0,1,0,0,7,0,2,0,0,0,0
2017-06-08,5,0,7,1,5,0,0,0,0,0,0,0,0,0,0,1,0,0,0,5,0,8,0,0,0,0
2017-06-09,0,14,0,5,17,2,0,3,8,0,0,0,0,0,0,0,0,0,2,6,0,0,0,0,0,10
2017-06-12,4,0,13,0,22,0,0,1,1,0,0,0,0,0,2,0,0,0,0,2,0,1,0,0,0,2
2017-06-13,1,0,5,0,13,1,0,0,0,1,0,0,0,0,0,0,0,0,0,4,0,1,0,0,0,7
2017-06-14,0,8,0,1,1,13,0,0,0,0,0,0,0,0,0,0,0,0,1,10,3,2,0,0,0,2
2017-06-15,0,11,10,8,0,0,0,0,0,1,0,0,0,0,0,0,0,0,0,14,1,0,0,0,0,4
2017-06-16,0,4,0,8,14,19,0,1,1,0,0,0,0,0,0,0,0,0,0,10,0,15,0,0,0,0
2017-06-19,3,0,6,0,0,0,0,0,3,0,0,0,0,0,0,0,0,0,0,8,0,9,0,0,0,1
2017-06-20,7,0,12,0,0,3,0,0,3,0,0,0,0,0,0,0,0,0,1,3,1,5,0,0,0,0
2017-06-21,0,0,4,0,1,10,0,0,1,0,0,0,0,1,0,0,0,0,0,2,0,3,0,0,0,1
2017-06-22,53,10,13,0,1,4,0,0,0,2,0,0,0,0,0,2,0,0,2,11,0,2,0,0,0,0
2017-06-23,0,58,5,1,17,0,0,0,0,0,0,0,0,0,0,0,0,0,0,4,0,3,0,0,0,0
2017-06-26,0,7,19,8,14,0,0,1,0,0,0,0,0,0,0,0,0,0,0,3,1,11,0,0,0,1
2017-06-27,18,5,11,3,18,0,0,0,0,0,0,0,0,0,1,0,0,0,0,1,0,2,0,0,0,0
2017-06-28,0,0,10,0,0,0,0,0,5,1,0,0,0,0,1,0,0,0,0,4,3,1,0,0,0,0
2017-06-29,62,0,9,9,1,0,0,0,7,0,0,0,0,0,0,0,0,0,0,10,0,5,0,0,2,0
2017-06-30,0,5,5,9,5,2,1,0,0,0,0,0,0,0,0,0,0,0,0,0,1,0,0,0,0,0
2017-07-03,0,0,0,0,0,0,0,0,0,0,0,0,0,0,0,0,0,0,0,0,0,0,0,0,0,0
2017-07-05,0,0,0,1,0,1,2,0,0,0,0,0,0,0,0,0,0,0,0,0,0,1,0,0,0,1
2017-07-06,5,0,0,0,15,3,4,7,0,0,0,0,0,0,0,0,0,0,0,4,7,19,0,0,0,0
2017-07-07,9,7,0,7,5,4,0,0,0,0,0,0,0,0,0,0,0,0,0,5,0,8,0,0,0,0
2017-07-10,20,0,12,2,0,2,0,0,6,0,0,0,0,0,0,0,0,0,0,1,0,5,0,0,0,0
2017-07-11,7,0,1,14,21,0,0,0,4,0,0,0,0,0,0,0,0,0,1,6,0,2,0,0,0,0
2017-07-12,4,0,8,1,0,0,0,0,1,4,0,0,0,0,0,0,0,0,1,8,0,3,0,0,0,3
2017-07-13,0,0,3,0,7,0,0,0,0,0,0,0,0,1,0,0,0,0,1,10,1,4,0,0,0,1
2017-07-14,0,30,19,4,4,0,0,0,4,3,0,0,0,1,0,0,0,0,0,1,1,3,0,0,0,0
2017-07-17,12,4,12,1,12,1,0,0,1,3,0,0,0,0,0,1,0,0,1,5,0,6,0,0,0,10
2017-07-18,0,0,9,2,0,0,0,0,0,0,0,0,1,0,4,0,0,0,0,2,0,0,0,0,0,2
2017-07-19,0,0,0,0,2,0,0,0,1,0,0,0,0,0,0,0,0,0,0,9,0,3,0,0,0,0
2017-07-20,0,8,3,6,15,1,0,0,5,4,0,0,0,0,3,1,0,0,1,1,0,6,0,0,0,1
2017-07-21,0,24,2,5,9,7,0,0,4,1,0,0,0,0,0,0,0,0,0,2,0,1,0,5,0,0
2017-07-24,0,4,6,0,13,1,0,0,0,0,0,0,0,0,0,0,0,0,0,0,0,4,0,0,0,1
2017-07-25,5,0,1,0,15,5,0,0,0,0,0,0,0,0,1,1,0,0,3,3,0,2,0,0,7,16
2017-07-26,0,7,0,0,0,0,0,0,1,0,0,0,0,0,0,0,0,0,0,2,0,3,0,0,0,0
2017-07-27,0,0,0,1,0,0,0,1,0,0,0,0,0,0,0,0,0,0,0,1,0,0,0,0,0,1
2017-07-28,0,0,0,0,0,0,0,0,0,0,0,0,0,0,0,0,0,0,0,0,0,0,0,0,0,0
2017-07-31,0,0,5,0,0,0,0,0,2,0,0,0,0,0,0,0,0,0,0,7,0,10,0,0,0,4
2017-08-01,0,11,0,8,0,0,3,0,3,0,0,0,0,0,0,0,0,0,0,9,0,5,0,0,0,3
2017-08-02,6,0,2,3,9,0,0,0,0,0,0,0,0,0,0,0,0,0,0,1,2,1,0,0,0,0
2017-08-03,53,0,13,3,3,6,0,0,0,0,0,3,0,1,0,0,0,0,0,0,2,2,0,0,0,1
2017-08-04,0,0,0,0,10,0,1,3,0,0,0,0,0,0,0,0,0,0,0,4,0,9,0,0,0,0
2017-08-07,0,0,12,0,13,1,11,0,0,0,0,0,0,0,0,0,0,0,0,6,3,1,0,0,0,1
2017-08-08,0,0,0,3,0,3,0,0,9,0,0,0,0,1,1,0,0,0,0,7,0,0,0,0,0,3
2017-08-09,0,0,0,1,0,2,0,0,0,0,0,0,0,0,0,0,0,0,0,8,0,0,0,0,0,13
2017-08-10,3,10,11,7,1,1,0,0,4,0,0,0,0,0,3,0,0,0,0,4,0,1,0,0,0,1
2017-08-11,0,2,1,1,7,4,0,0,0,0,0,0,0,1,0,0,0,0,0,1,0,12,0,0,0,7
2017-08-14,7,0,8,0,8,2,0,0,8,0,0,0,0,0,0,0,0,0,0,5,0,4,0,0,0,7
2017-08-15,0,6,0,5,13,0,0,0,1,0,0,0,0,0,0,0,0,0,0,0,0,5,0,0,0,0
2017-08-16,44,0,1,1,9,6,0,0,0,0,0,0,0,0,0,0,0,0,0,3,2,7,0,0,1,1
2017-08-17,0,0,0,0,0,0,10,0,6,1,0,0,0,0,0,0,0,0,0,0,0,0,0,0,0,0
2017-08-18,11,2,7,5,0,2,0,0,0,0,0,0,0,1,2,1,0,0,2,1,0,5,0,0,0,0
2017-08-21,0,0,6,0,7,17,0,0,0,0,0,0,2,0,0,0,0,0,0,0,0,5,0,0,0,1
2017-08-22,0,13,0,5,0,8,0,0,0,0,0,0,0,0,0,0,0,0,0,3,1,2,0,0,0,1
2017-08-23,5,0,0,0,0,0,0,0,1,0,0,0,0,0,0,0,0,0,0,9,0,5,0,0,0,0
2017-08-24,0,0,8,6,1,0,0,1,3,0,0,0,0,0,0,0,0,0,0,3,0,1,0,0,0,0
2017-08-25,20,0,5,0,0,0,1,0,1,0,0,0,0,0,0,0,0,0,0,5,0,11,0,0,0,0
2017-08-28,0,11,9,0,4,1,0,0,0,0,0,0,0,0,0,2,0,0,0,2,0,1,0,0,0,2
2017-08-29,0,0,12,0,0,0,0,0,0,0,0,0,0,0,0,0,0,0,0,9,0,11,0,0,0,0
2017-08-30,0,12,0,1,1,0,0,0,0,0,0,0,1,0,0,0,0,0,0,9,0,13,0,0,0,0
2017-08-31,0,0,20,1,1,0,0,0,8,0,0,0,0,0,6,0,0,0,0,3,0,7,0,0,0,4
2017-09-01,53,0,0,0,1,0,0,0,1,0,0,0,0,0,0,0,0,0,0,0,0,1,0,0,0,0
2017-09-05,0,9,5,0,0,3,0,0,1,0,0,0,0,0,0,0,0,0,0,10,0,3,0,0,0,1
2017-09-06,0,0,0,2,0,0,0,0,0,0,0,0,0,0,0,1,0,0,0,14,0,3,0,0,0,0
2017-09-07,3,0,0,0,1,1,0,0,0,0,0,0,0,0,0,0,0,0,3,2,1,2,0,0,0,0
2017-09-08,0,7,4,0,37,0,0,0,4,0,0,0,0,0,0,0,0,0,0,1,0,2,0,0,0,0
2017-09-11,23,20,10,3,4,1,0,1,0,0,0,0,0,0,0,1,0,0,0,0,0,0,0,0,0,11
2017-09-12,0,0,0,1,0,0,8,0,1,1,0,0,0,0,0,1,0,0,0,4,2,4,0,0,0,0
2017-09-13,0,0,0,0,1,0,0,0,0,0,0,0,0,0,1,0,0,0,1,6,0,4,0,0,0,0
2017-09-14,0,0,0,1,5,0,0,0,0,0,0,0,0,0,0,3,0,0,0,8,0,9,0,0,5,0
2017-09-15,0,15,1,6,9,4,3,0,0,0,0,0,0,0,0,1,0,0,0,2,1,0,0,0,4,0
2017-09-18,3,7,0,16,16,16,0,0,2,0,0,0,0,0,0,4,0,0,0,5,0,2,0,0,0,0
2017-09-19,58,0,6,2,18,0,0,0,1,0,0,0,0,0,1,1,0,0,0,7,0,2,0,0,0,0
2017-09-20,2,0,0,1,0,0,0,0,0,0,0,0,0,0,0,0,0,0,0,10,0,5,0,0,0,1
2017-09-21,0,0,7,10,0,9,0,0,3,0,0,0,0,0,0,1,0,0,1,3,5,3,0,0,9,0
2017-09-22,23,13,1,7,3,1,0,0,0,0,0,0,0,0,0,0,0,0,0,5,2,2,0,0,0,0
2017-09-25,0,0,0,1,12,7,0,0,0,0,0,0,0,1,0,0,0,0,5,10,1,3,0,0,0,0
2017-09-26,5,0,5,2,0,0,2,2,0,2,0,0,0,0,0,0,0,0,0,2,0,3,0,0,0,0
2017-09-27,8,0,26,0,3,1,0,0,0,0,0,0,0,0,0,0,0,0,1,8,0,1,0,0,0,3
2017-09-28,3,0,17,0,0,0,1,0,0,0,0,0,0,0,0,1,0,0,0,2,1,13,0,0,0,0
2017-09-29,0,7,11,1,23,1,0,0,0,0,0,0,0,0,0,0,1,0,0,5,0,2,0,0,0,2
2017-10-02,0,3,40,1,8,1,0,0,3,0,0,0,0,0,0,0,0,0,0,2,0,3,0,0,0,3
2017-10-03,3,0,1,0,12,2,0,0,11,0,0,0,0,0,0,0,1,0,0,5,1,1,0,0,0,0
2017-10-04,0,0,10,4,2,0,0,0,0,0,0,0,0,0,0,0,0,0,1,3,0,4,0,0,0,0
2017-10-05,3,0,0,0,9,0,2,0,0,1,0,0,0,0,0,1,0,0,0,8,0,1,0,0,0,0
2017-10-06,0,5,0,0,20,0,0,0,0,6,0,0,0,0,0,0,0,0,0,4,0,1,0,0,1,0
2017-10-10,46,0,15,0,24,0,0,1,0,0,0,0,0,0,0,0,0,0,0,4,1,5,0,0,0,2
2017-10-11,7,0,0,0,0,0,4,0,0,0,0,0,0,0,0,0,0,0,0,10,0,2,0,0,0,0
2017-10-12,15,1,14,0,0,5,0,0,3,0,0,0,0,1,1,0,0,0,0,11,0,8,0,0,1,10
2017-10-13,0,0,0,0,5,1,0,0,0,0,0,0,0,0,0,0,0,0,0,4,0,0,0,0,0,5
2017-10-16,3,0,12,1,13,5,3,0,1,0,0,0,0,2,0,1,0,0,0,8,0,4,0,0,0,0
2017-10-17,4,15,5,1,9,1,0,0,1,0,0,0,0,0,0,0,0,0,2,8,0,0,0,0,0,0
2017-10-18,57,0,4,0,5,1,0,0,2,0,0,0,0,1,0,0,0,0,1,4,0,0,0,0,0,0
2017-10-19,0,0,3,4,0,4,1,0,1,0,0,0,0,0,0,0,0,0,0,3,1,7,0,0,0,13
2017-10-20,56,7,9,6,0,6,1,0,0,0,0,0,0,0,0,0,0,0,0,0,0,8,0,0,0,0
2017-10-23,7,9,6,0,0,4,0,0,0,0,0,0,1,0,0,1,0,0,0,3,0,8,0,0,0,0
2017-10-24,0,0,3,3,0,1,0,0,0,0,0,0,0,3,0,1,0,0,0,8,0,1,0,0,0,9
2017-10-25,5,0,0,0,9,0,0,0,2,0,0,0,0,1,0,0,0,0,2,7,0,4,0,0,0,1
2017-10-26,0,0,3,0,11,0,1,0,0,0,0,0,0,0,0,0,0,0,0,3,1,12,0,0,0,0
2017-10-27,0,3,0,1,13,2,0,1,0,0,0,0,0,0,0,0,0,0,0,4,0,9,0,0,3,0
2017-10-30,24,0,11,3,18,8,0,2,1,0,0,0,0,0,1,0,0,0,0,6,0,8,0,0,0,0
2017-10-31,0,29,0,3,0,0,0,0,1,1,0,0,0,0,0,0,0,0,0,15,1,0,0,0,0,1
2017-11-01,0,1,5,2,1,0,0,3,4,0,0,0,0,0,1,0,0,0,0,6,0,1,0,0,0,13
2017-11-02,0,0,4,1,6,5,0,0,0,1,0,0,0,1,0,0,0,0,0,4,0,4,0,0,0,0
2017-11-03,0,0,6,0,4,15,1,0,0,0,0,0,0,0,0,0,0,0,0,2,0,1,0,0,0,4
2017-11-06,8,6,12,1,7,8,0,0,1,0,0,0,0,0,0,2,0,0,0,3,0,4,0,0,0,0
2017-11-07,50,6,1,5,0,0,0,0,0,2,0,0,0,0,0,0,0,0,1,3,2,0,0,0,0,0
2017-11-08,10,0,9,11,6,4,0,0,1,0,0,0,0,0,0,0,0,0,0,10,3,5,0,0,0,0
2017-11-09,0,13,1,3,37,0,0,0,0,0,0,0,0,0,3,0,0,0,1,1,0,2,0,0,0,5
2017-11-10,0,0,0,0,0,0,0,0,0,0,0,0,0,0,0,0,0,0,0,0,0,0,0,0,0,0
2017-11-13,0,0,2,1,13,2,0,0,1,0,0,0,0,0,0,1,0,0,0,3,0,0,0,0,0,1
2017-11-14,0,1,5,5,0,0,0,0,1,0,0,0,0,0,0,0,0,0,0,8,0,4,0,0,0,0
2017-11-15,4,0,1,0,22,0,0,0,0,1,0,0,0,0,0,0,0,0,0,3,0,0,0,0,0,1
2017-11-16,154,0,0,0,8,0,0,0,2,0,0,0,0,0,0,0,0,0,1,5,0,2,0,0,0,1
2017-11-17,93,45,1,2,7,1,0,1,0,0,0,0,0,0,0,0,9,0,0,7,0,3,0,0,1,4
2017-11-20,0,2,5,0,10,2,0,0,0,0,0,0,0,0,0,0,0,0,0,4,0,1,0,0,0,0
2017-11-21,0,17,0,1,0,0,0,0,0,0,0,0,0,0,0,0,0,0,0,10,1,1,0,0,0,0
2017-11-22,0,7,3,1,0,0,0,0,0,0,0,0,0,0,0,0,0,0,0,4,0,0,0,0,0,2
2017-11-24,0,0,0,0,0,0,0,0,0,0,0,0,0,0,0,0,0,0,0,0,0,0,0,0,0,0
2017-11-27,0,11,3,0,22,0,0,0,3,1,0,0,0,0,1,0,1,0,0,2,0,4,0,0,0,0
2017-11-28,40,9,0,0,1,5,2,1,0,0,0,0,0,1,0,0,0,0,0,2,0,2,0,0,0,1
2017-11-29,0,0,10,1,0,1,0,0,2,0,0,0,0,0,0,0,0,0,0,5,0,12,0,0,0,0
2017-11-30,0,9,0,4,0,4,0,0,1,0,0,0,0,2,0,0,0,0,0,2,1,4,0,0,0,0
2017-12-01,13,33,7,5,9,10,0,1,0,0,0,0,0,0,0,0,0,0,0,6,1,3,0,0,0,6
2017-12-04,73,0,6,1,7,0,9,0,0,1,0,0,0,0,0,0,0,0,0,1,0,1,0,0,0,0
2017-12-05,0,7,0,4,1,0,0,0,0,0,0,0,0,0,0,0,0,0,0,2,1,9,0,0,0,4
2017-12-06,0,0,1,6,8,6,0,0,1,1,0,0,1,0,0,0,0,0,0,8,0,0,0,0,0,0
2017-12-07,0,0,3,1,1,0,0,0,1,2,0,0,0,0,0,0,0,0,0,2,0,0,0,0,0,1
2017-12-08,0,5,8,0,28,6,0,3,0,1,0,0,0,0,0,0,0,0,0,3,1,2,0,0,0,0
2017-12-11,1,7,10,0,12,8,0,0,2,1,0,0,0,0,0,0,0,0,2,6,1,5,0,0,0,7
2017-12-12,0,0,3,0,0,2,0,0,0,0,0,0,0,1,0,0,1,0,0,4,1,1,0,0,0,0
2017-12-13,0,0,5,3,1,0,1,5,1,0,0,0,0,0,1,0,0,0,0,5,0,3,0,0,0,0
2017-12-14,30,0,2,5,0,1,0,6,0,0,0,0,0,0,1,0,0,0,0,2,0,5,0,0,0,0
2017-12-15,0,0,0,1,15,0,0,1,1,0,0,0,1,0,0,1,0,0,0,3,0,6,0,0,0,0
2017-12-18,0,8,6,0,0,1,0,3,26,1,0,0,0,0,0,1,0,0,0,0,0,11,0,0,3,13
2017-12-19,29,5,10,0,5,5,1,3,1,0,0,0,0,0,0,1,1,0,1,3,0,7,0,0,1,1
2017-12-20,0,0,6,0,0,1,0,0,3,0,0,0,1,2,0,1,0,0,0,3,0,8,0,0,0,1
2017-12-21,0,1,0,0,0,3,1,0,0,0,0,0,0,0,1,0,0,0,1,5,1,1,0,0,0,2
2017-12-22,0,3,0,0,8,1,1,0,0,0,0,0,0,0,0,0,0,0,0,2,0,0,0,0,1,0
2017-12-26,0,0,0,0,0,0,1,0,0,0,0,0,0,0,0,0,0,0,0,3,0,0,0,0,0,1
2017-12-27,0,10,7,7,0,4,0,0,0,0,0,0,0,0,0,0,0,0,0,3,0,9,0,0,0,3
2017-12-28,0,0,9,0,8,0,0,0,0,0,0,0,0,0,5,0,0,0,0,1,0,0,0,0,0,0
2017-12-29,0,0,0,0,0,2,1,0,0,0,0,0,0,0,0,0,0,0,0,0,0,3,0,0,0,0
2018-01-02,0,11,8,0,12,0,0,0,0,0,0,0,0,0,0,0,0,0,3,2,0,0,0,0,0,1
2018-01-03,3,0,10,11,7,2,0,0,1,0,0,0,0,0,0,0,0,0,1,5,1,3,0,0,0,0
2018-01-04,0,0,10,3,0,10,0,0,0,0,0,0,0,0,0,0,0,0,0,1,1,0,0,0,0,2
2018-01-08,0,6,11,4,0,1,1,0,0,0,0,0,0,0,0,3,0,0,0,5,0,6,0,0,0,4
2018-01-09,0,7,0,5,0,8,0,0,4,0,0,0,0,0,0,0,0,0,0,7,0,12,0,0,0,0
2018-01-10,0,0,9,0,11,1,1,0,0,0,0,0,0,0,0,0,0,0,0,11,0,1,0,0,0,0
2018-01-11,0,0,6,2,0,12,0,0,0,0,0,0,0,0,0,0,0,0,1,6,0,17,0,0,0,0
2018-01-12,0,7,1,13,1,1,0,0,0,0,0,0,0,0,0,0,0,0,4,2,0,5,0,0,0,2
2018-01-16,0,1,6,6,1,0,0,0,4,0,0,0,0,0,0,0,0,0,0,10,0,9,0,0,0,1
2018-01-17,5,0,12,1,0,2,0,0,2,0,0,0,1,0,0,0,0,0,0,4,0,2,0,0,0,1
2018-01-18,0,4,7,0,5,1,0,0,5,0,0,0,0,1,0,0,0,0,1,3,0,4,0,0,0,0
2018-01-19,0,8,19,0,11,0,1,0,0,0,0,0,0,0,0,0,0,0,0,3,2,7,0,0,7,5
2018-01-22,36,16,21,0,4,4,1,0,0,1,0,0,0,0,0,1,0,0,5,6,0,3,0,0,0,0
2018-01-23,3,0,1,0,1,1,0,0,0,0,0,0,0,0,0,1,0,0,0,9,0,3,0,0,1,0
2018-01-24,0,0,0,19,1,0,0,0,0,3,0,0,5,0,0,0,1,0,0,7,0,3,0,0,0,7
2018-01-25,43,1,0,0,4,0,0,0,1,0,0,0,1,0,1,0,0,0,0,7,1,8,0,0,0,1
2018-01-26,3,5,12,0,0,1,5,33,0,0,0,0,0,0,0,0,0,0,0,2,1,5,0,0,0,0
2018-01-29,49,7,15,2,11,7,0,0,6,0,0,0,0,0,0,0,0,0,0,7,0,4,0,0,0,0
2018-01-30,0,23,0,9,13,3,1,5,0,0,0,0,0,0,0,0,0,0,0,1,1,0,0,0,0,0
2018-01-31,0,1,1,1,1,0,0,4,5,0,0,0,1,0,0,0,2,0,0,6,0,7,0,0,0,0
2018-02-01,0,0,5,0,15,1,0,0,6,0,0,0,0,0,0,0,0,0,0,5,0,1,0,0,0,4
2018-02-02,0,0,7,3,7,0,0,0,5,0,0,0,0,0,0,0,0,0,0,5,0,12,0,0,0,0
2018-02-05,0,1,3,3,1,3,0,0,0,1,0,0,0,0,0,0,0,0,0,5,1,3,0,0,0,0
2018-02-06,0,4,1,1,0,1,3,1,0,1,0,0,1,0,0,0,0,0,0,4,0,2,0,0,0,0
2018-02-07,0,0,4,10,0,0,0,0,0,0,0,0,0,1,0,0,0,0,0,1,1,0,0,0,0,1
2018-02-09,0,17,6,0,0,1,0,0,0,0,0,0,0,0,0,0,0,0,0,8,0,6,0,0,0,6
2018-02-12,12,13,3,5,11,3,1,0,0,0,0,0,0,0,1,0,0,0,1,2,6,2,0,0,0,0
2018-02-13,0,37,14,1,0,3,0,1,1,0,0,0,0,0,1,0,0,0,0,2,0,1,0,0,0,0
2018-02-14,0,0,0,0,5,0,0,0,0,0,0,0,0,0,0,0,0,0,0,4,1,4,0,0,0,1
2018-02-15,0,10,0,0,7,2,0,0,0,0,0,0,0,0,0,0,0,0,4,7,0,23,0,0,0,1
2018-02-16,0,0,2,2,5,1,0,0,0,0,0,0,0,0,0,0,0,0,0,3,0,3,0,0,0,0
2018-02-20,30,10,8,1,1,0,0,0,0,0,0,0,0,0,0,0,0,0,1,1,0,17,0,0,0,8
2018-02-21,0,4,2,1,7,0,1,0,0,0,0,0,0,0,2,1,0,0,1,9,1,2,0,0,0,4
2018-02-22,0,3,0,0,0,0,0,0,0,0,0,0,1,0,0,0,0,0,0,0,0,1,0,0,0,0
2018-02-23,0,0,8,1,1,0,0,0,0,0,0,0,0,0,0,1,0,0,1,1,0,4,0,0,0,3
2018-02-26,49,8,9,1,0,13,0,0,0,0,0,0,0,0,7,0,0,0,0,5,0,7,0,0,0,1
2018-02-27,0,0,5,0,0,0,0,0,3,2,0,0,0,0,1,0,0,0,0,0,1,0,0,0,0,7
2018-02-28,0,0,1,0,4,1,1,0,2,2,0,0,0,0,0,0,0,0,0,6,4,3,0,0,0,0
2018-03-01,0,0,0,3,11,0,3,0,0,0,0,0,0,1,0,0,0,0,0,5,1,7,0,0,0,0
2018-03-02,0,0,16,0,0,14,0,0,0,0,0,0,0,0,3,0,0,0,0,7,2,4,0,0,0,0
2018-03-05,0,1,6,0,4,0,0,0,0,0,0,0,0,0,0,0,0,0,0,5,0,7,0,0,0,1
2018-03-06,31,0,0,0,5,0,0,0,0,0,0,0,0,0,0,0,0,0,0,3,0,2,0,0,0,0
2018-03-08,10,10,14,0,4,1,0,0,0,0,0,0,0,0,0,0,0,0,0,6,1,3,0,0,0,0
2018-03-09,21,7,2,0,0,0,0,0,1,0,0,0,0,0,0,2,0,0,0,1,0,1,0,0,0,0
2018-03-12,29,0,2,2,10,8,0,1,5,0,0,0,1,0,0,0,0,0,0,2,0,9,0,0,0,1
2018-03-13,0,0,0,1,4,4,0,0,0,0,0,0,0,0,0,0,0,0,0,16,0,7,0,0,0,0
2018-03-14,0,0,0,1,10,0,0,0,7,0,0,0,0,1,0,0,0,0,0,14,0,11,0,0,0,0
2018-03-15,3,0,32,0,0,1,0,0,0,1,0,0,1,0,0,0,1,0,0,6,0,9,0,0,0,1
2018-03-16,5,4,3,2,15,7,0,0,1,0,0,0,0,0,0,0,0,0,1,0,0,1,0,0,0,0
2018-03-19,0,5,4,1,14,0,4,5,1,0,0,0,0,0,1,0,0,0,0,2,0,1,0,0,0,4
2018-03-20,0,0,2,4,3,12,0,0,0,0,0,0,0,0,0,0,0,0,0,2,0,7,0,0,0,0
2018-03-22,0,0,5,0,0,0,0,0,3,0,0,0,0,0,0,0,0,0,0,4,0,3,0,0,0,0
2018-03-23,0,0,14,0,1,0,6,0,1,0,0,0,0,0,2,1,0,0,0,4,0,6,0,0,0,190
2018-03-26,0,5,27,0,26,1,0,0,1,0,0,0,0,0,0,0,0,0,0,3,0,4,0,0,0,1
2018-03-27,46,0,0,1,0,0,1,0,0,0,0,0,0,0,0,1,0,0,0,5,0,0,0,0,0,7
2018-03-28,0,0,1,1,9,0,0,0,0,0,0,1,0,0,0,0,0,0,0,12,0,7,0,0,0,0
2018-03-29,14,12,5,0,6,22,1,0,0,0,0,0,5,0,0,0,0,0,0,3,0,0,0,0,0,0
2018-04-02,0,9,10,15,0,2,0,0,0,0,0,0,0,0,0,1,0,0,0,0,0,1,0,0,0,1
2018-04-03,0,3,6,4,10,4,0,0,0,0,0,0,0,0,0,0,0,0,0,9,0,4,0,0,0,0
2018-04-04,0,0,8,4,0,3,1,0,1,0,0,0,0,0,0,0,0,0,0,3,3,8,0,0,0,2
2018-04-05,0,23,9,1,0,0,2,0,1,0,0,0,0,0,0,1,0,0,0,2,0,9,0,0,0,0
2018-04-06,54,5,9,0,17,8,1,0,0,1,0,0,0,0,0,0,0,0,0,8,0,8,0,0,0,1
2018-04-09,2,14,0,0,11,20,1,0,1,0,0,0,0,0,0,0,0,0,0,2,0,2,0,0,0,0
2018-04-10,0,10,6,0,7,4,0,1,13,0,0,0,0,0,0,0,0,0,1,3,0,13,0,0,0,0
2018-04-11,4,1,8,4,10,7,0,0,0,0,0,0,0,0,0,0,0,0,0,12,0,5,0,0,0,0
2018-04-12,13,0,6,0,2,0,0,0,0,2,0,0,0,0,0,0,0,0,0,8,0,13,0,0,0,0
2018-04-13,1,21,0,1,1,0,1,0,0,0,0,0,0,0,0,0,0,1,0,2,0,3,0,0,0,0
2018-04-16,0,0,6,0,27,5,0,0,2,0,0,0,0,0,0,0,0,0,0,5,1,3,0,0,0,0
2018-04-17,7,3,0,1,0,10,0,0,0,1,0,0,0,0,0,0,0,0,0,13,0,7,0,0,1,3
2018-04-18,24,0,0,0,0,8,0,0,0,0,0,0,0,1,0,0,0,0,0,14,0,9,0,0,0,0
2018-04-19,0,0,6,0,0,0,1,0,0,0,0,0,2,0,0,0,0,0,0,1,0,3,0,0,0,0
2018-04-20,0,7,0,4,0,0,1,0,0,0,0,0,0,0,0,0,0,0,0,0,0,5,0,0,0,1
2018-04-23,0,7,8,0,29,0,0,0,0,0,0,1,0,0,0,0,0,0,0,4,0,3,0,0,0,0
2018-04-24,0,1,0,0,0,4,1,0,0,2,0,0,0,0,0,0,0,0,0,4,0,2,0,0,0,0
2018-04-25,0,8,11,4,5,5,0,0,4,0,0,0,0,0,0,0,0,0,0,17,0,6,0,0,0,0
2018-04-26,0,0,0,0,5,4,0,0,0,0,0,0,0,0,0,0,0,0,0,4,0,9,0,0,0,1
2018-04-27,1,8,0,1,14,11,0,0,2,0,0,0,0,0,0,0,0,0,0,1,1,3,0,0,0,1
2018-04-30,0,7,1,4,5,0,1,0,0,0,0,0,0,0,0,0,0,0,0,1,1,5,0,0,0,0
2018-05-01,0,4,4,1,0,2,0,0,1,0,0,0,1,0,0,0,0,0,0,3,0,0,0,0,0,0
2018-05-02,0,1,1,1,5,0,1,0,0,0,0,0,0,0,0,0,0,0,0,3,0,6,0,0,0,2
2018-05-03,16,0,5,8,0,4,1,0,2,0,0,0,0,0,0,1,0,0,1,2,0,1,0,0,0,1
2018-05-04,53,0,16,2,3,6,1,0,1,0,0,0,0,0,0,0,0,0,0,2,1,3,0,0,0,0
2018-05-07,0,17,0,1,1,5,0,0,0,0,0,0,0,0,0,0,0,0,0,2,0,14,0,0,0,1
2018-05-08,0,13,2,3,8,0,0,0,0,0,0,0,1,0,0,0,0,0,0,4,1,3,0,0,0,0
2018-05-09,5,3,1,0,7,3,0,0,0,0,0,0,0,0,0,0,0,0,0,4,0,0,0,0,0,0
2018-05-10,0,9,25,16,3,5,0,1,0,0,0,0,0,0,0,0,0,0,0,2,0,6,0,0,0,0
2018-05-11,118,7,3,5,3,0,0,1,4,0,0,0,0,0,0,1,0,0,0,5,2,4,0,0,0,0
2018-05-14,0,1,2,2,38,1,0,0,0,0,0,0,0,0,0,0,0,0,0,0,2,2,0,0,0,1
2018-05-15,0,0,0,13,11,2,0,0,0,0,0,0,0,0,0,1,0,0,0,2,0,0,0,0,0,0
2018-05-16,0,10,0,6,0,0,0,0,1,0,0,0,0,0,0,0,0,0,0,1,0,0,0,0,0,0
2018-05-17,0,0,1,0,0,6,0,0,2,2,0,0,0,0,0,0,0,0,0,3,0,0,0,0,0,0
2018-05-18,45,13,0,3,0,0,0,0,0,0,0,0,0,0,0,2,0,0,0,1,1,7,0,0,0,3
2018-05-21,97,13,9,0,31,10,0,0,0,3,0,0,0,0,0,0,0,0,0,2,0,0,0,0,0,1
2018-05-22,0,0,1,6,0,0,1,3,0,0,0,0,0,0,0,0,0,0,0,2,0,3,0,0,0,0
2018-05-23,0,0,1,1,1,0,0,0,0,0,0,0,0,0,0,0,0,0,0,3,0,3,0,0,0,1
2018-05-24,0,0,6,0,1,4,0,0,3,0,0,0,0,0,0,0,0,0,0,5,0,0,0,0,0,1
2018-05-25,3,13,11,1,0,26,1,0,5,0,0,0,0,0,0,0,0,0,0,2,0,3,0,0,0,0
2018-05-29,7,0,0,2,0,0,0,5,0,0,0,0,0,0,0,0,0,0,0,6,0,6,0,0,0,2
2018-05-30,5,0,0,7,8,5,1,0,0,1,0,0,0,0,0,0,0,0,0,3,1,9,0,0,0,0
2018-05-31,0,1,8,1,4,6,0,0,0,0,0,0,0,0,0,0,0,0,0,4,0,3,0,0,0,0
2018-06-01,3,0,0,0,16,0,0,0,0,0,0,0,0,0,0,0,0,0,0,1,0,1,0,0,0,0
2018-06-04,31,13,1,0,0,1,0,3,1,0,0,0,0,0,0,0,0,0,0,4,0,8,0,0,0,2
2018-06-05,0,0,8,11,0,0,0,0,6,0,0,0,0,0,0,0,0,0,0,4,0,6,0,0,0,0
2018-06-06,0,10,3,0,15,1,0,0,0,0,0,0,0,0,0,0,0,0,0,6,0,1,0,0,0,0
2018-06-07,7,0,5,0,1,5,0,0,0,5,0,0,0,0,0,0,0,0,0,4,0,18,0,0,0,0
2018-06-08,0,0,10,1,0,1,0,7,0,0,0,0,0,0,0,2,0,0,0,8,0,5,0,0,0,3
2018-06-11,0,10,0,1,2,0,0,0,0,0,0,0,1,0,1,0,0,0,0,1,0,2,0,0,0,8
2018-06-12,13,0,0,1,0,0,0,0,3,0,0,0,0,0,0,0,0,0,0,9,0,1,0,0,0,13
2018-06-13,13,0,1,2,0,1,0,0,1,0,0,0,0,0,0,0,0,0,0,5,0,3,0,0,0,3
2018-06-14,0,0,10,2,6,0,0,0,0,0,0,0,0,0,0,0,0,0,0,4,1,3,0,0,0,0
2018-06-15,7,0,0,0,3,0,0,14,0,0,0,0,1,0,0,0,0,0,0,10,0,0,0,0,0,1
2018-06-18,0,0,11,0,13,18,1,0,0,0,0,0,0,0,0,0,0,0,0,7,0,1,0,0,0,3
2018-06-19,0,0,6,0,1,13,0,0,0,1,0,0,0,0,1,2,0,0,1,3,0,5,0,0,1,2
2018-06-20,0,4,7,10,4,3,0,0,1,0,0,0,0,0,0,1,0,0,0,5,1,0,0,0,0,1
2018-06-21,36,0,0,4,0,0,0,0,3,0,0,0,0,0,0,0,0,0,0,3,0,3,0,0,0,0
2018-06-22,20,0,9,3,0,4,0,0,1,0,0,0,0,0,4,0,0,0,0,8,1,1,0,0,0,0
2018-06-25,125,0,14,3,2,9,1,0,0,0,0,0,0,0,0,0,0,0,0,6,4,7,0,0,0,0
2018-06-26,0,5,7,0,0,1,2,0,0,0,0,0,3,0,0,0,0,0,0,4,0,6,0,0,0,0
2018-06-27,0,0,5,1,0,6,1,0,0,0,0,0,0,0,1,0,0,0,0,6,4,9,0,0,0,0
2018-06-28,0,2,15,1,0,0,0,0,0,0,0,0,0,0,2,1,0,0,0,2,0,4,0,0,0,0
2018-06-29,39,0,8,0,1,0,0,0,1,0,0,0,0,0,0,0,1,0,0,4,1,2,0,0,0,2
2018-07-02,0,0,0,0,1,0,0,0,0,0,0,0,0,0,0,0,0,0,0,1,0,1,0,0,0,2
2018-07-03,0,0,0,0,0,0,0,0,0,0,0,0,0,0,0,0,0,0,0,0,0,0,0,0,0,1
2018-07-05,0,0,1,0,0,0,5,4,0,0,0,0,0,0,0,0,0,0,0,1,1,0,0,0,0,2
2018-07-06,0,0,1,4,1,13,0,0,0,0,0,0,0,0,0,0,0,0,0,1,0,0,0,0,0,0
2018-07-09,10,0,4,5,12,1,0,0,1,0,0,0,0,0,0,0,0,0,0,1,0,3,0,0,0,0
2018-07-10,21,11,5,5,1,7,0,7,0,1,0,0,0,0,0,0,0,0,0,1,2,1,0,0,0,5
2018-07-11,0,3,2,3,1,7,1,0,2,0,0,0,0,1,0,0,0,0,0,7,0,2,0,0,0,2
2018-07-12,0,0,1,0,0,0,0,0,1,0,0,0,0,0,0,0,0,0,0,3,2,4,0,0,10,0
2018-07-13,70,0,2,0,0,1,1,0,0,0,0,0,0,0,0,0,0,0,0,1,1,9,0,0,1,0
2018-07-16,0,8,3,4,2,0,1,2,0,0,0,0,0,0,0,1,0,0,0,2,0,8,0,0,0,0
2018-07-17,0,12,0,2,0,1,0,0,3,0,0,0,0,0,0,0,0,0,0,1,0,3,0,0,0,1
2018-07-18,7,0,15,0,0,0,0,9,10,0,0,0,0,0,0,0,0,0,0,4,0,0,0,0,0,0
2018-07-19,58,14,0,0,5,8,0,0,4,1,0,0,0,1,0,0,0,0,0,4,0,7,0,0,0,0
2018-07-20,0,0,2,0,0,27,0,0,0,0,0,0,0,0,0,0,0,0,0,9,2,1,0,0,0,0
2018-07-23,0,0,0,1,0,1,0,0,1,0,0,0,2,0,1,0,0,0,0,4,0,3,0,0,0,5
2018-07-24,67,18,3,0,0,1,0,0,0,0,0,0,0,1,0,0,0,0,0,2,0,4,0,0,0,1
2018-07-25,0,1,7,2,8,0,0,0,1,0,0,0,0,0,0,0,0,0,0,2,0,5,0,0,0,0
2018-07-26,1,0,0,1,0,0,0,0,0,0,0,0,0,0,0,0,0,0,0,3,0,0,0,0,0,0
2018-07-27,48,0,1,0,0,0,0,0,0,0,0,0,0,0,0,0,0,0,0,0,0,0,0,0,0,3
2018-07-30,0,2,6,0,0,0,0,0,0,0,0,0,0,0,0,0,0,0,0,1,0,3,0,0,0,0
2018-07-31,0,4,0,11,2,0,1,0,0,0,0,0,0,0,0,0,0,0,0,2,0,6,0,0,0,1
2018-08-01,2,0,7,1,1,0,0,0,0,0,0,0,0,0,0,0,1,0,0,0,0,4,0,0,0,1
2018-08-02,55,7,0,2,3,0,0,0,2,0,0,0,0,0,1,0,0,0,0,1,0,8,0,0,0,0
2018-08-03,0,0,5,1,10,0,0,0,0,0,0,0,0,0,0,0,0,0,0,2,1,3,0,0,0,0
2018-08-06,0,4,29,1,0,1,0,0,0,0,0,0,0,0,0,0,0,0,0,2,2,4,0,0,0,0
2018-08-07,0,0,1,0,0,0,0,4,0,0,0,0,0,0,0,0,0,0,0,1,0,1,0,0,0,8
2018-08-08,0,0,0,0,0,0,0,0,0,0,0,0,0,0,0,0,0,0,0,1,0,0,0,0,0,4
2018-08-09,0,0,9,2,0,5,0,0,1,0,0,0,0,0,0,0,0,0,0,3,0,0,0,0,0,0
2018-08-10,0,0,2,3,9,1,0,0,0,1,0,0,0,0,0,0,0,0,0,5,1,4,0,0,0,0
2018-08-13,0,0,2,0,12,0,0,0,0,0,0,0,0,0,0,1,0,0,0,3,1,10,0,0,0,1
2018-08-14,0,0,1,1,1,1,0,0,0,0,0,0,0,0,0,0,0,0,0,10,0,5,0,0,0,1
2018-08-15,0,0,8,6,5,1,0,0,0,0,0,0,0,0,0,1,0,0,0,0,0,9,0,0,0,0
2018-08-16,51,6,7,3,1,0,0,0,1,0,0,0,4,0,0,0,0,0,0,4,0,0,0,0,0,1
2018-08-17,0,7,15,0,5,4,2,4,0,0,0,0,0,0,0,0,0,0,0,0,1,0,0,0,0,0
2018-08-20,3,8,7,0,8,1,0,5,0,0,0,0,0,0,0,0,0,0,0,0,0,0,0,0,0,0
2018-08-21,0,7,0,5,0,1,0,3,0,0,0,0,0,0,0,0,0,0,0,1,0,3,0,0,0,0
2018-08-22,1,0,0,0,0,0,0,0,1,0,0,0,0,0,0,0,0,0,0,2,0,4,0,0,0,0
2018-08-23,0,8,3,1,25,0,1,0,2,0,0,0,0,0,0,1,0,0,0,1,0,3,0,0,0,0
2018-08-24,0,0,13,5,17,5,0,13,0,0,0,0,0,0,0,0,0,0,0,3,0,12,0,0,0,14
2018-08-27,0,0,4,0,1,9,0,0,0,0,0,0,0,0,4,0,0,0,0,1,0,0,0,0,0,0
2018-08-28,0,3,0,1,0,0,0,8,1,0,0,0,0,0,0,0,0,0,0,7,0,1,0,0,0,0
2018-08-29,0,7,0,0,0,0,0,0,1,1,0,0,0,0,0,0,0,0,0,1,0,0,0,0,0,0
2018-08-30,0,0,0,0,0,0,0,0,0,0,0,0,0,0,0,0,0,0,1,2,0,3,0,0,0,0
2018-08-31,0,0,0,0,0,0,0,1,0,0,0,0,0,0,0,0,0,0,0,0,0,5,1,0,0,31
2018-09-04,3,7,0,0,1,1,0,0,0,0,0,0,0,0,0,0,0,0,0,4,0,6,0,0,0,0
2018-09-05,7,5,5,1,21,3,0,0,1,0,0,0,0,0,0,0,0,0,0,1,1,4,0,0,0,0
2018-09-06,16,7,6,1,7,0,0,0,1,0,0,0,0,0,1,1,0,0,0,8,0,1,0,0,0,6
2018-09-07,13,1,16,4,0,1,0,1,0,0,0,0,0,0,0,0,0,0,0,2,0,0,0,0,0,32
2018-09-10,0,0,0,0,16,2,0,10,0,0,0,0,0,0,0,0,0,0,0,3,0,3,0,0,0,0
2018-09-11,0,0,10,1,0,8,0,0,0,2,0,0,0,0,0,0,0,0,0,1,0,2,0,0,0,12
2018-09-12,0,7,0,5,0,7,0,0,3,0,0,0,0,0,0,0,0,0,1,3,0,7,0,0,0,13
2018-09-13,34,0,19,1,1,0,0,0,0,0,0,0,0,0,0,0,0,0,0,3,1,5,0,0,0,0
2018-09-14,0,26,0,0,7,0,1,0,0,1,0,0,0,0,0,0,0,0,1,9,0,7,0,0,0,0
2018-09-17,0,0,12,1,0,0,1,0,0,0,0,0,0,0,0,0,0,0,0,1,1,4,0,0,0,0
2018-09-18,0,0,3,3,0,0,0,0,0,0,0,0,0,0,0,0,0,0,0,2,0,4,0,0,0,0
2018-09-19,18,0,0,1,4,1,0,0,0,0,0,0,0,0,0,0,0,0,0,3,1,7,0,0,0,0
2018-09-20,10,13,7,4,1,0,0,0,0,0,0,0,0,0,0,0,0,0,0,3,1,7,0,0,0,0
2018-09-21,0,13,0,7,16,17,0,0,0,0,0,0,0,0,0,0,0,0,0,5,0,0,0,0,0,1
2018-09-24,32,0,0,0,0,4,0,0,2,0,0,0,0,0,0,0,0,0,0,5,1,1,0,0,0,0
2018-09-25,23,10,0,0,0,0,0,0,2,0,0,0,0,0,0,0,0,0,0,3,0,6,0,0,0,0
2018-09-26,0,0,1,10,0,0,0,0,1,0,0,0,0,0,0,0,0,0,0,4,0,2,0,0,0,0
2018-09-27,13,0,11,7,5,0,0,0,1,0,0,0,0,0,0,0,0,0,0,4,1,1,0,0,0,0
2018-09-28,1,13,14,0,4,0,1,0,1,1,0,0,0,0,0,0,0,0,0,4,0,3,0,0,0,0
2018-10-01,46,0,0,1,12,3,0,0,1,1,0,0,0,0,0,0,0,0,0,1,1,0,0,0,0,2
2018-10-02,0,0,0,2,0,3,0,0,0,0,0,0,0,0,0,0,0,0,0,2,0,1,0,0,0,0
2018-10-03,3,0,3,4,1,0,0,0,1,0,0,0,0,0,0,0,0,0,1,0,0,1,0,0,0,1
2018-10-04,0,0,9,0,5,3,0,0,0,0,0,0,0,0,0,1,0,0,0,3,0,7,0,0,0,0
2018-10-05,0,3,0,0,1,0,0,0,0,0,0,0,0,0,0,0,0,0,0,0,0,0,0,0,0,0
2018-10-09,3,6,23,3,0,0,0,0,0,0,0,0,0,0,0,1,0,0,2,0,0,4,0,0,0,1
2018-10-10,0,0,3,2,0,1,0,0,0,0,0,0,0,0,0,3,0,0,1,5,0,3,0,0,0,4
2018-10-11,0,0,3,9,1,1,0,3,0,0,0,0,0,0,0,0,0,0,1,12,0,2,0,0,0,0
2018-10-12,0,0,0,0,0,0,0,0,0,0,0,0,0,0,0,0,0,0,0,2,1,0,0,0,0,0
2018-10-15,20,1,4,5,0,9,0,0,0,0,0,0,0,0,0,0,0,0,0,3,1,5,0,0,0,0
2018-10-16,0,8,1,0,1,0,0,0,1,0,0,0,0,0,1,2,0,0,0,1,0,5,0,0,0,0
2018-10-17,7,0,6,1,3,0,0,0,5,0,0,0,0,0,1,1,0,0,0,6,0,2,0,0,0,0
2018-10-18,0,0,0,1,1,6,0,0,3,0,0,0,0,0,0,0,0,0,0,3,0,12,0,0,0,0
2018-10-19,0,0,0,0,0,8,0,0,0,0,0,0,0,0,0,0,0,0,0,0,0,7,0,0,0,14
2018-10-22,0,0,0,0,1,1,2,0,0,0,0,0,0,0,0,0,0,0,0,2,1,0,0,0,0,5
2018-10-23,0,0,11,1,0,0,0,0,0,1,0,0,0,0,0,0,0,0,0,0,0,1,0,0,0,0
2018-10-24,0,0,0,0,6,0,0,0,0,0,0,0,0,0,0,0,0,0,0,3,0,2,0,0,0,0
2018-10-25,0,12,0,1,18,1,0,0,0,3,0,0,0,0,0,0,0,0,0,2,1,10,0,0,0,1
2018-10-26,0,0,0,0,0,0,0,1,0,0,0,0,0,0,0,0,0,0,0,0,0,13,0,0,3,0
2018-10-29,0,4,5,0,0,1,5,0,0,0,0,0,0,0,0,0,0,0,0,1,0,7,0,0,3,10
2018-10-30,0,0,19,0,3,2,0,4,1,0,0,0,0,0,0,0,0,0,0,3,0,1,0,0,0,3
2018-10-31,0,0,7,1,1,0,0,0,0,0,0,0,0,0,0,0,0,0,0,4,0,0,0,0,0,0
2018-11-01,0,1,30,0,1,0,0,0,1,0,0,0,0,0,0,1,0,0,0,9,0,0,0,0,0,0
2018-11-02,3,5,1,0,0,1,0,0,9,0,0,0,0,0,0,0,0,0,0,0,0,0,0,0,0,0
2018-11-05,0,0,1,1,15,10,0,0,1,0,0,0,0,0,0,1,0,0,0,2,0,14,0,0,0,8
2018-11-06,0,7,0,0,0,2,0,0,0,1,0,0,0,0,0,0,0,0,0,1,0,4,0,0,0,0
2018-11-07,0,0,3,0,2,2,0,0,0,0,0,0,0,0,0,0,0,0,0,1,1,0,0,0,8,3
2018-11-08,5,0,0,0,0,0,0,1,1,0,0,0,0,0,0,0,0,0,0,1,0,11,0,0,0,0
2018-11-09,45,18,0,1,1,8,0,5,1,0,0,0,0,0,0,0,0,0,0,3,0,4,0,0,0,0
2018-11-13,0,12,1,1,1,0,0,0,4,1,0,0,5,0,0,0,0,0,0,2,0,1,0,0,0,1
2018-11-14,0,7,0,0,1,1,0,0,0,0,0,0,0,0,0,0,0,0,0,4,0,1,0,0,0,1
2018-11-15,0,7,0,1,6,0,0,0,0,0,0,0,0,0,0,0,0,0,0,4,0,5,0,0,3,4
2018-11-16,0,0,0,0,0,8,0,0,0,0,0,0,0,0,0,0,0,0,0,1,0,0,0,0,0,0
2018-11-19,23,22,0,0,3,0,0,0,0,0,0,0,0,0,0,0,0,0,0,4,2,2,0,0,0,0
2018-11-20,5,43,0,0,0,0,0,0,0,0,0,0,0,0,1,0,0,0,0,5,0,14,0,0,0,0
2018-11-21,0,29,4,0,11,0,0,0,0,0,0,0,0,0,0,0,0,0,0,1,0,1,0,0,0,0
2018-11-26,10,4,0,0,5,1,0,0,4,0,0,0,0,0,0,0,0,0,0,10,1,15,0,0,0,0
2018-11-27,0,3,1,10,1,3,0,0,0,0,0,0,1,0,0,0,0,0,0,1,1,8,0,0,1,23
2018-11-28,0,0,7,0,0,0,0,0,3,0,0,0,0,0,0,0,0,0,0,1,0,3,0,0,0,1
2018-11-29,0,6,1,1,3,5,0,0,0,0,0,0,0,0,0,1,0,0,1,2,0,6,0,0,0,0
2018-11-30,0,0,1,13,0,23,0,1,0,0,0,0,0,0,0,0,0,0,0,3,0,10,0,0,0,0
2018-12-03,0,0,8,0,7,9,1,0,6,1,0,0,0,0,0,0,0,0,0,3,0,23,0,0,1,0
2018-12-04,0,14,10,1,1,0,0,0,0,0,0,0,1,0,0,0,0,0,0,9,0,0,0,0,0,0
2018-12-05,54,0,0,8,1,9,0,4,1,0,0,0,0,0,0,0,0,0,0,6,1,5,0,0,0,8
2018-12-06,0,0,1,0,6,2,4,0,2,0,0,0,0,0,0,0,0,0,0,1,0,5,0,0,0,0
2018-12-07,0,5,0,0,10,5,0,0,1,0,0,0,0,0,0,0,0,0,0,3,0,9,0,0,0,10
2018-12-10,0,3,0,0,9,0,0,0,5,0,0,0,2,0,0,0,0,0,0,0,1,5,0,0,0,0
2018-12-11,0,0,1,0,3,0,1,2,0,1,0,0,0,0,0,2,0,0,0,0,0,0,0,0,0,1
2018-12-12,8,20,4,0,1,4,0,0,0,1,0,0,0,0,1,0,0,0,0,2,0,17,0,0,0,0
2018-12-13,0,0,0,3,0,1,0,0,0,0,0,0,0,0,0,0,0,0,0,2,0,3,0,0,0,1
2018-12-14,7,30,1,0,20,12,0,0,1,0,0,0,0,0,0,0,0,0,1,1,0,2,0,0,0,0
2018-12-17,59,4,7,1,0,0,0,0,0,0,0,0,0,0,0,0,0,0,0,3,0,2,0,0,0,0
2018-12-18,180,0,5,0,1,0,1,0,0,0,0,0,0,0,0,0,0,0,0,7,1,6,0,0,0,8
2018-12-19,0,1,1,4,2,7,3,0,1,0,0,0,0,0,0,0,0,0,0,3,1,1,0,0,0,0
2018-12-20,14,13,6,0,0,1,0,0,4,0,0,0,0,0,2,0,0,0,0,8,0,9,1,0,0,0
2018-12-21,1,10,0,0,0,0,0,0,0,0,0,0,5,0,0,1,0,0,0,0,0,0,0,0,0,0
2018-12-24,0,0,0,0,0,0,0,0,0,0,0,0,0,0,0,0,0,0,0,0,0,0,0,0,0,0
2018-12-26,0,0,0,0,0,0,0,0,0,0,0,0,0,0,1,0,0,0,0,0,0,0,0,0,0,0
2018-12-27,0,0,0,0,1,0,0,0,1,0,0,0,0,0,0,0,0,0,0,1,0,0,0,0,0,0
2018-12-28,0,0,0,0,0,3,0,0,0,0,0,0,0,0,0,0,0,0,0,0,0,2,0,0,0,0
2018-12-31,0,0,0,0,0,0,0,0,0,0,0,0,0,0,0,0,0,0,1,0,1,0,0,0,0,0
2019-01-02,0,13,0,0,4,0,0,0,0,1,0,0,0,0,0,0,0,0,0,0,0,0,0,0,0,0
2019-01-03,0,0,0,2,0,0,1,0,1,0,0,0,0,0,0,0,0,0,0,2,0,1,0,0,0,10
2019-01-04,0,0,0,0,16,0,5,0,1,0,0,0,0,0,0,0,0,0,0,0,0,0,0,0,0,1
2019-01-07,0,1,1,5,1,4,0,0,0,0,0,0,0,0,0,0,0,0,0,3,0,1,0,0,0,0
2019-01-08,0,0,0,1,0,0,0,0,2,2,0,0,0,0,0,0,0,0,0,3,1,0,0,0,0,0
2019-01-09,0,0,0,0,0,0,0,0,3,0,0,0,0,0,0,0,0,0,0,2,0,6,0,0,0,0
2019-01-10,0,3,5,6,0,0,0,0,0,1,0,0,0,0,0,0,0,0,0,4,4,7,0,0,0,0
2019-01-11,0,17,1,0,0,4,0,0,0,0,0,0,0,0,0,0,0,0,0,1,0,0,0,0,0,0
2019-01-14,0,14,0,0,3,0,0,0,0,0,0,0,0,0,0,0,0,0,0,3,0,0,0,0,0,2
2019-01-15,0,16,16,0,0,1,0,0,0,0,0,0,0,0,0,0,0,0,0,0,0,0,0,0,0,1
2019-01-16,0,0,2,0,7,2,0,0,0,1,0,0,0,0,1,0,0,0,0,4,1,2,0,0,0,1
2019-01-17,47,10,1,0,8,8,0,0,0,0,0,0,0,0,0,0,0,0,0,4,0,1,0,0,0,0
2019-01-18,68,0,0,1,0,1,0,0,0,0,0,0,0,0,0,1,0,0,0,6,0,0,0,0,0,1
2019-01-22,0,0,1,2,9,1,0,0,1,0,0,0,0,0,0,0,0,0,0,5,0,1,0,0,0,0
2019-01-23,0,4,1,0,4,5,0,1,0,0,0,0,0,0,0,0,1,0,1,3,1,4,0,0,0,4
2019-01-24,0,0,5,1,0,1,0,0,0,0,0,0,0,0,0,0,1,0,0,4,1,1,0,0,0,0
2019-01-25,11,0,0,0,8,17,0,0,0,0,0,0,0,0,0,0,0,0,0,2,0,1,0,0,0,0
2019-01-28,7,8,1,0,6,1,0,0,0,0,0,0,0,0,0,0,1,0,0,0,0,1,0,0,0,1
2019-01-29,0,0,0,0,4,0,0,1,3,0,0,0,0,0,0,0,0,0,0,5,0,3,0,0,0,1
2019-01-30,0,0,15,0,1,0,0,0,0,0,0,0,0,0,0,0,0,0,0,4,0,0,0,0,0,0
2019-01-31,0,0,0,3,0,5,0,0,2,1,0,0,0,1,0,0,0,0,0,5,0,3,0,0,1,0
2019-02-01,0,0,5,0,13,0,1,0,8,0,0,0,0,0,0,0,0,0,1,0,0,5,0,0,0,0
2019-02-04,3,12,3,0,0,9,0,0,0,0,0,0,0,0,0,0,0,0,0,4,0,0,0,0,5,0
2019-02-05,0,8,0,0,2,7,0,0,0,0,0,0,0,0,0,0,0,0,0,3,1,1,0,0,0,0
2019-02-06,20,0,0,0,5,0,0,0,2,0,0,0,0,0,0,0,0,0,0,5,0,1,0,0,0,0
2019-02-07,108,6,0,1,1,0,0,2,3,0,0,0,0,0,0,0,0,0,0,2,0,1,0,0,0,2
2019-02-08,84,23,1,0,20,6,0,0,0,0,0,0,0,0,0,0,0,0,0,1,0,1,0,0,0,5
2019-02-11,0,0,0,0,0,0,0,0,0,0,0,0,0,0,0,0,0,0,0,2,3,1,0,0,0,0
2019-02-12,31,0,0,0,0,0,0,0,0,0,0,0,0,0,0,0,0,0,0,2,0,1,0,0,0,1
2019-02-13,9,0,0,0,1,0,0,0,1,0,0,0,0,0,0,1,0,0,0,1,0,10,0,0,0,13
2019-02-14,0,0,1,2,0,0,1,1,0,0,0,0,0,0,0,0,0,0,0,3,0,0,0,0,0,1
2019-02-15,72,0,14,0,0,2,0,0,0,0,0,0,0,0,0,2,0,0,0,8,4,6,0,0,0,0
2019-02-19,17,0,0,5,10,1,2,1,0,1,0,0,0,1,3,0,0,0,0,5,0,1,0,0,0,1
2019-02-21,0,0,5,0,1,0,0,0,0,0,0,0,0,0,0,1,0,0,0,0,0,0,0,0,0,4
2019-02-22,3,10,0,1,13,0,0,0,0,0,0,0,0,0,0,0,0,0,0,0,0,0,0,0,0,0
2019-02-25,0,0,0,0,0,13,0,0,2,0,0,0,0,0,0,0,0,0,0,1,1,1,0,0,0,3
2019-02-26,26,16,5,2,3,0,2,0,1,0,0,0,0,0,0,0,0,0,0,1,0,0,0,0,0,0
2019-02-27,0,0,0,0,13,1,0,0,2,1,0,0,0,0,0,0,0,0,0,1,0,0,0,0,0,0
2019-02-28,20,19,0,0,0,0,0,0,0,0,0,0,0,0,0,0,0,0,0,1,0,1,0,0,0,7
2019-03-01,67,16,1,1,0,0,1,0,2,1,0,0,0,0,0,0,0,0,0,1,0,3,0,0,0,0
2019-03-04,0,20,0,2,0,3,0,0,0,0,0,0,0,1,0,0,0,0,0,3,1,7,0,0,0,0
2019-03-05,0,1,1,0,0,2,0,0,2,0,0,0,0,0,0,0,0,0,0,1,0,5,0,0,0,0
2019-03-06,0,0,0,0,0,0,0,0,1,0,0,0,0,0,0,0,0,0,0,3,0,0,0,0,0,3
2019-03-07,0,0,7,0,0,2,1,13,0,0,0,0,0,0,0,0,0,0,0,1,0,6,0,0,0,2
2019-03-08,0,13,8,4,1,0,0,0,0,0,0,0,0,1,0,0,0,0,0,1,0,0,0,0,0,1
2019-03-11,25,1,0,1,0,0,0,0,1,0,0,0,0,0,0,0,0,0,1,2,0,7,0,0,0,7
2019-03-12,0,0,0,0,0,0,0,0,2,0,0,0,0,0,0,0,0,0,0,1,1,1,0,0,0,1
2019-03-13,0,0,0,0,0,0,0,0,0,0,0,0,0,0,3,0,0,0,0,4,0,3,0,0,0,10
2019-03-14,20,5,2,0,1,8,0,0,8,0,0,0,0,0,0,0,0,0,0,0,0,0,0,0,0,1
2019-03-15,3,5,0,0,0,2,0,0,0,0,0,0,0,0,0,0,0,0,0,0,0,0,0,0,0,0
2019-03-18,7,0,0,0,1,0,0,0,1,0,0,0,0,0,0,0,0,0,0,5,1,0,0,0,0,0
2019-03-19,0,11,1,0,0,0,0,0,0,0,0,0,0,0,1,0,0,0,1,7,0,1,0,0,0,0
2019-03-20,7,0,0,0,0,0,0,0,3,0,0,0,1,0,0,0,0,0,0,5,1,7,0,0,0,0
2019-03-21,1,0,3,0,0,0,1,0,3,1,0,0,0,0,0,0,0,0,0,0,0,3,0,0,0,3
2019-03-22,0,0,1,0,3,0,0,0,3,0,0,0,0,0,0,0,0,0,0,0,0,0,0,0,1,5
2019-03-25,0,22,21,0,12,7,1,0,0,0,0,0,0,0,0,0,0,0,0,3,0,3,0,0,0,1
2019-03-26,13,0,5,1,0,3,0,0,0,0,0,0,0,0,0,0,0,0,0,3,0,1,0,0,0,2
2019-03-27,1,0,0,0,0,0,0,0,1,0,0,0,0,0,0,0,0,0,0,1,0,4,0,0,0,0
2019-03-28,0,0,1,2,2,0,0,0,0,0,0,0,0,0,0,0,0,0,0,2,1,3,0,0,0,1
2019-03-29,0,1,0,0,0,0,0,0,0,0,0,0,0,0,0,0,0,0,0,3,3,13,0,0,0,13
2019-04-01,0,13,0,0,11,0,4,0,3,0,0,0,0,0,0,0,0,0,1,10,0,0,0,0,0,0
2019-04-02,0,10,5,4,5,3,1,7,0,3,0,0,0,0,0,1,0,0,0,4,0,3,0,0,0,0
2019-04-03,0,0,1,1,0,1,0,0,2,0,0,0,0,0,0,0,0,0,0,3,0,2,0,0,0,0
2019-04-04,52,13,1,0,3,3,0,0,0,0,0,0,0,0,0,1,1,0,0,0,0,4,0,0,0,0
2019-04-05,0,10,1,1,8,1,0,0,1,0,0,0,0,0,0,0,0,0,0,5,0,1,0,0,0,0
2019-04-08,0,0,11,0,14,1,0,10,0,0,0,0,0,0,0,0,0,0,0,1,0,1,0,0,0,9
2019-04-09,0,0,0,0,1,1,0,1,1,1,0,0,0,0,0,0,0,0,0,2,0,1,0,0,0,0
2019-04-10,0,1,0,0,0,0,0,0,0,1,0,0,0,0,0,0,0,0,0,9,0,0,0,0,0,1
2019-04-11,0,8,4,0,1,1,0,0,0,0,0,0,0,0,0,0,0,0,0,5,0,3,0,0,0,1
2019-04-12,67,13,0,1,0,1,0,0,2,0,0,0,0,0,0,0,0,0,0,5,0,2,0,0,0,0
2019-04-15,0,13,1,0,0,1,2,0,0,0,0,0,0,0,0,0,0,0,0,1,1,4,0,0,0,0
2019-04-16,0,0,0,0,5,0,0,0,1,0,0,0,0,0,0,0,0,0,0,7,0,1,0,0,0,0
2019-04-17,7,1,4,3,0,0,0,0,0,0,0,0,0,0,0,0,0,0,0,2,0,1,0,0,0,1
2019-04-18,0,0,0,6,7,13,0,0,0,0,0,0,0,0,0,0,0,0,0,2,0,4,0,0,0,0
2019-04-22,9,0,1,0,8,0,0,10,0,0,0,0,0,0,0,0,0,0,0,2,0,0,0,0,0,0
2019-04-23,0,15,3,0,4,11,1,1,0,0,0,0,0,0,0,0,0,0,0,1,0,4,0,0,0,1
2019-04-24,0,0,2,8,0,0,0,0,0,0,0,0,0,1,0,2,0,0,0,2,0,1,0,0,0,0
2019-04-25,7,1,0,0,10,0,0,0,0,0,0,0,0,0,0,0,0,0,0,6,0,2,0,0,0,0
2019-04-26,0,0,1,0,22,0,0,0,9,0,0,0,0,0,1,0,0,0,0,5,0,1,0,0,0,18
2019-04-29,0,13,1,0,10,0,0,0,0,0,0,0,0,0,0,1,0,0,0,4,0,7,0,0,0,0
2019-04-30,0,0,0,0,1,0,3,0,0,5,0,0,0,0,0,0,0,0,0,2,0,1,0,0,0,4
2019-05-01,10,0,0,0,0,0,0,0,1,0,0,0,0,0,0,0,0,0,1,2,0,0,0,0,0,0
2019-05-02,0,11,5,5,0,0,0,0,1,0,0,0,0,0,0,0,0,0,0,2,1,5,0,0,0,0
2019-05-03,39,7,3,0,5,0,0,0,0,0,0,0,0,0,0,0,0,0,0,3,3,2,0,0,0,0
2019-05-06,13,0,0,7,15,0,0,0,0,0,0,0,0,0,0,0,0,0,0,1,0,0,0,0,0,0
2019-05-07,20,0,5,1,0,0,0,0,0,0,0,0,0,0,0,0,0,0,0,2,0,0,0,0,0,2
2019-05-08,0,0,0,0,0,1,0,0,0,0,0,0,0,0,0,1,0,0,1,1,0,1,0,0,0,20
2019-05-09,0,7,0,0,0,0,1,0,1,0,0,0,0,0,0,0,1,0,0,0,0,4,0,0,1,1
2019-05-10,0,0,3,0,0,14,0,0,1,0,0,0,0,0,0,0,0,0,0,8,0,0,0,0,0,22
2019-05-13,0,3,1,4,0,1,0,0,0,0,0,0,0,0,0,0,0,0,0,5,0,2,0,0,0,0
2019-05-14,0,0,0,0,2,1,0,0,1,0,0,0,0,0,0,0,0,0,0,1,0,1,0,0,0,1
2019-05-15,0,0,0,0,0,2,0,0,0,0,0,0,0,0,0,0,0,0,0,6,1,5,0,0,0,3
2019-05-16,0,0,0,2,0,1,0,0,0,0,0,0,0,0,0,0,0,0,0,2,0,8,0,0,0,0
2019-05-17,0,0,0,0,14,9,1,0,0,0,0,0,0,0,0,0,0,0,0,1,0,8,0,0,0,0
2019-05-20,39,0,0,0,17,10,0,0,0,0,0,0,0,0,0,0,0,0,0,2,0,5,0,0,0,0
2019-05-21,0,0,2,1,1,1,0,0,0,0,0,0,0,0,0,0,0,0,0,1,0,1,0,0,0,7
2019-05-22,1,0,0,0,0,2,0,0,0,0,0,0,0,0,0,0,0,0,0,4,0,0,0,0,0,0
2019-05-23,0,14,0,0,1,4,0,2,0,0,0,0,0,0,0,0,0,0,1,3,1,0,0,0,0,0
2019-05-24,13,0,2,3,0,5,0,0,0,0,0,0,0,0,0,1,0,0,0,1,0,3,0,0,0,4
2019-05-28,0,16,0,2,0,0,0,1,0,0,0,0,0,0,0,0,0,0,0,2,0,2,0,0,0,0
2019-05-29,10,0,0,0,1,2,0,0,0,0,0,0,0,0,0,1,1,0,0,5,0,0,0,0,0,0
2019-05-30,0,10,0,0,0,1,0,0,0,0,0,0,0,0,0,0,0,0,0,2,0,3,0,0,0,0
2019-05-31,13,35,0,0,0,0,0,0,1,0,0,0,0,0,0,0,0,0,0,1,0,0,0,0,0,1
2019-06-03,10,0,0,0,0,0,0,0,0,0,0,0,0,0,0,0,0,0,0,5,0,1,0,0,0,0
2019-06-04,0,0,7,0,0,1,0,0,1,0,0,0,0,0,0,1,0,0,0,4,0,0,0,0,0,0
2019-06-05,0,16,7,1,13,0,0,0,0,1,0,0,0,0,0,0,0,0,0,3,0,5,0,0,0,0
2019-06-06,0,5,0,0,0,0,2,0,0,0,0,0,0,0,0,0,0,0,0,1,0,0,0,0,0,0
2019-06-07,42,13,1,0,0,0,0,0,0,0,0,0,0,0,0,0,0,0,0,1,4,0,0,0,0,2
2019-06-10,0,0,0,0,7,0,0,5,0,1,0,0,0,0,0,0,0,0,0,2,0,2,0,0,0,0
2019-06-11,0,0,0,0,0,2,1,0,0,0,0,0,0,0,0,0,0,0,0,1,0,0,0,0,0,0
2019-06-12,0,0,6,0,1,1,0,0,1,0,0,0,0,0,0,5,0,0,0,0,0,2,0,0,0,0
2019-06-13,21,9,1,0,0,0,1,0,0,0,0,0,0,0,0,1,0,0,0,1,0,0,0,0,0,0
2019-06-14,25,0,0,0,5,0,0,3,0,0,0,0,0,0,0,0,0,0,0,0,0,0,0,0,0,0
2019-06-17,31,0,0,7,8,0,0,0,0,0,0,0,0,1,0,0,0,0,0,8,0,2,0,0,0,1
2019-06-18,0,3,7,0,0,1,0,0,0,0,0,0,0,0,0,0,0,0,0,3,0,3,0,0,0,9
2019-06-19,0,1,0,0,0,0,0,0,0,0,0,0,0,0,0,0,0,0,0,3,0,0,0,0,0,0
2019-06-20,25,10,10,3,6,0,0,0,0,0,0,0,0,0,0,0,0,0,0,4,0,3,0,0,0,0
2019-06-21,25,1,0,0,1,1,0,0,0,0,0,0,0,0,0,0,2,0,0,5,0,1,0,0,0,0
2019-06-24,0,8,1,0,10,1,0,0,0,0,0,0,0,0,0,0,0,0,0,5,0,2,0,0,0,13
2019-06-25,0,0,0,0,0,0,0,0,0,0,0,0,0,0,0,0,0,0,0,2,1,0,0,0,0,0
2019-06-26,12,0,0,0,0,0,0,0,0,0,0,0,0,0,0,0,0,0,0,5,0,1,0,0,0,0
2019-06-27,1,0,0,0,0,0,0,0,0,0,0,0,0,0,0,0,0,0,0,0,0,3,0,0,0,1
2019-06-28,0,7,14,1,0,18,0,0,1,0,0,0,0,0,0,0,0,0,0,1,2,6,0,0,0,0
2019-07-01,0,7,0,2,1,0,0,0,0,0,0,0,0,0,0,0,0,0,0,0,0,6,0,0,0,0
2019-07-02,0,23,0,0,0,4,0,0,0,0,0,0,1,0,0,0,0,0,0,1,0,1,0,0,0,0
2019-07-03,0,0,0,0,7,0,0,0,0,0,0,0,0,0,0,0,0,0,0,13,0,0,0,0,0,0
2019-07-08,23,12,0,0,0,0,0,0,0,0,0,0,0,0,0,0,0,0,0,5,0,11,0,0,0,1
2019-07-09,0,1,13,0,0,16,0,0,0,0,0,0,0,0,0,0,0,0,0,0,0,1,0,0,0,0
2019-07-10,0,0,0,0,0,0,0,0,1,1,0,0,0,0,0,0,0,0,1,5,0,11,0,0,0,0
2019-07-11,0,3,2,1,20,0,0,0,0,0,0,0,0,0,0,0,0,0,0,11,0,4,0,0,0,46
2019-07-12,0,0,2,3,0,0,0,0,1,0,0,0,0,0,0,0,0,0,0,8,0,14,0,0,0,3
2019-07-15,23,5,4,0,0,2,0,0,0,0,0,0,0,0,0,0,0,0,0,1,1,4,0,0,0,0
2019-07-16,0,1,10,0,0,0,0,3,1,0,0,0,0,0,0,5,0,0,2,4,0,2,0,0,0,4
2019-07-17,0,5,0,0,9,0,1,0,1,0,0,0,0,0,0,1,0,0,0,2,0,4,0,0,0,0
2019-07-18,0,0,11,1,1,0,0,0,0,0,0,0,0,0,0,0,0,0,0,5,1,0,0,0,0,2
2019-07-19,13,12,6,0,12,0,0,0,0,0,0,0,1,0,0,0,0,0,0,3,0,4,0,0,0,0
2019-07-22,79,0,0,1,0,15,0,0,0,0,0,0,0,0,0,0,0,0,0,2,1,2,0,0,0,7
2019-07-23,0,4,0,2,5,1,0,3,0,0,0,0,0,0,1,0,0,0,0,0,0,0,0,0,0,0
2019-07-24,5,0,0,0,0,0,0,0,0,0,0,0,0,0,0,0,0,0,0,1,0,7,0,0,0,0
2019-07-25,0,0,0,0,0,0,0,0,0,0,0,0,0,0,0,0,0,0,0,1,0,0,0,0,0,0
2019-07-26,0,0,0,0,0,1,1,0,0,1,0,0,0,0,0,0,0,0,0,0,0,0,0,0,0,0
2019-07-29,0,0,0,0,1,6,0,0,0,0,0,0,0,0,0,0,0,0,0,5,0,0,0,0,0,2
2019-07-30,0,0,0,5,1,1,0,1,0,0,0,0,0,1,0,2,0,0,0,1,0,2,0,0,0,10
2019-07-31,0,0,5,0,0,2,0,0,0,0,0,0,0,0,0,0,0,0,0,1,0,1,0,0,0,0
2019-08-01,0,7,0,14,0,10,0,1,7,0,0,0,0,0,0,0,0,0,0,5,0,10,0,0,0,0
2019-08-02,0,22,0,0,0,1,0,0,0,0,0,0,0,0,0,0,0,0,0,0,0,0,0,0,0,1
2019-08-05,0,0,1,0,1,0,1,0,0,0,0,0,0,0,0,0,0,0,0,4,0,0,0,0,0,0
2019-08-06,32,8,0,0,0,3,0,0,0,0,0,0,0,0,0,0,0,0,0,6,1,1,0,0,0,3
2019-08-07,0,2,0,0,1,1,1,0,0,0,0,0,2,0,0,0,0,0,0,0,0,3,0,0,0,0
2019-08-08,39,0,2,0,0,0,0,0,0,3,0,0,1,0,0,0,0,0,0,4,0,2,0,0,0,0
2019-08-09,0,0,0,1,1,1,0,0,0,0,0,0,0,0,0,0,0,0,0,2,0,0,0,0,0,0
2019-08-12,0,8,0,0,0,1,0,0,0,0,0,0,0,0,0,0,0,0,0,0,0,3,0,0,0,0
2019-08-13,12,2,7,2,7,2,0,0,0,0,0,0,0,0,0,0,0,0,0,0,0,6,0,0,0,0
2019-08-14,21,0,0,0,0,0,0,0,1,0,0,0,0,0,0,0,0,0,0,3,0,2,0,0,0,1
2019-08-15,0,1,1,0,1,7,0,0,0,0,0,0,0,0,0,0,0,0,0,1,0,1,0,0,0,0
2019-08-16,0,1,1,0,12,0,0,0,0,0,0,0,0,0,0,0,0,0,0,6,0,4,0,0,0,0
2019-08-19,0,0,6,0,0,0,0,1,1,1,0,0,1,0,0,0,0,0,0,0,0,12,0,0,0,0
2019-08-20,4,21,4,1,3,4,0,0,3,0,0,0,0,0,1,0,0,0,0,2,0,1,0,0,0,0
2019-08-21,0,10,5,0,5,0,0,0,0,0,0,0,0,3,0,1,0,0,0,7,0,1,0,0,0,0
2019-08-22,6,0,0,0,1,7,0,0,0,0,0,0,0,0,0,0,1,0,0,1,0,5,0,0,0,2
2019-08-23,0,0,0,3,14,4,0,0,3,0,0,0,0,0,0,0,0,0,0,0,0,5,0,0,0,0
2019-08-26,3,1,1,0,0,0,0,0,0,0,0,0,0,0,0,0,0,0,0,10,0,0,0,0,0,0
2019-08-27,0,11,0,0,4,0,0,0,0,0,0,0,0,0,0,0,0,0,0,4,0,3,0,0,0,1
2019-08-28,43,0,3,0,1,0,0,0,0,0,0,0,0,0,0,0,0,0,0,3,0,0,0,0,0,0
2019-08-29,0,1,0,0,0,0,0,0,1,0,0,0,0,0,0,0,0,0,0,1,0,0,0,0,0,0
2019-08-30,0,0,0,0,0,0,0,0,0,0,0,0,0,0,0,0,0,0,0,3,0,0,0,0,0,0
2019-09-03,0,18,7,0,32,0,0,0,2,0,0,0,0,0,0,1,0,0,0,1,0,1,0,0,0,4
2019-09-04,22,0,0,0,0,0,0,0,1,0,0,0,0,0,0,0,0,0,0,0,0,5,0,0,0,13
2019-09-05,0,0,25,2,5,2,0,0,1,0,0,0,0,0,0,0,0,0,0,6,1,1,0,0,0,0
2019-09-06,0,13,1,0,0,0,0,0,0,0,0,0,0,0,0,0,0,0,0,2,5,4,0,0,0,1
2019-09-09,20,0,7,0,0,0,0,0,0,1,0,0,0,0,0,0,0,0,0,3,0,0,0,0,0,0
2019-09-10,0,10,1,10,20,0,0,0,0,0,0,0,0,0,0,0,0,0,0,3,0,1,0,0,0,0
2019-09-11,0,0,4,0,0,0,0,0,1,0,0,0,0,0,1,0,0,0,0,1,0,0,0,0,0,1
2019-09-12,0,0,0,0,0,0,0,0,0,0,0,0,0,0,0,0,0,0,0,3,0,2,0,0,0,0
2019-09-13,0,0,0,0,0,0,0,0,0,0,0,0,0,0,0,0,0,0,0,0,0,0,0,0,0,0
2019-09-16,3,0,3,0,1,1,0,0,0,1,0,0,0,0,0,1,0,0,0,1,0,2,0,0,0,0
2019-09-17,0,0,1,1,4,1,0,0,0,0,0,0,5,0,0,0,0,0,0,5,0,1,0,0,0,10
2019-09-18,0,0,0,1,0,1,0,0,1,0,0,0,0,0,0,0,0,0,1,1,0,0,0,0,0,0
2019-09-19,0,0,0,7,0,2,0,0,2,0,0,0,0,0,0,0,0,0,0,2,0,2,0,0,0,1
2019-09-20,0,13,0,5,0,0,1,0,0,0,0,0,0,0,0,0,0,0,0,0,0,1,0,0,0,0
2019-09-23,0,1,0,0,22,0,0,0,0,0,0,0,0,0,0,0,0,0,0,7,0,0,0,0,2,1
2019-09-24,0,0,0,0,1,1,2,0,0,0,0,0,0,0,0,0,0,0,0,3,0,4,0,0,0,0
2019-09-25,0,0,0,0,0,0,0,0,0,0,0,0,0,0,0,0,0,0,0,3,0,1,0,0,0,2
2019-09-26,0,0,0,2,1,0,0,0,3,0,0,0,0,0,0,0,0,0,0,6,0,0,0,0,0,0
2019-09-27,0,4,11,0,4,0,3,0,4,1,0,0,0,0,1,0,0,0,0,0,0,0,0,0,0,0
2019-09-30,0,1,0,1,0,0,0,0,0,0,0,0,0,0,0,0,0,0,0,1,1,8,0,0,0,0
2019-10-01,18,0,0,1,1,2,0,0,0,0,0,0,0,0,0,0,0,0,0,1,0,11,0,0,0,2
2019-10-02,0,0,6,5,0,0,1,0,1,0,0,0,0,0,0,0,0,0,0,3,0,3,0,0,0,0
2019-10-03,0,15,0,1,0,7,0,0,0,1,0,0,0,0,0,0,0,0,0,0,1,1,0,0,1,0
2019-10-04,5,0,5,0,10,3,0,0,0,0,0,0,0,0,0,0,0,0,0,1,0,2,0,0,0,0
2019-10-07,0,0,4,0,14,0,0,0,2,0,0,0,0,0,0,0,0,0,0,2,1,3,0,0,0,0
2019-10-08,0,11,0,0,23,1,0,0,1,0,0,0,0,0,0,0,0,0,0,0,0,0,0,0,0,0
2019-10-09,0,0,4,8,0,0,0,0,1,0,0,0,0,0,0,0,0,0,0,2,0,4,0,0,0,26
2019-10-10,0,5,0,0,0,0,0,0,1,0,0,0,0,0,0,0,0,0,0,0,1,2,0,0,0,1
2019-10-11,0,0,0,0,0,0,0,0,0,0,0,0,0,0,0,0,0,0,0,2,0,0,0,0,0,0
2019-10-15,0,0,1,0,1,3,0,0,0,0,0,0,0,0,0,0,0,0,0,13,0,4,0,0,0,1
2019-10-16,0,8,0,1,7,0,0,0,0,0,0,0,0,0,0,0,0,0,0,5,0,3,0,0,0,5
2019-10-17,7,0,0,0,0,0,0,1,0,0,0,0,0,0,0,0,0,0,0,6,0,5,0,0,0,0
2019-10-18,0,10,7,0,4,4,0,0,3,0,0,0,0,0,0,1,0,0,0,1,4,0,0,0,0,7
2019-10-21,13,1,0,0,4,13,0,0,1,0,0,0,0,0,0,0,0,0,0,6,1,2,0,0,0,0
2019-10-22,0,0,0,0,0,0,0,0,1,0,0,0,1,0,0,0,0,0,0,0,0,11,0,0,0,1
2019-10-23,0,7,0,1,0,3,0,2,0,0,0,0,0,0,0,0,0,0,0,3,0,1,0,0,0,0
2019-10-24,0,0,0,3,0,1,0,0,0,0,0,0,0,0,0,0,0,0,0,1,0,1,0,0,0,0
2019-10-25,0,0,8,10,0,0,0,0,3,0,0,0,0,0,0,0,0,0,0,1,0,7,0,0,0,0
2019-10-28,0,0,7,0,4,0,0,0,1,0,0,0,0,0,0,0,0,0,0,7,1,1,0,0,0,0
2019-10-29,0,5,15,3,7,1,3,0,0,0,0,0,0,0,1,0,0,0,0,4,1,4,0,0,0,1
2019-10-30,13,7,0,0,1,2,0,0,0,0,0,0,0,0,0,0,0,0,0,3,0,1,0,0,0,0
2019-10-31,23,0,0,0,1,0,0,0,0,0,0,0,0,0,0,0,0,0,1,2,0,0,0,0,0,0
2019-11-01,14,0,0,3,4,0,0,0,0,0,0,0,0,0,0,0,0,0,0,1,0,1,0,0,0,3
2019-11-04,1,1,0,0,4,2,2,0,3,0,0,0,0,0,0,0,0,0,0,6,0,0,0,0,0,0
2019-11-05,0,5,1,0,0,0,1,1,0,0,0,0,0,0,0,0,0,0,0,4,0,0,0,0,0,3
2019-11-06,0,0,4,7,0,0,0,1,0,0,0,0,0,0,0,0,0,0,0,3,0,2,0,0,0,2
2019-11-07,0,0,3,1,4,0,0,0,0,0,0,0,0,0,1,0,0,0,0,1,0,4,0,0,0,0
2019-11-08,0,8,4,0,14,1,2,0,0,0,0,0,0,0,0,0,0,0,0,0,0,0,0,0,0,8
2019-11-12,52,0,0,1,0,0,0,0,0,0,0,0,0,0,0,0,0,0,0,3,0,5,0,0,0,1
2019-11-13,0,0,0,3,0,0,0,0,0,0,0,0,0,0,0,0,0,0,0,0,0,0,0,0,0,0
2019-11-14,0,1,4,0,1,0,0,0,0,0,0,0,0,0,0,1,0,0,0,1,0,1,0,0,0,0
2019-11-15,3,7,0,0,33,1,0,4,0,0,0,0,0,0,0,0,0,0,0,0,0,0,0,0,0,0
2019-11-18,0,0,0,0,0,1,0,0,0,0,0,0,0,0,0,0,0,0,0,1,0,0,0,0,0,0
2019-11-19,20,0,3,9,0,0,0,0,1,1,0,0,0,0,0,0,0,0,0,5,0,3,0,0,0,2
2019-11-20,4,0,10,0,0,2,0,0,1,0,0,0,1,0,1,0,0,0,0,3,0,0,0,0,0,13
2019-11-21,0,13,0,1,0,0,2,1,0,0,0,0,0,0,0,0,0,0,0,2,0,9,0,0,0,0
2019-11-22,0,0,0,0,0,0,1,3,0,1,0,0,0,0,0,0,0,0,0,3,0,0,3,0,0,0
2019-11-25,0,0,0,1,1,0,0,13,0,0,0,0,0,0,0,1,0,0,0,0,0,8,0,0,0,3
2019-11-26,1,4,13,0,13,23,0,1,1,0,0,0,0,0,0,0,0,0,0,0,1,11,0,0,0,2
2019-11-27,7,0,0,0,0,1,0,0,0,0,0,0,0,0,0,0,0,0,0,2,0,7,0,0,0,0
2019-12-02,13,20,9,4,1,2,0,0,3,1,0,0,0,0,0,0,0,0,0,1,0,0,0,0,0,0
2019-12-03,0,23,0,1,0,3,5,0,4,0,0,0,0,0,0,0,0,0,0,4,0,1,0,0,0,0
2019-12-04,0,9,1,0,0,0,0,0,0,0,0,0,0,0,1,0,0,0,0,3,0,2,0,0,0,0
2019-12-05,0,1,1,0,2,1,0,0,0,0,0,0,0,0,0,0,0,0,0,3,0,12,0,0,0,7
2019-12-06,0,0,1,0,6,1,0,4,0,0,0,0,0,0,4,0,0,0,0,9,0,12,0,0,0,0
2019-12-09,0,0,0,0,0,1,0,0,0,0,0,0,0,0,0,0,0,0,0,0,0,0,0,0,0,0
2019-12-10,0,18,3,0,0,8,1,1,0,0,0,0,0,0,0,0,0,0,0,1,0,1,0,0,0,0
2019-12-11,0,0,2,0,7,0,0,0,10,0,0,0,0,0,0,0,0,0,0,2,0,1,0,0,0,0
2019-12-12,44,0,0,5,0,0,0,0,0,0,0,0,0,0,0,0,0,0,0,1,0,0,0,0,0,0
2019-12-13,5,0,13,1,4,0,0,0,0,0,0,0,0,0,0,0,0,0,0,3,0,5,0,0,0,0
2019-12-16,0,33,0,0,0,6,0,0,1,0,0,0,0,0,0,1,0,0,0,7,1,0,0,0,0,2
2019-12-17,13,4,1,2,0,2,0,0,0,0,0,0,0,0,0,1,0,0,0,4,0,0,0,0,0,0
2019-12-18,45,0,0,3,0,2,0,0,5,1,0,0,0,0,0,0,0,0,0,2,1,0,0,0,0,3
2019-12-19,23,6,0,0,2,0,0,0,0,0,0,0,0,0,0,0,0,0,0,1,0,0,0,0,0,1
2019-12-20,39,4,0,4,1,1,2,0,1,0,0,0,0,0,0,0,0,0,0,0,0,0,0,0,0,0
2019-12-23,0,0,0,0,0,0,2,0,0,0,0,0,0,0,0,0,0,0,0,3,0,0,0,0,0,7
2019-12-24,0,0,10,0,0,0,0,0,0,2,0,0,0,0,0,0,0,0,0,2,0,1,0,0,0,0
2019-12-26,0,0,0,0,0,0,0,0,0,0,0,0,0,0,0,0,0,0,0,1,0,0,0,0,0,0
2019-12-27,0,0,0,0,0,0,0,0,0,0,0,0,0,0,0,0,0,0,0,0,0,0,0,0,0,0
2019-12-30,0,0,0,0,0,0,0,1,1,0,0,0,0,0,0,0,0,0,1,1,0,1,0,0,0,2
2019-12-31,0,0,13,0,0,0,0,0,0,0,0,0,0,0,1,0,0,0,0,0,0,0,0,0,0,0
2020-01-02,0,0,4,0,0,0,0,0,0,0,0,0,0,0,0,0,0,0,0,0,0,0,0,0,0,0
2020-01-03,0,0,0,0,0,0,0,0,0,0,0,0,0,0,0,0,0,0,0,1,0,0,0,0,0,2
2020-01-06,0,13,0,0,3,2,0,0,0,0,0,0,0,0,0,0,0,0,0,0,0,7,0,0,1,4
2020-01-07,0,5,0,0,0,3,0,0,0,0,0,0,0,0,0,0,0,0,0,5,0,11,0,0,0,0
2020-01-08,0,0,0,0,0,1,0,0,0,0,0,0,0,0,0,0,0,0,0,3,1,5,0,0,0,0
2020-01-09,0,0,1,3,0,0,0,0,0,0,0,0,0,0,0,0,0,0,0,3,0,1,0,0,0,0
2020-01-10,0,26,0,0,1,14,0,0,0,0,0,0,0,0,0,0,0,0,0,1,0,2,0,0,0,0
2020-01-13,0,14,1,1,10,1,0,1,1,0,0,0,0,0,0,0,0,0,0,4,0,1,0,0,0,0
2020-01-14,0,0,9,0,0,8,0,0,0,0,0,0,0,0,0,0,0,0,0,2,0,3,0,0,0,0
2020-01-15,0,0,0,0,0,0,0,0,0,0,0,0,0,0,0,0,0,0,0,1,0,0,0,0,0,0
2020-01-16,0,1,0,3,13,9,0,0,0,0,0,0,0,0,0,0,0,0,0,5,0,3,0,0,0,0
2020-01-17,0,10,8,3,2,0,0,0,0,0,0,0,0,0,0,0,0,0,0,8,0,7,0,0,0,0
2020-01-21,0,1,1,0,0,4,0,0,1,0,0,0,0,0,0,0,0,0,0,3,1,7,0,0,0,31
2020-01-22,3,0,0,0,3,0,0,0,0,0,0,0,0,0,0,0,0,0,0,6,0,1,0,0,0,3
2020-01-23,54,0,0,2,0,0,0,0,0,0,0,1,0,0,0,0,1,0,0,3,0,4,0,0,0,0
2020-01-24,0,0,1,1,0,1,1,0,0,0,0,0,0,0,0,0,0,0,0,0,0,0,0,0,0,1
2020-01-27,0,13,5,5,0,1,0,0,0,0,0,0,0,0,0,1,0,0,1,0,0,7,0,0,0,0
2020-01-28,0,4,0,0,0,1,0,0,0,0,0,0,0,0,2,0,1,0,0,7,0,5,0,0,0,1
2020-01-29,2,13,1,0,6,0,0,1,0,0,0,0,0,0,0,0,0,0,0,0,0,6,0,0,0,26
2020-01-30,0,0,7,1,1,2,0,0,0,0,0,0,0,0,0,0,0,0,0,1,0,4,0,0,0,0
2020-01-31,0,13,0,0,8,0,2,0,1,0,0,0,0,0,0,0,0,0,0,5,0,1,0,0,0,0
2020-02-03,0,0,0,1,0,3,1,0,0,0,0,0,0,0,0,0,0,0,0,3,0,0,0,0,0,0
2020-02-04,0,13,5,0,0,1,0,1,3,1,0,0,0,0,0,4,0,0,0,3,0,0,0,0,1,1
2020-02-05,0,0,10,0,7,3,0,0,0,0,0,0,0,0,0,0,0,0,0,6,0,4,0,0,0,0
2020-02-06,49,13,0,3,13,0,0,0,1,0,0,0,0,0,0,0,0,0,0,1,1,4,0,0,0,1
2020-02-07,0,0,0,0,13,0,0,3,1,0,0,0,0,0,0,0,0,0,0,1,0,16,0,0,4,6
2020-02-10,0,13,0,0,13,1,0,0,1,0,0,0,0,0,0,0,0,0,0,1,0,4,0,0,0,1
2020-02-11,0,0,4,1,0,4,0,0,0,1,0,0,0,0,0,0,0,0,0,0,0,1,0,0,0,2
2020-02-12,44,0,7,6,0,1,0,0,0,0,0,0,0,0,1,0,1,0,0,0,1,0,0,0,0,0
2020-02-13,0,0,0,0,5,0,0,0,0,0,0,0,0,0,0,0,0,0,0,0,0,1,0,0,0,0
2020-02-14,0,0,0,2,0,0,0,0,0,1,0,0,0,0,0,0,0,0,0,0,0,0,0,0,0,8
