"date_value","Retail Theft","Theft","Fraud/Theft of Services","Vandalism","Alcohol Possession by Minor","Public Drunkenness","Trespass","Disorderly Conduct","Minor Violations (Open Container, Public Urination, Smoking Violation)","Uncategorized Offenses","<NA>"
2014-01-02,0,0,0,0,0,0,0,0,92,93,0
2014-01-06,127,0,186,131,68,44,150,68,76,79,28
2014-01-07,100,0,109,68,0,65,109,72,74,77,92
2014-01-08,173,0,113,0,95,0,87,94,86,89,0
2014-01-09,121,0,166,92,68,90,73,70,64,72,42
2014-01-10,119,0,56,0,0,0,168,132,142,153,0
2014-01-11,73,0,144,0,77,104,116,76,134,78,0
2014-01-13,0,0,0,0,0,0,0,18,17,14,0
2014-01-14,116,0,1079,0,0,0,0,93,90,88,0
2014-01-15,0,0,124,0,0,0,0,230,14,301,0
2014-01-16,0,0,0,0,0,0,0,0,112,518,0
2014-01-17,1101,0,0,0,0,0,0,0,0,31,0
2014-01-21,234,0,116,80,0,70,66,62,85,115,61
2014-01-23,176,172,114,73,0,0,101,73,73,71,0
2014-01-24,108,0,314,0,0,0,114,333,116,117,0
2014-01-25,118,0,120,0,120,79,71,109,120,94,116
2014-01-27,150,0,111,53,58,239,109,58,61,76,39
2014-01-28,56,0,110,33,37,66,110,58,69,93,109
2014-01-29,181,0,144,0,0,60,54,91,58,77,0
2014-01-30,150,0,127,0,0,0,112,101,75,104,74
2014-01-31,65,0,138,0,0,158,126,263,150,99,0
2014-02-03,137,0,144,618,86,98,145,93,86,89,0
2014-02-04,229,0,97,0,164,49,78,62,54,89,0
2014-02-05,199,0,138,0,0,46,97,74,79,96,1078
2014-02-06,92,0,63,48,46,48,98,48,61,92,61
2014-02-07,86,0,116,49,112,41,113,41,42,114,178
2014-02-08,71,50,133,86,72,88,100,82,82,130,89
2014-02-10,194,0,110,56,0,40,102,42,54,54,172
2014-02-11,126,0,130,0,0,82,112,82,99,105,0
2014-02-12,78,0,108,0,0,51,80,60,53,82,71
2014-02-18,58,0,98,0,111,47,106,107,78,95,0
2014-02-19,82,0,105,119,0,30,106,61,35,102,60
2014-02-20,74,0,112,75,174,0,118,113,105,105,35
2014-02-21,76,0,102,108,0,65,32,28,35,64,43
2014-02-22,56,0,164,92,70,53,61,72,127,142,0
2014-02-24,218,0,98,0,1108,47,38,32,47,93,0
2014-02-25,38,0,98,0,0,0,100,116,96,95,0
2014-02-26,44,0,100,0,0,23,98,98,98,68,0
2014-02-27,110,0,93,58,0,0,614,22,31,118,0
2014-02-28,165,0,100,0,0,22,123,67,42,95,0
2014-03-04,70,0,100,54,0,42,19,63,94,43,0
2014-03-05,59,0,98,155,0,0,122,100,94,98,0
2014-03-06,66,0,117,84,0,32,110,79,111,112,112
2014-03-07,80,0,97,0,0,0,80,30,29,94,0
2014-03-08,51,0,119,0,50,82,109,64,119,112,0
2014-03-10,297,0,98,0,0,0,52,80,97,97,0
2014-03-11,38,0,98,0,0,32,95,97,97,96,95
2014-03-12,83,0,142,106,0,0,139,162,96,126,0
2014-03-13,126,0,183,0,0,21,34,37,40,44,70
2014-03-14,94,0,114,158,0,0,156,76,111,109,37
2014-03-17,193,0,98,162,0,24,93,25,56,98,0
2014-03-18,175,0,97,0,0,43,23,99,96,96,0
2014-03-19,36,0,117,0,0,0,26,106,28,104,8
2014-03-20,247,0,76,0,0,0,0,113,68,75,84
2014-03-21,90,0,104,55,0,0,100,65,96,108,0
2014-03-22,66,111,117,0,43,40,144,56,113,75,53
2014-03-24,16,0,0,0,0,0,0,271,19,30,0
2014-03-25,180,0,0,0,0,0,0,2,102,56,0
2014-03-26,61,0,156,0,0,0,0,0,50,85,0
2014-03-27,0,0,0,0,0,0,14,54,90,88,0
2014-03-28,27,0,108,0,0,0,42,39,0,107,0
2014-03-31,61,207,116,58,0,69,31,48,32,103,21
2014-04-01,98,0,130,98,0,31,46,129,104,105,0
2014-04-02,0,0,94,113,0,0,39,68,92,94,0
2014-04-03,207,0,112,0,102,124,38,110,92,110,0
2014-04-04,64,0,103,753,363,0,28,102,30,99,133
2014-04-05,73,0,138,58,53,48,121,57,118,118,0
2014-04-07,36,0,105,37,59,0,71,66,101,66,0
2014-04-08,35,0,106,0,0,27,50,39,29,102,26
2014-04-09,15,0,124,115,0,0,108,112,101,98,0
2014-04-10,113,0,98,0,0,0,33,30,69,50,0
2014-04-11,114,0,120,1176,100,72,24,100,100,110,0
2014-04-14,0,0,0,0,0,0,0,18,18,18,0
2014-04-15,0,0,0,0,0,0,0,22,19,108,0
2014-04-16,0,0,67,0,0,0,192,0,332,177,0
2014-04-17,0,0,0,0,0,0,0,291,0,627,0
2014-04-21,58,0,123,44,0,0,86,82,104,46,36
2014-04-22,130,0,103,0,0,122,33,44,35,46,37
2014-04-23,0,0,106,0,33,0,105,98,100,98,0
2014-04-24,120,0,125,37,0,41,45,48,96,44,0
2014-04-25,37,0,108,0,175,78,30,30,30,52,23
2014-04-26,49,0,122,0,43,62,122,52,113,125,45
2014-04-28,105,0,102,0,0,0,103,44,100,103,48
2014-04-29,38,0,105,0,0,40,104,104,42,103,42
2014-04-30,122,0,80,0,0,41,36,56,44,79,0
2014-05-01,42,0,100,37,0,72,34,34,29,28,0
2014-05-02,46,0,100,0,0,0,51,99,91,100,0
2014-05-05,51,0,108,41,0,0,33,39,41,38,0
2014-05-06,758,0,84,41,0,115,31,28,75,81,137
2014-05-07,26,0,119,0,24,29,28,32,28,27,0
2014-05-10,51,0,140,0,43,48,115,56,129,114,50
2014-05-12,74,0,104,48,0,30,40,34,39,38,850
2014-05-13,0,0,105,0,0,30,29,29,102,102,0
2014-05-14,0,0,102,0,0,38,98,99,29,90,0
2014-05-15,0,0,98,0,0,32,36,100,27,36,0
2014-05-16,91,0,101,0,0,35,40,27,27,41,117
2014-05-19,53,0,104,136,206,31,0,42,27,30,670
2014-05-20,38,0,0,0,0,36,35,38,27,33,0
2014-05-21,0,0,129,0,0,27,29,125,26,96,0
2014-05-22,161,0,97,61,0,0,31,30,97,85,0
2014-05-23,68,142,112,0,0,0,35,41,39,42,0
2014-05-27,52,0,146,0,0,0,37,50,102,37,116
2014-05-28,0,0,100,0,0,38,129,98,99,100,0
2014-05-29,0,0,100,0,0,0,397,98,74,98,699
2014-05-30,150,0,98,80,0,0,35,28,98,97,105
2014-05-31,118,0,131,0,62,52,125,68,120,113,0
2014-06-02,229,0,98,0,0,0,38,101,93,94,0
2014-06-03,71,0,99,43,0,0,100,97,97,95,96
2014-06-04,88,86,118,164,0,0,104,103,95,105,0
2014-06-05,57,0,178,0,0,0,98,138,97,98,96
2014-06-06,221,0,101,0,0,0,99,67,91,92,0
2014-06-09,189,0,98,0,0,0,128,146,104,107,60
2014-06-10,121,0,99,66,0,0,0,141,96,98,967
2014-06-11,60,0,110,59,0,101,1215,9,113,117,114
2014-06-12,59,137,97,1397,0,0,0,97,97,98,0
2014-06-13,0,0,110,0,0,0,0,54,21,64,0
2014-06-14,58,0,116,118,61,213,43,60,74,62,0
2014-06-16,34,0,99,0,0,0,63,63,24,23,0
2014-06-17,53,0,97,0,0,0,22,96,24,95,100
2014-06-18,127,0,100,62,0,95,22,381,30,98,100
2014-06-19,363,0,98,149,0,0,27,96,98,96,99
2014-06-20,620,0,94,73,28,21,104,83,22,42,0
2014-06-23,88,0,0,0,59,0,0,0,24,154,0
2014-06-24,599,0,198,0,0,0,22,0,92,304,0
2014-06-25,0,0,69,0,0,0,0,0,89,298,0
2014-06-26,0,0,0,0,0,20,0,0,92,104,0
2014-06-27,66,0,0,0,0,0,106,24,97,109,148
2014-06-28,161,0,127,0,29,77,15,107,127,168,0
2014-06-30,166,0,0,0,0,0,32,16,18,62,0
2014-07-01,0,0,0,0,0,0,0,113,0,421,0
2014-07-02,165,0,0,0,0,0,0,0,17,19,0
2014-07-03,0,0,96,0,0,0,22,23,21,30,0
2014-07-07,158,0,112,45,0,0,635,100,37,111,0
2014-07-08,42,0,109,0,65,108,46,109,36,44,13
2014-07-09,90,0,113,0,0,35,117,135,35,69,0
2014-07-10,43,0,110,35,0,34,40,48,112,40,0
2014-07-11,38,0,107,35,21,0,41,38,35,51,0
2014-07-12,98,0,130,0,44,39,36,116,122,134,0
2014-07-14,0,0,111,0,0,48,41,44,40,44,0
2014-07-15,39,0,112,38,32,41,39,111,38,39,36
2014-07-16,140,0,110,128,0,0,46,74,110,110,150
2014-07-17,37,0,106,0,33,34,33,76,33,46,0
2014-07-18,104,37,106,0,0,86,34,40,33,34,0
2014-07-21,86,0,101,0,0,0,33,98,33,36,0
2014-07-22,120,0,103,0,0,0,32,102,33,102,35
2014-07-23,51,0,113,0,0,37,35,60,43,103,0
2014-07-24,50,0,120,33,0,134,45,111,30,30,0
2014-07-25,172,43,122,52,30,0,38,41,30,99,56
2014-07-26,45,0,156,0,42,42,49,47,99,90,0
2014-07-28,54,0,101,0,41,25,27,41,27,27,0
2014-07-29,38,0,0,58,0,27,33,28,34,32,0
2014-07-30,131,0,179,0,25,27,28,109,27,88,0
2014-07-31,649,0,0,76,0,25,31,175,28,30,112
2014-08-01,80,0,126,38,34,34,23,36,23,25,114
2014-08-04,0,0,0,0,0,0,0,176,18,18,0
2014-08-05,0,0,0,0,0,0,30,25,36,26,0
2014-08-06,56,0,0,0,0,27,28,64,25,27,0
2014-08-07,792,0,250,754,0,0,25,0,25,36,0
2014-08-08,56,0,0,0,0,25,26,25,24,24,0
2014-08-09,111,0,184,119,42,115,37,72,120,50,0
2014-08-11,46,0,232,46,0,0,24,125,31,58,1108
2014-08-12,80,0,0,282,0,111,40,622,75,67,162
2014-08-13,78,0,143,40,0,39,34,39,27,29,27
2014-08-14,78,0,111,0,0,173,60,74,30,86,0
2014-08-15,130,0,98,74,0,35,34,116,29,63,0
2014-08-18,166,0,0,0,0,0,30,70,30,30,184
2014-08-19,38,0,273,0,0,24,29,44,29,32,544
2014-08-20,142,0,88,0,0,0,40,342,29,41,0
2014-08-21,612,0,0,0,0,41,36,38,29,41,0
2014-08-22,165,0,101,31,0,76,44,128,35,30,0
2014-08-23,41,0,190,0,56,24,51,80,84,84,54
2014-08-25,0,0,0,0,0,0,183,0,140,213,0
2014-08-26,0,0,93,0,0,0,0,0,18,20,0
2014-08-27,1591,0,139,0,0,0,0,0,139,71,0
2014-08-28,78,0,0,0,0,0,0,0,55,93,0
2014-08-29,241,0,230,0,0,0,91,43,33,90,113
2014-09-02,60,0,110,44,0,110,40,46,44,41,111
2014-09-03,46,0,114,0,53,82,112,173,48,54,0
2014-09-04,44,0,119,40,0,0,43,51,40,93,0
2014-09-05,186,0,118,0,0,38,51,62,44,50,48
2014-09-06,76,0,163,72,35,44,47,90,113,46,0
2014-09-08,39,0,108,0,0,0,63,53,38,39,37
2014-09-09,58,0,110,112,0,0,44,68,38,51,0
2014-09-10,36,0,112,118,0,39,112,39,39,55,117
2014-09-11,66,0,120,40,187,38,43,118,38,108,0
2014-09-12,32,0,113,0,0,108,61,79,38,50,0
2014-09-15,0,0,110,121,0,526,44,107,39,39,114
2014-09-16,14,0,113,38,0,64,39,80,40,111,39
2014-09-17,455,0,111,0,0,52,110,94,39,82,0
2014-09-18,44,0,114,0,194,0,38,54,50,55,0
2014-09-19,240,0,108,62,0,0,48,107,37,105,219
2014-09-20,38,0,112,0,60,43,46,55,50,112,37
2014-09-22,38,0,110,0,87,0,140,40,38,51,108
2014-09-23,37,38,110,52,0,0,40,48,80,98,27
2014-09-24,77,0,112,0,0,41,112,42,46,48,0
2014-09-25,176,0,107,118,0,109,33,34,35,47,0
2014-09-26,0,0,106,0,0,0,55,110,42,102,0
2014-09-29,65,0,103,35,0,35,35,88,36,47,48
2014-09-30,36,0,107,42,0,46,40,34,35,41,0
2014-10-01,114,0,105,0,0,109,78,42,36,103,0
2014-10-02,113,0,107,0,0,0,106,40,51,39,104
2014-10-03,34,0,105,64,0,32,29,80,34,70,0
2014-10-04,69,0,115,0,41,42,104,30,50,95,79
2014-10-06,115,0,102,0,43,34,37,66,34,46,0
2014-10-07,38,0,105,0,25,35,28,33,33,46,0
2014-10-08,1433,0,105,128,26,0,32,40,103,106,0
2014-10-09,46,0,106,0,0,108,34,112,39,45,0
2014-10-10,44,0,105,44,0,0,50,82,31,70,0
2014-10-14,103,0,104,104,46,44,94,46,45,48,0
2014-10-15,457,0,106,0,0,34,34,105,37,96,0
2014-10-16,208,50,104,1423,32,208,105,29,41,90,0
2014-10-17,67,0,106,34,0,52,43,42,36,45,106
2014-10-18,36,0,114,126,36,114,34,102,106,67,66
2014-10-20,116,0,104,0,0,103,32,61,44,45,0
2014-10-21,50,0,106,0,0,0,46,43,32,46,0
2014-10-22,51,0,108,116,0,0,111,80,44,87,0
2014-10-23,57,0,105,74,0,97,105,107,86,97,0
2014-10-24,93,0,100,113,42,0,36,38,32,40,0
2014-10-27,218,0,110,0,0,0,124,104,31,87,82
2014-10-28,108,0,104,0,0,226,27,30,38,44,100
2014-10-29,74,0,99,45,0,45,41,32,38,96,98
2014-10-30,87,0,101,0,27,104,26,39,28,45,0
2014-10-31,133,0,105,58,0,43,84,44,27,86,63
2014-11-03,46,0,0,0,38,0,26,37,27,36,0
2014-11-04,45,0,103,0,0,38,27,26,26,26,0
2014-11-05,44,0,105,124,0,24,24,37,36,101,0
2014-11-06,220,0,145,0,0,0,0,721,15,92,0
2014-11-07,0,0,0,0,0,0,212,640,1,249,0
2014-11-08,52,0,122,0,40,55,105,62,106,117,0
2014-11-10,136,0,0,0,0,0,0,1293,80,20,0
2014-11-12,15,0,0,0,0,0,545,200,101,13,0
2014-11-13,0,0,358,0,0,0,0,1409,24,43,0
2014-11-14,74,0,110,0,0,0,70,118,68,100,0
2014-11-17,65,0,0,78,0,0,43,38,36,42,0
2014-11-18,82,0,112,0,0,47,48,110,93,97,0
2014-11-19,46,0,104,0,0,48,41,34,42,48,0
2014-11-20,31,0,112,37,0,112,111,113,46,108,0
2014-11-21,99,44,103,225,0,0,88,52,83,106,70
2014-11-22,90,0,148,0,68,0,162,117,79,106,0
2014-11-24,15,0,0,0,0,0,0,3,108,89,0
2014-11-25,107,0,0,0,0,0,0,23,17,73,0
2014-11-26,0,0,100,0,0,0,0,0,0,0,0
2014-11-28,1572,0,0,0,0,0,0,0,0,0,0
2014-12-01,67,0,118,44,0,36,102,80,38,104,35
2014-12-02,139,0,123,64,0,120,71,38,43,44,0
2014-12-03,53,0,118,0,0,0,43,112,113,107,124
2014-12-04,62,0,0,0,0,36,48,74,36,37,0
2014-12-05,48,0,116,0,0,113,41,44,45,64,0
2014-12-06,46,0,124,123,42,50,0,62,72,66,0
2014-12-08,0,0,117,0,0,0,48,38,46,80,907
2014-12-09,45,0,120,0,0,119,36,54,63,46,98
2014-12-10,97,0,103,0,34,0,35,35,35,50,103
2014-12-11,49,0,113,47,0,94,47,38,44,63,50
2014-12-12,36,0,135,36,0,0,83,48,30,101,772
2014-12-13,34,0,130,0,35,20,82,82,100,53,0
2014-12-15,67,0,110,0,0,31,34,41,36,39,0
2014-12-16,71,0,116,0,0,142,108,38,36,40,0
2014-12-17,56,0,117,0,0,113,36,112,110,114,0
2014-12-18,14,0,107,0,0,0,38,32,36,33,0
2014-12-19,58,0,120,60,0,107,114,100,98,107,1089
2014-12-22,16,0,90,0,0,0,0,768,89,87,0
2014-12-23,56,0,159,0,0,0,0,0,95,96,0
2014-12-24,0,0,85,0,0,0,0,0,0,0,0
2014-12-29,50,0,0,0,0,156,0,0,135,55,0
2014-12-30,0,0,0,0,0,0,0,0,98,48,0
2014-12-31,0,0,183,0,0,0,0,0,0,0,0
2015-01-05,54,0,132,0,59,55,45,43,55,50,44
2015-01-06,178,0,131,92,0,0,129,58,127,74,0
2015-01-07,43,0,119,81,0,0,0,86,118,120,134
2015-01-08,51,0,116,67,0,54,56,55,55,56,0
2015-01-09,38,0,123,0,42,62,62,84,119,119,102
2015-01-10,52,37,131,0,46,43,55,82,119,121,0
2015-01-12,75,0,145,0,0,71,118,72,74,78,0
2015-01-13,106,133,128,76,0,89,52,127,62,54,132
2015-01-14,234,0,123,0,0,140,118,117,118,117,0
2015-01-15,147,0,114,0,0,43,39,43,52,51,112
2015-01-16,72,0,122,94,0,36,65,89,54,106,73
2015-01-20,27,38,117,41,44,0,43,52,77,74,28
2015-01-21,36,0,131,0,0,92,48,48,104,112,0
2015-01-22,35,0,110,0,0,0,48,43,47,54,0
2015-01-23,86,0,127,61,105,0,72,126,116,124,115
2015-01-24,46,0,126,0,44,48,84,114,108,120,0
2015-01-26,57,0,131,36,0,116,45,112,108,123,0
2015-01-28,36,0,121,0,48,102,39,121,104,118,31
2015-01-29,49,0,107,47,0,124,29,40,42,100,103
2015-01-30,49,0,114,40,0,0,112,111,112,114,38
2015-02-02,139,0,129,32,33,0,32,109,102,104,26
2015-02-03,111,0,118,0,0,0,84,109,49,110,64
2015-02-04,0,0,113,0,38,112,112,87,110,102,112
2015-02-05,36,0,93,0,0,0,30,90,92,92,108
2015-02-06,35,0,102,0,0,35,28,148,99,98,40
2015-02-07,50,98,122,37,110,38,94,112,134,121,0
2015-02-09,17,0,91,0,0,0,0,49,76,18,0
2015-02-10,81,0,0,0,0,0,0,0,74,28,0
2015-02-11,0,0,107,0,0,0,1370,68,12,106,0
2015-02-12,0,0,0,0,0,0,0,47,0,178,0
2015-02-13,730,0,120,118,0,0,21,14,46,116,30
2015-02-17,39,0,118,54,0,119,151,117,97,106,0
2015-02-18,90,0,116,0,0,116,27,33,105,106,0
2015-02-19,94,0,99,0,0,26,21,100,42,97,0
2015-02-20,48,0,121,0,0,0,815,104,107,110,0
2015-02-23,16,0,142,0,0,0,24,166,92,33,0
2015-02-24,220,0,96,0,0,0,0,0,65,104,0
2015-02-25,176,0,107,0,0,0,0,1433,31,104,0
2015-02-26,0,0,107,0,0,0,40,104,106,107,0
2015-02-27,77,0,125,0,0,0,0,25,92,107,72
2015-03-02,494,0,0,0,0,0,0,0,0,0,0
2015-03-03,0,0,0,0,0,0,26,94,94,26,0
2015-03-04,0,0,169,0,0,0,0,0,358,260,0
2015-03-06,28,0,0,0,0,55,0,102,38,103,0
2015-03-07,63,0,134,61,49,42,122,114,138,120,0
2015-03-09,45,0,135,38,0,40,128,130,128,129,132
2015-03-10,102,0,128,0,0,82,58,122,116,122,107
2015-03-11,40,0,123,138,39,0,52,53,55,60,0
2015-03-12,47,64,116,47,0,74,35,124,116,117,201
2015-03-13,38,0,120,0,0,122,42,120,93,115,79
2015-03-16,39,0,116,37,0,118,358,0,114,58,0
2015-03-17,38,0,118,29,0,760,76,85,54,58,11
2015-03-18,67,0,122,122,0,122,40,44,49,118,34
2015-03-19,34,0,99,0,0,0,99,48,50,85,110
2015-03-20,98,0,110,0,0,43,110,64,106,107,27
2015-03-21,94,0,142,0,36,79,774,79,120,80,36
2015-03-23,95,0,110,0,0,107,41,108,70,69,0
2015-03-24,121,0,113,51,0,0,158,34,40,43,114
2015-03-25,262,0,119,0,0,42,73,61,98,82,97
2015-03-26,26,0,117,0,0,58,31,45,42,49,122
2015-03-27,134,0,112,48,0,111,36,107,105,111,0
2015-03-30,888,0,88,1167,0,0,162,0,128,216,0
2015-03-31,15,0,0,0,0,0,0,0,208,88,0
2015-04-01,454,0,212,0,0,0,0,0,69,138,0
2015-04-02,99,0,188,0,0,0,0,163,124,2795,0
2015-04-06,44,0,120,42,0,0,106,102,102,101,58
2015-04-07,89,0,118,708,67,0,120,315,96,115,69
2015-04-08,45,0,118,0,0,86,41,110,42,105,0
2015-04-09,112,0,106,50,0,31,70,36,39,41,98
2015-04-10,74,0,112,0,0,112,460,113,112,114,0
2015-04-11,50,0,138,80,45,48,56,87,122,90,0
2015-04-14,48,0,438,0,0,0,0,0,94,136,0
2015-04-15,0,0,365,0,0,0,0,26,60,92,0
2015-04-16,963,0,109,0,0,0,75,29,103,108,103
2015-04-17,37,0,0,0,0,0,0,156,89,116,0
2015-04-20,102,0,110,36,0,35,39,38,48,53,0
2015-04-21,98,0,110,103,32,32,66,110,43,45,0
2015-04-22,35,90,121,0,0,119,0,121,42,116,124
2015-04-23,1517,0,106,0,0,106,25,46,104,104,105
2015-04-24,35,0,108,0,0,49,45,40,43,79,117
2015-04-25,40,0,103,0,36,41,82,72,114,92,72
2015-04-27,38,0,103,0,0,0,104,39,33,93,0
2015-04-28,668,0,102,0,0,25,102,102,102,101,64
2015-04-29,138,0,100,0,0,97,98,31,43,98,101
2015-04-30,36,0,99,0,28,35,36,50,44,98,100
2015-05-01,52,0,97,0,0,30,38,39,29,51,97
2015-05-04,22,0,31,28,0,22,31,40,31,31,27
2015-05-05,111,0,98,76,0,31,384,98,31,31,117
2015-05-06,35,0,98,80,0,0,98,98,86,96,106
2015-05-11,16,0,0,0,0,0,0,0,92,34,0
2015-05-12,0,0,0,0,0,0,0,0,92,210,0
2015-05-13,14,0,97,0,0,65,97,79,41,97,0
2015-05-14,455,0,97,0,26,26,25,0,32,90,0
2015-05-15,33,0,91,110,0,0,95,0,54,90,0
2015-05-16,79,0,111,0,42,120,39,58,51,101,88
2015-05-18,0,0,89,0,0,0,0,0,32,40,0
2015-05-19,0,0,0,0,0,0,0,32,63,22,0
2015-05-20,1657,0,65,15,0,67,0,0,0,89,0
2015-05-21,88,0,91,0,0,28,62,36,32,91,91
2015-05-22,53,0,127,0,0,107,0,302,98,105,45
2015-05-26,33,0,0,0,0,0,0,779,32,24,0
2015-05-27,46,0,94,0,0,94,0,92,75,50,93
2015-05-28,136,0,99,0,0,108,23,38,34,36,99
2015-05-29,29,74,0,0,0,0,100,68,104,102,0
2015-05-30,68,0,110,0,43,29,111,54,103,108,76
2015-06-01,49,0,122,74,0,122,85,65,118,61,118
2015-06-02,45,0,118,76,59,117,59,55,61,87,118
2015-06-03,44,0,110,0,0,68,58,27,58,66,89
2015-06-04,75,0,115,47,0,172,44,56,49,65,114
2015-06-05,44,0,112,0,0,86,89,53,64,90,115
2015-06-08,84,0,114,60,0,0,53,54,54,62,114
2015-06-09,84,0,113,83,0,82,110,52,53,110,122
2015-06-10,76,0,110,0,0,108,105,83,105,105,100
2015-06-11,38,0,105,42,0,105,46,46,49,49,70
2015-06-12,27,0,105,0,0,46,48,42,46,48,27
2015-06-13,40,0,98,0,50,48,49,54,90,75,84
2015-06-15,128,0,105,75,0,0,47,78,46,48,0
2015-06-16,29,0,105,0,0,0,32,46,46,104,0
2015-06-17,27,0,171,0,76,98,84,98,44,98,179
2015-06-18,40,0,98,40,0,85,85,48,42,84,98
2015-06-19,36,0,98,0,0,98,43,70,41,85,32
2015-06-22,199,0,0,0,0,0,83,935,20,83,0
2015-06-23,0,0,0,0,0,0,0,0,0,110,0
2015-06-24,0,0,214,0,0,0,0,0,21,78,0
2015-06-25,0,0,144,0,0,0,0,0,52,49,0
2015-06-26,42,0,98,101,0,0,45,0,42,52,0
2015-06-29,0,0,0,0,0,943,0,0,30,416,0
2015-06-30,0,0,0,0,0,0,0,0,54,28,0
2015-07-01,75,0,128,0,0,0,0,0,0,250,0
2015-07-02,154,0,0,0,0,0,0,0,0,54,0
2015-07-06,47,0,112,65,0,111,55,62,110,58,83
2015-07-07,41,0,111,0,0,110,61,63,80,62,111
2015-07-08,38,0,110,84,0,78,110,56,57,108,124
2015-07-09,37,0,105,64,0,0,54,50,52,59,36
2015-07-10,70,0,106,48,0,97,0,0,48,102,0
2015-07-11,47,0,89,0,36,66,56,60,98,81,40
2015-07-13,38,0,106,0,0,106,105,106,45,94,29
2015-07-14,70,0,104,0,0,0,49,75,53,99,0
2015-07-15,91,0,84,0,95,64,54,49,55,84,0
2015-07-16,76,0,107,0,0,107,52,106,58,92,120
2015-07-17,38,0,101,0,0,0,101,77,76,93,0
2015-07-20,70,0,103,53,0,103,52,54,58,62,40
2015-07-21,59,0,102,103,0,72,40,57,55,79,101
2015-07-22,39,0,102,0,46,100,83,52,52,100,0
2015-07-23,37,0,100,0,0,77,42,91,42,50,0
2015-07-24,28,0,99,0,0,50,48,100,50,98,0
2015-07-25,40,0,82,0,49,62,99,54,82,82,0
2015-07-27,38,0,101,55,0,101,45,52,52,70,104
2015-07-28,610,0,100,0,0,0,45,98,98,98,0
2015-07-29,88,0,99,0,91,97,46,80,48,74,99
2015-07-30,32,0,96,92,0,94,70,66,44,95,97
2015-07-31,30,0,94,44,0,93,81,93,45,92,20
2015-08-03,26,106,96,0,72,66,41,73,47,47,0
2015-08-04,134,0,94,0,0,95,40,95,43,94,95
2015-08-05,721,0,94,64,0,93,93,70,48,88,149
2015-08-06,15,0,110,109,0,0,95,95,38,43,100
2015-08-07,35,0,106,0,0,0,78,93,73,88,80
2015-08-08,66,0,91,0,89,45,58,40,84,98,58
2015-08-10,17,0,72,0,0,0,0,0,19,52,0
2015-08-11,97,0,0,0,0,0,0,31,179,416,0
2015-08-12,103,0,98,39,0,98,80,74,98,98,0
2015-08-13,148,0,98,0,0,99,105,99,49,60,0
2015-08-14,52,0,88,0,0,0,214,43,78,85,0
2015-08-17,42,0,102,0,38,0,77,54,53,50,42
2015-08-18,14,0,102,0,0,102,68,38,68,98,102
2015-08-19,78,0,102,0,0,105,70,84,48,77,81
2015-08-20,79,0,97,0,0,82,45,51,50,83,97
2015-08-21,36,0,95,0,0,66,46,86,95,89,0
2015-08-24,87,0,97,0,0,96,97,46,47,96,108
2015-08-25,37,0,96,0,101,206,42,51,40,54,0
2015-08-26,40,0,94,0,0,96,48,54,50,95,0
2015-08-27,66,0,93,82,0,0,93,50,81,91,94
2015-08-28,46,0,94,45,0,79,42,50,42,60,0
2015-08-31,0,0,122,0,0,0,0,0,19,52,0
2015-09-01,0,0,62,0,0,0,0,61,58,14,0
2015-09-02,38,0,66,0,0,44,96,78,45,92,0
2015-09-03,0,0,0,0,0,0,59,0,17,0,0
2015-09-04,27,0,111,0,0,0,50,0,34,46,0
2015-09-08,660,0,209,0,0,0,386,140,33,107,0
2015-09-09,43,0,96,58,0,78,56,71,95,95,95
2015-09-10,84,0,93,0,0,45,44,54,54,91,0
2015-09-11,59,1689,92,0,0,0,37,43,52,73,0
2015-09-12,58,0,141,0,51,67,69,72,94,96,0
2015-09-14,0,0,117,0,0,0,51,0,45,94,0
2015-09-15,40,0,94,0,0,94,90,91,51,92,0
2015-09-16,52,0,92,77,0,56,72,58,53,90,90
2015-09-17,39,0,86,92,0,90,57,85,49,74,0
2015-09-18,238,0,85,0,0,0,41,68,46,84,0
2015-09-21,0,0,0,0,0,0,0,0,44,33,0
2015-09-22,11,0,358,0,0,0,0,0,10,22,0
2015-09-23,0,0,0,0,0,0,0,330,0,782,0
2015-09-25,0,0,1123,0,0,0,0,0,0,0,0
2015-09-29,47,0,266,104,0,0,62,80,57,64,106
2015-09-30,46,0,93,0,0,95,92,140,62,84,91
2015-10-01,45,0,105,41,0,0,34,100,50,42,0
2015-10-02,39,0,52,0,0,0,41,88,31,79,0
2015-10-05,37,0,93,0,0,43,92,92,54,57,36
2015-10-06,478,0,90,0,0,0,76,61,61,91,91
2015-10-07,630,0,189,0,0,0,0,208,18,21,0
2015-10-08,0,0,98,0,0,122,50,46,86,86,175
2015-10-09,49,0,72,0,0,56,44,51,54,53,66
2015-10-12,51,0,96,0,55,96,50,74,52,75,0
2015-10-13,681,14,414,498,0,0,0,361,36,44,50
2015-10-14,112,0,134,132,60,86,94,92,95,96,0
2015-10-15,76,50,94,73,0,97,93,95,58,75,93
2015-10-16,142,0,205,0,0,0,635,82,81,95,0
2015-10-17,62,0,114,98,89,58,79,59,95,86,52
2015-10-19,98,0,40,0,0,40,0,34,14,40,0
2015-10-20,115,0,0,72,0,0,0,39,156,396,0
2015-10-21,548,0,93,0,0,64,57,61,51,93,57
2015-10-22,36,0,90,0,0,90,48,47,60,74,90
2015-10-23,321,0,75,319,0,0,34,86,49,64,0
2015-10-26,239,0,86,52,0,0,86,71,46,51,0
2015-10-27,92,0,87,0,0,117,87,40,82,87,102
2015-10-28,42,0,83,0,0,83,83,62,55,68,79
2015-10-29,41,0,118,155,0,118,66,67,54,69,0
2015-10-30,42,0,76,80,0,76,58,66,45,53,76
2015-10-31,53,46,120,0,69,70,62,70,98,70,53
2015-11-02,104,0,109,44,0,97,94,96,68,75,0
2015-11-03,110,0,77,72,0,57,75,58,53,75,74
2015-11-04,0,0,60,47,0,59,68,0,30,66,75
2015-11-05,0,0,0,0,0,0,0,1137,0,0,0
2015-11-06,852,0,0,0,0,0,0,0,0,747,0
2015-11-09,90,0,79,0,0,96,84,60,56,78,115
2015-11-10,128,0,77,0,117,0,77,78,80,81,0
2015-11-12,66,0,110,0,0,98,70,74,70,80,74
2015-11-13,65,0,107,44,0,77,48,58,59,76,107
2015-11-16,51,47,82,35,0,58,150,60,55,72,82
2015-11-17,47,0,71,0,0,62,68,66,36,71,71
2015-11-18,46,0,69,48,0,60,67,61,51,61,67
2015-11-19,57,0,58,0,0,62,57,56,49,57,139
2015-11-20,146,0,139,0,104,0,116,106,100,107,702
2015-11-21,56,0,74,102,84,68,42,53,101,92,64
2015-11-23,714,0,392,0,0,0,0,256,8,489,0
2015-11-24,0,0,0,0,0,0,0,0,17,114,0
2015-11-25,47,0,55,0,0,61,55,56,57,52,56
2015-11-27,0,0,0,0,0,0,0,584,605,520,0
2015-11-30,81,0,58,0,0,66,55,56,71,56,55
2015-12-01,108,0,52,0,0,446,50,54,54,54,54
2015-12-02,119,0,136,104,124,173,102,97,119,108,154
2015-12-03,110,0,50,0,0,0,56,60,52,53,51
2015-12-04,48,64,47,0,0,50,49,48,52,50,48
2015-12-07,16,0,0,0,0,0,0,19,27,44,0
2015-12-08,0,0,22,0,0,0,0,830,0,0,0
2015-12-09,77,0,48,0,60,58,49,60,52,50,49
2015-12-10,124,0,44,0,0,59,44,58,59,61,45
2015-12-11,100,0,28,0,0,0,818,0,400,70,0
2015-12-14,106,0,46,38,108,0,48,46,53,47,47
2015-12-15,46,0,46,40,114,46,36,45,51,46,33
2015-12-16,80,0,40,43,0,0,46,44,50,46,44
2015-12-17,41,0,34,0,0,413,43,44,48,57,35
2015-12-18,70,0,90,0,0,48,39,49,43,42,35
2015-12-19,55,0,53,46,56,71,50,70,65,86,48
2015-12-21,0,0,169,0,0,0,0,475,81,0,0
2015-12-22,0,0,962,0,0,0,159,0,0,0,0
2015-12-23,39,0,78,0,0,31,40,72,46,47,0
2015-12-24,33,0,41,0,0,0,36,37,37,39,0
2015-12-28,0,0,0,0,0,0,130,8,10,521,0
2015-12-29,0,0,0,0,0,0,0,0,0,17,0
2015-12-30,36,0,44,0,41,43,41,42,44,44,42
2015-12-31,0,0,0,0,0,0,0,275,0,832,0
2016-01-04,0,0,829,0,0,0,0,16,100,210,0
2016-01-05,0,0,0,0,0,0,0,0,122,77,0
2016-01-06,0,0,30,0,0,30,30,38,36,41,0
2016-01-07,0,0,878,0,0,0,132,355,0,0,0
2016-01-08,90,0,40,0,0,0,53,0,10,68,0
2016-01-11,0,0,0,0,0,0,0,0,11,9,0
2016-01-12,84,0,0,0,0,0,0,0,0,136,0
2016-01-13,0,0,34,0,38,0,33,46,41,42,33
2016-01-14,2,0,35,0,0,38,35,36,39,40,0
2016-01-15,37,0,0,0,0,0,234,143,44,48,28
2016-01-16,0,0,336,0,0,0,0,0,0,0,0
2016-01-19,62,53,57,48,0,34,63,67,61,68,70
2016-01-20,41,0,55,0,0,53,61,56,46,56,51
2016-01-21,83,0,50,68,0,52,51,54,51,51,96
2016-01-22,125,0,56,74,0,48,59,60,59,63,48
2016-01-25,75,0,38,54,0,47,93,48,40,48,0
2016-01-26,43,0,37,0,0,0,36,38,38,45,36
2016-01-27,66,0,36,0,39,35,46,34,41,40,36
2016-01-28,43,0,46,32,0,33,46,40,31,34,0
2016-01-29,84,0,32,0,0,0,32,23,37,36,0
2016-02-01,508,0,34,0,0,17,68,41,34,92,0
2016-02-02,86,0,34,0,0,0,43,89,33,74,32
2016-02-03,2006,0,34,0,0,33,53,34,34,34,0
2016-02-04,37,0,100,90,0,0,74,34,36,50,0
2016-02-05,92,0,36,0,0,33,48,24,52,65,25
2016-02-06,76,0,78,0,75,87,90,86,96,88,0
2016-02-08,0,0,0,0,0,0,157,0,25,1298,0
2016-02-09,0,0,0,0,0,0,0,0,4,4,0
2016-02-10,0,0,182,0,0,28,0,144,38,34,0
2016-02-11,36,0,36,0,0,32,53,37,34,36,33
2016-02-12,26,0,0,45,0,0,108,248,14,36,0
2016-02-16,43,0,0,54,0,0,0,54,1000,62,42
2016-02-17,0,0,122,0,0,40,40,39,32,41,71
2016-02-18,66,0,82,38,95,0,40,67,38,64,59
2016-02-19,36,0,0,0,0,48,42,27,35,40,0
2016-02-20,74,0,90,0,74,100,67,77,85,107,64
2016-02-22,37,2040,630,37,0,0,28,43,130,145,0
2016-02-23,147,0,40,36,0,0,0,43,12,40,82
2016-02-24,36,0,47,0,0,18,40,40,40,40,40
2016-02-25,37,1335,0,0,0,0,34,113,29,137,0
2016-02-26,36,0,40,0,0,387,389,286,389,40,0
2016-02-29,101,0,42,0,94,0,42,32,40,40,0
2016-03-01,47,0,42,0,0,0,0,25,42,101,41
2016-03-02,101,0,42,0,0,0,42,67,42,42,0
2016-03-03,36,0,42,33,0,0,42,33,33,33,35
2016-03-04,88,0,43,386,0,43,43,42,43,42,0
2016-03-05,67,0,67,0,168,72,144,84,99,88,84
2016-03-07,247,0,63,0,0,0,80,33,34,77,0
2016-03-08,37,0,1265,48,0,34,25,22,32,31,0
2016-03-09,36,0,44,0,0,0,0,82,29,46,68
2016-03-10,1128,0,44,53,19,44,44,33,30,40,33
2016-03-11,53,0,44,0,0,50,44,32,24,52,0
2016-03-14,656,0,43,0,0,0,0,0,0,2686,0
2016-03-15,168,0,0,0,0,0,0,0,142,324,0
2016-03-16,38,0,46,53,0,40,46,40,26,36,0
2016-03-17,72,0,48,0,0,0,49,82,49,208,0
2016-03-18,179,0,583,0,0,0,728,151,311,368,0
2016-03-19,62,0,70,0,0,72,190,105,126,127,57
2016-03-21,96,0,798,0,0,0,925,880,223,123,0
2016-03-22,0,0,0,0,0,0,0,0,4,15,0
2016-03-23,90,0,183,0,0,32,44,33,40,40,0
2016-03-24,15,0,55,0,0,0,55,55,55,55,0
2016-03-28,0,0,0,0,0,0,0,1340,0,47,0
2016-03-29,1135,0,0,0,0,0,0,0,20,56,0
2016-03-30,40,0,52,0,0,44,52,52,39,147,62
2016-03-31,35,105,59,0,86,84,59,67,28,59,59
2016-04-01,121,0,60,0,0,0,0,34,62,61,0
2016-04-04,133,0,0,0,0,0,0,0,0,0,0
2016-04-05,0,0,634,0,0,0,375,0,0,801,0
2016-04-06,40,0,60,61,0,46,42,56,31,56,46
2016-04-07,0,0,0,0,0,0,0,0,0,141,0
2016-04-08,36,0,0,0,0,0,0,102,65,60,0
2016-04-09,63,0,51,0,63,0,82,66,70,120,0
2016-04-11,150,0,82,84,0,68,68,37,55,68,157
2016-04-12,104,0,69,45,0,68,142,84,52,68,0
2016-04-13,37,0,69,89,0,61,67,61,53,61,15
2016-04-14,36,639,38,87,0,65,68,38,43,64,39
2016-04-15,1039,0,32,53,0,46,78,66,35,66,61
2016-04-18,0,0,32,0,0,0,0,15,0,0,0
2016-04-19,2195,0,0,0,0,0,0,0,0,143,0
2016-04-20,672,0,64,0,0,64,330,53,35,64,52
2016-04-21,125,0,42,0,0,51,42,100,54,64,69
2016-04-22,31,0,1000,0,0,0,27,42,62,43,0
2016-04-23,56,0,52,35,48,62,60,62,58,92,92
2016-04-25,38,0,46,55,45,62,513,46,52,83,46
2016-04-26,105,0,50,0,0,57,46,183,36,46,0
2016-04-27,68,0,78,0,0,45,40,56,45,49,45
2016-04-28,28,0,68,76,0,44,67,38,42,46,68
2016-04-29,28,0,64,87,41,53,40,51,44,45,0
2016-05-02,36,38,47,0,0,0,43,36,44,43,0
2016-05-03,150,0,69,0,0,47,68,111,37,66,48
2016-05-04,99,0,83,0,53,83,82,49,43,83,84
2016-05-05,48,0,58,112,0,0,48,42,44,45,50
2016-05-06,30,0,70,0,0,71,38,41,49,68,49
2016-05-07,46,0,59,0,46,79,55,56,48,68,156
2016-05-09,62,0,0,0,0,0,263,0,498,289,0
2016-05-10,109,0,0,0,0,0,0,0,0,0,0
2016-05-11,92,0,108,73,0,73,62,0,51,198,53
2016-05-12,0,0,0,0,0,0,1938,0,0,0,0
2016-05-16,37,0,77,66,0,77,754,42,74,76,0
2016-05-17,64,0,77,0,0,77,517,91,52,49,66
2016-05-18,87,0,58,1944,0,81,52,43,52,66,0
2016-05-19,86,0,77,50,0,0,51,50,40,57,0
2016-05-20,90,0,76,0,0,78,52,54,48,73,56
2016-05-21,43,0,62,0,57,177,36,70,42,76,44
2016-05-23,88,0,56,39,0,45,37,48,44,54,78
2016-05-24,38,0,82,0,0,0,104,35,43,45,0
2016-05-25,83,0,56,0,0,40,48,53,54,68,59
2016-05-26,44,0,53,0,44,54,53,78,44,45,29
2016-05-27,33,0,0,0,0,0,58,220,156,164,23
2016-05-31,1074,0,0,0,0,0,1134,0,0,350,0
2016-06-01,28,0,58,0,0,0,47,35,37,47,49
2016-06-02,0,0,881,0,0,0,0,0,24,95,1331
2016-06-03,34,0,0,0,0,0,0,60,14,44,0
2016-06-06,35,0,35,0,0,48,49,21,45,58,47
2016-06-07,55,0,208,75,73,0,41,826,40,44,18
2016-06-08,1235,0,62,0,0,76,46,46,46,58,62
2016-06-09,78,0,62,0,0,88,54,54,48,50,68
2016-06-10,62,0,62,0,0,0,44,36,91,62,0
2016-06-11,48,0,56,63,56,70,78,59,50,70,141
2016-06-13,120,0,90,0,0,0,49,46,54,52,62
2016-06-14,82,0,87,0,0,96,65,1505,48,65,51
2016-06-15,49,0,75,47,0,0,48,34,46,53,0
2016-06-16,37,0,63,0,0,109,45,35,40,45,61
2016-06-17,28,0,42,167,0,0,41,27,38,61,0
2016-06-20,1902,0,44,75,0,0,27,33,37,63,43
2016-06-21,42,0,44,42,0,63,40,60,44,49,63
2016-06-22,57,0,63,0,0,124,63,40,34,40,137
2016-06-23,76,0,42,0,0,42,41,38,36,41,0
2016-06-24,30,27,0,24,0,0,118,0,36,32,0
2016-06-25,79,0,73,0,62,71,63,64,54,68,31
2016-06-27,0,0,0,0,0,0,0,0,0,30,0
2016-06-28,15,0,0,0,0,0,0,174,0,1549,0
2016-06-29,39,0,128,0,0,0,46,46,372,273,46
2016-06-30,36,0,66,51,0,66,47,144,66,47,52
2016-07-01,35,0,0,0,0,54,0,53,15,44,0
2016-07-05,38,0,70,0,0,60,51,39,52,60,58
2016-07-06,54,0,52,0,0,47,40,51,35,47,52
2016-07-07,57,0,51,33,0,70,51,94,41,52,53
2016-07-08,134,0,50,0,0,70,51,60,36,50,69
2016-07-09,48,0,60,0,49,49,78,60,63,62,46
2016-07-11,16,0,0,0,0,0,0,29,14,26,0
2016-07-12,146,0,0,0,90,0,0,136,0,110,0
2016-07-13,38,0,74,0,0,74,38,47,64,67,74
2016-07-14,76,0,74,0,0,74,0,51,74,164,342
2016-07-15,52,0,0,0,0,0,0,0,0,39,0
2016-07-18,0,0,0,0,0,0,0,0,0,12,0
2016-07-20,122,0,114,0,0,0,53,55,56,53,0
2016-07-21,40,0,80,0,0,0,47,80,54,51,0
2016-07-22,27,0,280,0,0,0,38,0,0,58,0
2016-07-23,46,0,40,0,49,63,58,62,56,67,0
2016-07-25,89,0,83,0,0,73,64,78,99,74,0
2016-07-26,1013,0,83,78,0,83,58,58,50,83,0
2016-07-27,13,0,64,66,0,54,60,63,39,52,0
2016-07-28,38,0,64,0,0,62,48,46,42,51,0
2016-07-29,37,0,63,1084,112,61,63,48,52,56,0
2016-08-01,36,0,62,0,0,0,0,50,39,38,0
2016-08-02,348,0,62,1158,0,50,363,1699,50,62,116
2016-08-03,76,0,61,0,46,62,53,69,42,60,61
2016-08-08,0,0,0,0,0,0,46,0,0,46,46
2016-08-09,1569,0,899,0,0,0,0,0,0,360,50
2016-08-10,39,0,61,601,0,100,130,45,78,102,0
2016-08-11,36,0,61,61,0,0,60,0,41,61,0
2016-08-12,28,0,0,0,0,0,0,1,0,61,0
2016-08-13,51,0,72,0,56,0,78,57,61,76,0
2016-08-15,62,0,42,0,0,0,73,1278,484,431,0
2016-08-16,0,0,0,0,0,0,0,0,1356,908,0
2016-08-17,76,0,141,0,0,0,0,0,0,52,0
2016-08-18,37,0,66,0,0,54,48,46,54,48,0
2016-08-19,43,0,643,0,0,0,0,631,617,72,0
2016-08-22,0,0,0,0,0,0,66,0,0,1249,0
2016-08-23,0,0,0,0,0,0,69,206,21,0,0
2016-08-24,38,0,71,0,0,0,71,52,62,71,114
2016-08-25,72,0,70,0,0,70,70,113,60,70,70
2016-08-26,24,0,0,0,0,0,87,0,0,212,44
2016-08-27,56,0,69,0,88,106,72,86,71,98,83
2016-08-29,70,76,74,121,0,0,66,73,74,72,74
2016-08-30,66,0,62,0,73,74,65,75,59,62,0
2016-08-31,39,0,84,86,0,84,71,126,64,78,71
2016-09-01,34,0,70,0,0,71,70,70,52,69,137
2016-09-02,76,76,45,0,0,0,87,70,208,66,0
2016-09-06,88,0,73,72,0,0,50,74,75,73,60
2016-09-07,90,0,82,0,0,0,54,72,62,78,102
2016-09-08,49,0,70,86,0,86,70,102,35,70,48
2016-09-09,38,0,45,46,0,0,66,97,66,60,71
2016-09-12,89,0,47,76,0,72,94,76,86,90,72
2016-09-13,116,0,59,0,0,72,48,48,59,47,72
2016-09-14,57,0,72,0,0,46,32,72,30,49,60
2016-09-15,84,0,71,82,0,0,56,72,39,63,70
2016-09-16,25,0,70,0,0,45,42,83,31,70,70
2016-09-19,50,0,71,0,0,72,31,0,34,31,47
2016-09-20,100,0,69,0,0,44,44,46,61,45,46
2016-09-21,0,0,60,79,0,73,56,50,38,68,69
2016-09-22,100,0,54,0,75,68,33,21,31,36,68
2016-09-23,29,0,48,0,0,42,34,42,30,43,35
2016-09-24,86,0,62,97,53,84,85,96,53,88,0
2016-09-26,15,0,69,0,0,2012,39,854,0,40,0
2016-09-27,37,0,0,0,0,0,0,1160,841,0,55
2016-09-28,208,0,58,0,0,0,42,30,0,46,55
2016-09-29,49,0,46,0,0,137,46,0,356,55,0
2016-09-30,45,0,47,80,0,35,38,0,143,55,55
2016-10-04,0,0,0,0,0,0,0,0,0,1061,0
2016-10-05,40,0,89,0,0,0,42,0,41,47,0
2016-10-06,718,0,272,0,0,0,0,0,0,3055,0
2016-10-07,30,0,41,0,0,42,44,718,429,61,0
2016-10-11,56,0,88,56,0,0,46,56,47,51,60
2016-10-12,40,0,56,66,38,0,46,80,45,53,56
2016-10-13,43,0,54,0,0,55,43,40,40,44,54
2016-10-14,53,0,65,0,0,0,51,78,111,54,52
2016-10-17,36,0,155,0,0,0,37,26,32,39,0
2016-10-18,0,0,54,0,0,0,33,74,32,56,192
2016-10-19,36,0,52,30,0,67,44,52,29,40,62
2016-10-20,906,0,51,0,0,57,46,44,53,33,0
2016-10-21,27,0,50,0,0,50,24,42,35,42,0
2016-10-24,486,0,52,0,0,0,52,35,41,50,60
2016-10-25,173,0,52,674,0,52,0,52,33,52,0
2016-10-26,1874,0,106,0,0,0,0,0,1183,34,87
2016-10-27,181,0,52,0,0,0,0,35,25,46,0
2016-10-28,47,0,52,51,0,0,44,0,0,55,0
2016-10-29,57,0,92,145,49,0,61,73,58,120,0
2016-10-31,31,0,54,0,0,54,44,0,34,39,53
2016-11-01,48,0,81,135,0,0,36,0,0,86,0
2016-11-02,89,0,54,60,0,0,35,39,35,54,0
2016-11-07,74,0,0,78,0,0,0,0,0,62,26
2016-11-08,63,0,59,0,0,0,60,41,32,36,59
2016-11-09,50,0,58,60,0,0,59,25,28,58,63
2016-11-10,32,0,58,0,0,27,34,39,25,58,38
2016-11-14,0,35,124,0,0,0,61,26,49,50,0
2016-11-15,124,0,106,0,0,0,110,48,28,62,27
2016-11-16,36,9,162,0,0,0,410,1840,682,107,0
2016-11-17,36,0,262,0,0,62,41,0,22,42,0
2016-11-18,34,0,66,0,0,0,37,856,0,66,804
2016-11-19,57,0,82,0,62,83,49,58,75,78,68
2016-11-21,0,0,65,0,0,0,24,184,30,37,0
2016-11-22,26,0,63,0,95,63,31,32,33,54,63
2016-11-23,48,0,0,0,0,0,87,0,38,38,20
2016-11-25,0,0,0,0,0,0,0,0,0,3068,0
2016-11-28,0,0,0,0,0,0,0,0,0,44,0
2016-11-29,104,0,1219,2086,0,0,248,0,0,121,0
2016-11-30,4,0,70,0,0,0,42,0,70,69,0
2016-12-02,41,0,0,32,0,0,0,0,0,76,0
2016-12-05,58,0,77,0,0,0,37,0,1586,62,0
2016-12-06,48,896,78,0,582,0,72,84,43,1216,80
2016-12-07,41,0,73,0,0,151,40,72,34,42,124
2016-12-08,36,0,75,0,0,70,47,254,525,73,795
2016-12-09,34,0,78,0,0,0,56,75,62,77,50
2016-12-12,38,0,80,0,0,80,29,0,49,0,0
2016-12-13,75,0,80,0,0,99,46,316,56,74,74
2016-12-14,32,0,80,0,0,286,40,90,42,42,32
2016-12-15,61,0,76,0,0,76,37,76,61,36,114
2016-12-16,54,0,1508,40,0,0,333,748,0,87,99
2016-12-17,60,0,440,99,91,0,94,102,62,77,58
2016-12-19,15,0,0,0,16,0,0,16,16,0,16
2016-12-20,0,0,0,0,0,0,218,0,0,1846,184
2016-12-21,0,0,78,0,0,0,39,1814,1110,40,0
2016-12-22,2309,0,78,0,0,0,48,132,34,78,0
2016-12-23,54,63,1385,78,0,0,95,0,1472,82,0
2016-12-27,14,0,0,0,0,0,0,0,100,73,0
2016-12-28,81,0,83,0,0,0,62,82,35,83,87
2016-12-29,176,0,0,0,0,0,0,0,0,1815,0
2016-12-30,29,0,85,0,0,0,124,0,0,43,0
2017-01-03,96,0,130,48,0,192,88,32,560,151,47
2017-01-04,2177,0,87,78,0,0,47,0,140,84,97
2017-01-05,73,0,88,0,0,88,45,822,36,87,90
2017-01-06,156,0,87,0,0,0,46,46,46,66,87
2017-01-09,38,0,62,0,68,0,47,60,89,120,61
2017-01-10,35,0,58,37,45,0,41,1523,76,46,0
2017-01-11,15,0,82,0,193,0,43,76,68,79,82
2017-01-12,14,0,61,0,0,0,89,32,40,89,89
2017-01-13,40,0,104,72,0,74,74,79,38,65,28
2017-01-17,36,0,91,95,0,85,91,60,6,92,63
2017-01-18,46,0,87,0,0,91,52,860,33,70,63
2017-01-19,15,0,77,0,0,63,48,0,28,49,95
2017-01-20,59,0,87,0,0,92,107,150,210,314,90
2017-01-21,74,0,112,56,70,83,83,127,119,76,68
2017-01-24,0,0,0,0,0,0,0,0,0,2139,0
2017-01-25,40,0,95,0,0,0,95,0,2,89,0
2017-01-26,0,0,55,0,0,0,14,0,0,0,0
2017-01-27,0,0,0,64,0,0,0,0,30,94,0
2017-01-30,86,0,0,0,0,0,0,0,0,0,0
2017-01-31,98,0,78,0,0,0,0,0,0,57,0
2017-02-01,40,0,100,92,0,0,100,99,43,72,0
2017-02-02,318,0,452,0,0,0,0,1455,121,596,349
2017-02-03,26,0,245,0,0,0,0,220,65,67,0
2017-02-06,40,0,75,80,0,0,75,103,52,92,875
2017-02-07,165,0,103,0,0,52,92,791,0,103,103
2017-02-08,33,0,75,70,0,0,76,75,42,73,103
2017-02-10,25,0,76,96,0,80,41,36,0,86,0
2017-02-15,62,0,107,0,0,0,106,78,599,107,74
2017-02-16,0,0,0,937,0,0,0,1500,0,1212,0
2017-02-17,74,0,365,0,0,0,14,0,954,0,0
2017-02-21,87,0,112,65,0,58,50,0,40,82,0
2017-02-22,101,0,74,0,0,71,54,71,0,82,78
2017-02-23,37,0,84,0,0,82,86,114,56,82,105
2017-02-24,86,0,82,67,0,0,62,62,57,56,0
2017-02-25,82,82,102,111,86,0,92,97,95,106,72
2017-02-27,15,0,84,0,0,0,82,92,1133,83,0
2017-02-28,0,0,82,0,0,82,44,41,0,57,0
2017-03-01,43,0,84,0,0,0,46,42,56,78,0
2017-03-02,15,0,124,0,0,0,124,92,0,67,0
2017-03-03,464,0,79,0,0,0,41,78,64,356,83
2017-03-06,14,0,0,0,0,0,0,0,0,266,0
2017-03-07,0,0,0,0,0,0,0,0,0,303,0
2017-03-08,1458,0,238,108,0,0,39,74,35,44,84
2017-03-09,0,0,0,0,0,69,0,0,0,1206,0
2017-03-10,66,0,111,0,0,0,28,0,0,78,0
2017-03-13,0,0,0,0,0,0,0,0,0,4,0
2017-03-15,40,0,153,0,0,0,56,1491,91,54,299
2017-03-16,136,0,76,130,0,75,36,21,34,75,0
2017-03-17,29,0,71,0,0,0,0,0,0,22,0
2017-03-20,49,0,91,731,0,0,296,71,55,58,27
2017-03-21,48,0,95,0,0,0,53,65,90,56,0
2017-03-22,53,0,90,0,0,107,89,75,36,69,90
2017-03-23,66,0,86,0,0,1262,49,68,44,87,359
2017-03-24,62,0,88,0,0,0,88,0,43,49,0
2017-03-25,82,0,116,281,0,105,143,72,126,98,137
2017-03-27,58,0,90,0,35,0,44,90,0,42,0
2017-03-28,129,0,81,0,0,33,40,81,32,40,0
2017-03-29,39,0,118,0,0,0,35,70,764,84,631
2017-03-30,99,0,29,50,0,29,34,67,12,38,28
2017-03-31,36,68,80,0,26,0,58,0,33,37,31
2017-04-03,1169,0,30,28,0,30,25,82,36,53,82
2017-04-04,872,0,82,180,0,0,743,0,82,156,82
2017-04-05,128,45,82,0,31,29,36,0,28,112,0
2017-04-06,1526,0,80,0,0,0,30,29,28,64,29
2017-04-07,30,0,54,0,0,0,37,0,34,29,0
2017-04-10,583,0,0,0,0,0,0,0,0,1284,0
2017-04-11,706,0,0,0,0,0,0,1183,0,1472,0
2017-04-12,0,0,83,0,0,84,38,22,32,83,58
2017-04-13,0,0,280,0,0,0,342,0,2,0,0
2017-04-17,44,0,36,0,0,0,41,39,24,41,43
2017-04-18,39,0,88,0,0,0,141,366,883,46,50
2017-04-19,343,0,88,0,0,37,30,0,29,37,0
2017-04-20,103,0,87,0,68,0,40,36,29,89,0
2017-04-21,36,0,89,0,0,0,54,37,62,48,66
2017-04-22,81,0,85,120,70,69,104,73,960,99,73
2017-04-24,100,0,42,0,0,0,23,38,29,38,89
2017-04-25,140,109,87,0,35,35,29,0,24,60,0
2017-04-26,66,0,66,0,0,0,37,31,22,46,0
2017-04-27,92,0,86,0,0,39,34,31,86,34,0
2017-04-28,31,0,86,0,0,64,76,0,0,34,69
2017-05-01,0,0,201,0,0,0,0,0,0,179,0
2017-05-02,36,0,63,0,0,0,37,0,89,37,37
2017-05-03,35,0,0,0,0,0,39,55,0,44,0
2017-05-04,388,0,0,0,0,0,0,0,0,0,0
2017-05-05,0,0,0,0,0,0,126,0,9,0,0
2017-05-08,876,0,0,0,0,86,87,22,1743,872,0
2017-05-09,0,0,0,0,0,0,0,0,0,4826,0
2017-05-10,139,0,163,0,0,0,35,0,0,3337,0
2017-05-11,0,0,0,0,0,0,0,87,0,0,3
2017-05-12,36,0,0,0,0,0,62,0,0,98,53
2017-05-15,41,0,101,0,0,0,44,0,0,47,69
2017-05-16,37,0,100,0,0,0,35,58,38,126,0
2017-05-17,105,0,52,0,0,71,33,95,550,52,94
2017-05-18,74,0,49,0,0,0,43,40,38,63,143
2017-05-19,42,0,94,57,0,49,38,79,37,48,94
2017-05-20,83,73,75,101,75,239,98,79,92,98,80
2017-05-22,0,0,0,0,0,39,0,0,0,31,0
2017-05-23,2647,0,0,0,0,0,609,0,1521,1212,0
2017-05-24,282,0,69,0,0,0,1821,0,0,0,0
2017-05-25,0,0,0,0,0,0,38,48,32,40,0
2017-05-26,93,0,103,0,0,50,41,0,0,79,0
2017-05-30,1055,0,0,0,0,0,19,0,0,0,0
2017-05-31,0,0,42,0,0,0,42,0,38,42,51
2017-06-01,268,0,1053,0,0,0,0,413,0,378,0
2017-06-02,29,0,103,0,0,0,0,105,30,56,0
2017-06-05,108,0,121,0,0,1391,121,2393,69,63,0
2017-06-06,194,0,532,1809,53,0,59,1077,60,59,118
2017-06-07,53,44,116,64,0,0,60,116,111,110,162
2017-06-08,43,0,54,419,0,89,62,78,48,55,45
2017-06-09,45,0,41,117,0,0,45,1914,74,54,45
2017-06-10,68,0,144,165,67,0,91,91,0,89,81
2017-06-12,24,0,64,25,0,0,39,48,38,43,0
2017-06-13,42,0,65,56,0,0,53,48,53,55,94
2017-06-14,43,0,64,0,0,0,39,117,56,48,107
2017-06-15,158,0,56,0,0,85,50,51,59,60,110
2017-06-16,39,0,50,0,0,0,34,111,45,52,24
2017-06-19,592,0,93,0,0,0,42,41,38,51,0
2017-06-20,221,0,582,0,0,0,0,0,0,1382,0
2017-06-21,0,0,105,0,0,0,0,0,0,257,0
2017-06-22,944,0,43,0,0,0,38,1674,0,44,51
2017-06-23,31,0,61,0,0,70,42,0,0,70,0
2017-06-24,66,0,86,185,71,0,86,74,84,83,107
2017-06-26,109,0,48,46,0,0,38,161,48,40,0
2017-06-27,50,0,48,0,0,0,32,48,29,570,72
2017-06-28,45,0,37,0,0,44,48,326,37,48,39
2017-06-29,43,0,57,31,0,0,40,100,22,44,104
2017-06-30,38,0,55,0,0,0,52,0,55,51,0
2017-07-03,4,0,45,0,31,114,37,18,51,37,30
2017-07-05,0,0,37,0,0,0,40,0,33,35,0
2017-07-06,153,0,55,51,0,57,47,55,55,48,47
2017-07-07,28,0,39,0,0,0,36,0,30,37,0
2017-07-10,1759,0,832,0,0,0,0,0,0,93,0
2017-07-12,0,0,0,0,0,0,0,470,0,0,0
2017-07-13,960,0,0,0,0,0,0,0,0,0,0
2017-07-14,96,0,31,0,0,0,48,136,42,41,44
2017-07-15,63,0,174,0,78,259,73,67,71,101,90
2017-07-17,0,0,56,0,0,48,37,0,39,44,0
2017-07-18,79,0,38,0,0,0,38,49,39,42,0
2017-07-19,315,0,125,0,0,0,0,0,0,782,0
2017-07-20,0,0,37,0,0,0,40,1228,34,38,0
2017-07-21,108,0,681,0,0,0,48,63,0,49,0
2017-07-24,0,0,35,0,0,0,44,2306,0,0,0
2017-07-25,130,0,45,61,102,0,44,43,0,47,150
2017-07-26,208,0,0,0,0,102,0,1122,0,42,0
2017-07-27,14,0,14,0,0,0,0,0,0,7,0
2017-07-28,28,0,0,0,0,0,46,0,58,48,0
2017-07-31,41,0,0,0,0,0,0,0,1551,79,0
2017-08-01,0,0,41,0,0,0,38,147,23,34,0
2017-08-02,0,0,0,0,0,0,812,0,0,3767,0
2017-08-03,1033,0,44,0,0,0,37,42,24,44,0
2017-08-04,28,0,42,0,0,0,41,45,0,34,0
2017-08-07,692,0,0,0,0,0,0,0,0,28,0
2017-08-08,120,0,0,0,0,0,0,0,0,24,0
2017-08-09,0,0,306,0,0,150,0,1826,0,292,0
2017-08-10,0,0,56,0,0,57,48,114,52,55,109
2017-08-11,68,0,49,0,112,55,41,89,28,48,83
2017-08-12,64,0,72,0,71,92,69,89,0,94,87
2017-08-14,15,0,0,0,0,0,0,0,0,2016,0
2017-08-15,80,0,0,0,0,0,0,0,0,63,0
2017-08-16,202,254,0,0,0,0,0,0,0,106,0
2017-08-17,1,0,45,0,0,0,47,0,37,49,0
2017-08-18,127,0,76,2411,0,0,55,317,0,80,0
2017-08-21,0,0,424,0,0,0,37,36,58,40,58
2017-08-22,0,0,47,0,0,49,27,0,43,49,0
2017-08-23,126,0,783,0,0,0,0,46,0,0,0
2017-08-24,86,0,58,0,0,0,29,86,28,25,0
2017-08-25,29,0,0,0,0,0,76,68,712,78,2462
2017-08-28,1224,0,46,0,0,0,0,504,0,1349,0
2017-08-29,848,0,48,0,0,0,44,34,26,48,0
2017-08-30,71,0,0,0,0,0,0,1549,0,137,0
2017-09-01,85,0,65,0,0,65,57,0,44,85,0
2017-09-05,73,0,68,0,0,0,59,754,42,68,88
2017-09-06,117,0,0,0,0,0,0,0,245,0,0
2017-09-07,72,0,55,58,83,0,53,56,56,57,53
2017-09-08,57,0,70,0,0,0,58,54,61,61,0
2017-09-09,74,76,73,0,123,75,69,100,0,89,124
2017-09-11,0,0,52,0,0,0,0,165,0,0,0
2017-09-12,64,0,0,86,0,0,73,0,0,87,85
2017-09-13,96,0,189,0,0,0,90,0,0,1636,0
2017-09-14,0,0,56,0,0,0,35,122,25,33,54
2017-09-15,34,0,668,0,0,0,0,0,0,130,0
2017-09-19,15,0,0,0,0,0,0,1735,0,88,0
2017-09-20,14,0,58,0,0,0,130,42,20,74,0
2017-09-21,713,0,57,0,0,0,57,38,17,101,124
2017-09-22,67,0,82,0,0,0,42,68,1926,83,59
2017-09-23,58,0,82,0,49,120,60,135,150,78,102
2017-09-25,0,0,0,0,0,0,0,0,0,34,0
2017-09-26,112,0,86,116,0,0,72,59,75,80,180
2017-09-27,0,0,0,0,0,0,0,0,0,1242,0
2017-09-28,54,0,62,82,54,0,70,96,70,71,84
2017-09-29,64,0,57,0,0,0,69,53,14,72,106
2017-10-02,461,0,0,0,0,0,0,0,0,130,0
2017-10-03,121,0,88,0,0,0,73,1094,100,67,188
2017-10-04,0,0,74,0,0,0,61,0,46,76,0
2017-10-05,61,0,84,40,0,0,81,0,53,97,75
2017-10-06,48,0,81,0,0,0,64,82,53,69,0
2017-10-10,51,0,83,49,0,0,60,82,56,70,38
2017-10-11,787,0,65,0,0,65,61,0,48,36,0
2017-10-12,94,0,77,0,0,0,57,108,0,85,108
2017-10-13,40,0,109,0,0,0,175,155,49,72,0
2017-10-16,17,0,0,0,0,0,0,0,0,0,0
2017-10-17,0,0,0,0,0,0,0,0,0,8,0
2017-10-18,147,0,135,0,46,0,68,0,26,68,0
2017-10-19,612,0,0,692,0,0,0,0,0,0,0
2017-10-20,42,0,83,0,0,0,83,56,51,76,0
2017-10-23,0,0,0,0,0,0,0,0,0,65,0
2017-10-24,95,42,85,0,0,0,53,86,49,84,129
2017-10-25,448,0,70,0,0,0,69,70,28,69,0
2017-10-26,76,0,82,228,0,0,71,81,48,85,0
2017-10-27,34,0,78,0,0,79,78,80,0,76,79
2017-10-28,64,0,85,107,56,0,63,71,80,86,0
2017-10-31,35,33,76,0,0,0,78,39,1098,78,75
2017-11-01,0,0,430,0,0,0,0,0,0,149,0
2017-11-03,0,0,0,0,0,0,1914,0,0,0,0
2017-11-06,72,0,0,0,0,0,0,13,0,1258,0
2017-11-07,35,0,80,0,0,0,46,79,35,80,85
2017-11-08,0,0,0,0,0,0,0,1996,0,221,0
2017-11-09,0,0,79,84,0,0,42,76,34,56,76
2017-11-13,0,0,1058,0,0,0,0,0,0,0,61
2017-11-14,38,0,81,0,0,80,116,124,31,81,0
2017-11-15,0,0,470,0,0,0,0,665,0,978,0
2017-11-16,36,0,79,82,0,0,35,56,28,80,0
2017-11-17,59,0,78,0,0,0,21,77,71,77,0
2017-11-18,85,0,52,156,83,0,59,62,106,78,0
2017-11-20,342,0,0,0,0,0,0,0,0,577,0
2017-11-21,39,0,79,54,24,0,84,128,626,79,64
2017-11-22,448,0,1534,0,0,0,0,0,0,95,0
2017-11-24,0,0,0,0,0,0,0,0,514,0,0
2017-11-27,0,0,0,0,73,0,0,0,0,0,0
2017-11-28,40,0,85,0,0,45,20,91,0,77,0
2017-11-29,0,0,0,0,0,0,0,0,0,1784,0
2017-11-30,43,0,84,0,0,0,38,0,29,80,0
2017-12-01,37,0,717,0,0,0,34,1989,0,92,94
2017-12-02,62,0,148,138,64,0,76,63,56,64,0
2017-12-04,2114,0,0,0,0,0,0,0,0,371,0
2017-12-05,38,0,87,0,0,0,96,0,26,138,96
2017-12-06,0,0,0,0,0,0,0,0,0,89,0
2017-12-07,36,0,88,175,0,0,286,0,284,92,0
2017-12-08,30,0,766,0,73,0,87,35,21,87,0
2017-12-11,53,0,0,0,0,0,0,0,2501,0,0
2017-12-12,67,0,89,39,0,0,284,102,89,89,0
2017-12-13,0,0,135,0,0,0,0,188,0,313,0
2017-12-14,180,0,89,0,0,188,34,136,193,90,54
2017-12-15,100,0,89,0,0,0,29,0,32,88,0
2017-12-18,62,0,0,0,0,0,121,0,142,182,0
2017-12-19,0,0,87,0,0,0,0,0,0,4578,0
2017-12-20,0,0,1568,0,0,0,0,1112,0,0,0
2017-12-22,42,2080,94,0,0,0,0,128,0,94,0
2017-12-26,135,0,0,0,0,0,0,153,0,972,41
2017-12-27,16,0,0,0,0,0,864,0,0,701,0
2017-12-28,502,0,440,0,0,0,87,726,0,130,0
2017-12-29,34,0,0,0,0,0,0,109,106,98,0
2018-01-02,69,0,103,331,0,0,100,103,103,104,73
2018-01-03,0,0,0,0,0,0,0,834,6,0,0
2018-01-04,63,0,103,0,0,0,41,103,80,104,108
2018-01-08,33,0,668,0,0,0,0,666,0,0,0
2018-01-09,0,0,0,0,0,0,0,0,0,33,0
2018-01-10,421,0,405,0,0,0,0,0,0,0,0
2018-01-11,28,0,1560,0,0,0,0,0,0,0,0
2018-01-12,64,0,109,0,0,0,0,163,33,114,39
2018-01-16,37,0,110,0,0,0,54,112,42,110,42
2018-01-17,0,0,99,0,0,0,0,0,0,1710,0
2018-01-18,36,0,106,0,0,0,76,111,0,112,0
2018-01-19,58,0,117,156,0,0,50,153,57,115,116
2018-01-22,0,0,1298,0,0,0,32,991,0,94,0
2018-01-23,40,0,111,96,0,0,76,6,43,110,110
2018-01-24,1328,0,50,0,0,0,0,0,0,729,0
2018-01-25,0,0,108,0,0,0,96,82,1072,108,109
2018-01-26,27,0,106,0,0,0,41,25,0,106,0
2018-01-29,230,0,0,0,0,0,0,0,0,0,0
2018-01-30,36,0,108,0,0,0,45,108,27,76,202
2018-01-31,0,0,310,0,0,0,0,0,0,122,0
2018-02-01,99,0,122,45,0,121,122,91,0,108,0
2018-02-02,35,0,107,0,0,0,20,106,18,112,113
2018-02-03,74,0,95,129,86,94,100,92,92,144,101
2018-02-06,154,0,108,0,0,0,100,117,1198,108,67
2018-02-07,0,0,2054,0,0,0,0,0,323,3633,0
2018-02-09,66,0,108,0,0,133,60,108,56,69,0
2018-02-12,1763,0,0,0,0,0,0,0,0,298,0
2018-02-13,31,0,114,98,0,54,262,1090,114,86,0
2018-02-15,30,0,113,52,0,75,115,115,125,113,25
2018-02-16,42,0,126,0,126,0,56,0,136,82,57
2018-02-20,72,0,114,0,0,56,38,115,115,115,32
2018-02-21,236,0,237,0,0,0,0,460,0,150,273
2018-02-22,149,0,86,0,0,55,56,89,86,56,31
2018-02-23,64,0,86,0,0,55,29,86,0,115,23
2018-02-24,85,0,129,0,110,175,98,97,0,120,80
2018-02-26,17,0,0,0,0,0,0,0,0,0,0
2018-02-27,39,0,116,112,0,0,43,1302,26,58,0
2018-02-28,0,0,36,0,0,0,0,0,36,5160,0
2018-03-01,36,0,119,0,0,15,118,66,0,118,46
2018-03-02,245,0,122,57,0,122,44,778,34,118,0
2018-03-05,17,0,0,0,0,0,0,0,0,239,0
2018-03-06,38,0,60,128,0,121,46,61,38,61,145
2018-03-08,36,0,120,0,62,0,120,120,40,98,140
2018-03-09,35,0,60,45,0,0,34,0,20,80,0
2018-03-12,0,0,115,0,0,0,0,0,15,31,0
2018-03-13,37,0,63,44,32,0,107,121,121,62,97
2018-03-14,1394,0,0,0,0,0,0,140,192,1546,373
2018-03-15,115,0,76,95,0,0,92,132,32,76,122
2018-03-16,58,276,125,0,0,125,290,261,1213,231,74
2018-03-19,0,0,1686,0,0,0,0,0,0,0,0
2018-03-20,37,0,120,0,0,0,180,94,68,64,123
2018-03-22,68,0,121,0,0,127,125,61,22,114,0
2018-03-23,35,0,120,0,0,0,31,461,28,66,0
2018-03-24,142,0,153,181,0,0,139,129,183,104,139
2018-03-27,38,0,68,43,0,0,68,96,1357,67,1411
2018-03-28,0,0,510,0,0,0,0,107,0,541,0
2018-03-29,34,0,67,0,0,0,127,127,48,137,0
2018-04-02,14,0,0,0,0,0,0,1292,0,1903,0
2018-04-03,36,0,128,0,0,0,50,69,0,129,0
2018-04-04,86,0,0,0,0,0,0,0,0,0,0
2018-04-05,36,0,129,0,0,129,0,142,27,130,52
2018-04-06,36,0,129,1073,0,0,0,0,24,70,0
2018-04-07,68,51,150,0,74,62,86,66,360,84,75
2018-04-09,0,0,0,0,0,0,0,0,0,79,0
2018-04-10,36,0,132,10,0,0,132,132,122,72,0
2018-04-11,49,0,118,0,0,0,0,62,1106,567,0
2018-04-12,85,0,132,0,0,0,131,72,131,73,26
2018-04-13,36,0,72,0,0,0,72,131,102,80,0
2018-04-16,0,0,66,0,0,0,0,0,0,0,0
2018-04-17,38,0,84,173,0,55,66,75,133,84,256
2018-04-18,0,0,748,0,0,0,53,0,0,560,0
2018-04-19,36,0,110,0,114,0,134,52,39,75,0
2018-04-20,44,0,134,0,0,0,86,1553,0,46,565
2018-04-24,38,0,137,0,0,0,137,138,79,137,77
2018-04-25,9,0,0,0,0,0,0,0,0,2015,0
2018-04-26,38,0,137,82,0,0,78,0,41,137,200
2018-04-27,44,0,143,0,0,0,45,78,0,92,35
2018-04-30,4,0,0,0,0,0,0,0,0,0,0
2018-05-01,459,0,0,0,0,0,0,2190,0,6463,0
2018-05-02,15,0,545,0,0,0,0,0,0,562,0
2018-05-03,48,0,140,0,0,141,82,82,45,142,35
2018-05-04,36,0,140,0,0,0,140,83,168,137,0
2018-05-08,39,0,113,0,0,0,113,66,38,103,98
2018-05-09,0,0,0,0,0,0,0,0,0,3424,103
2018-05-10,2200,0,0,0,0,0,0,0,0,0,0
2018-05-14,14,0,76,0,0,0,0,0,1530,748,0
2018-05-15,89,0,148,59,0,1485,149,119,955,102,0
2018-05-16,4,0,268,0,0,0,0,0,0,0,0
2018-05-17,41,0,97,0,0,97,156,48,70,97,101
2018-05-18,38,0,162,0,0,137,168,58,0,89,136
2018-05-19,81,0,114,0,76,76,80,78,76,89,0
2018-05-21,0,0,0,0,0,0,1953,0,0,0,0
2018-05-22,0,0,0,0,0,0,0,0,2651,0,0
2018-05-23,2783,0,0,0,0,0,0,0,0,0,0
2018-05-24,856,0,0,0,0,0,0,0,0,0,0
2018-05-25,40,0,157,59,0,0,134,71,1362,140,32
2018-05-29,48,35,101,0,1711,0,101,98,0,98,60
2018-05-30,94,0,0,0,0,0,0,0,0,1921,0
2018-05-31,46,0,99,86,0,0,78,62,53,78,101
2018-06-01,44,0,99,0,0,0,58,456,996,96,0
2018-06-04,14,0,0,0,0,0,12,0,31,165,10
2018-06-05,184,0,81,47,0,90,102,101,44,95,68
2018-06-06,0,0,855,0,0,0,0,0,0,2136,0
2018-06-07,46,0,100,0,0,0,80,0,44,80,0
2018-06-08,42,0,80,66,0,0,200,80,0,80,80
2018-06-11,24,0,595,0,0,0,0,0,0,2354,0
2018-06-12,44,0,84,46,0,0,83,75,47,83,0
2018-06-13,2,0,0,0,0,0,0,0,0,72,0
2018-06-14,41,0,83,0,0,94,104,93,92,97,83
2018-06-15,31,0,101,0,0,102,78,0,54,60,41
2018-06-18,0,0,0,0,0,0,48,0,0,0,0
2018-06-19,104,0,84,0,0,0,909,63,52,94,83
2018-06-20,2860,0,67,0,0,0,0,0,0,0,0
2018-06-21,40,0,105,66,0,0,130,210,105,86,40
2018-06-22,37,0,94,0,0,0,94,0,79,132,68
2018-06-23,71,0,122,31,87,94,88,135,1354,91,97
2018-06-26,41,0,86,75,0,0,107,56,42,107,15
2018-06-27,0,0,366,0,0,0,0,0,0,238,0
2018-06-28,41,0,87,96,0,0,50,0,28,87,0
2018-06-29,34,0,87,0,0,0,0,0,0,86,32
2018-07-02,136,0,0,0,0,0,0,0,0,66,0
2018-07-03,98,0,88,0,0,0,89,56,62,89,40
2018-07-05,39,0,88,0,55,89,88,77,44,89,41
2018-07-06,30,0,87,0,0,0,72,88,49,77,0
2018-07-10,22,0,0,0,0,0,0,48,0,39,0
2018-07-11,0,0,356,0,0,0,0,229,0,0,0
2018-07-12,2837,0,0,0,0,0,0,0,2357,0,0
2018-07-13,44,0,92,0,0,0,88,93,804,92,41
2018-07-16,15,0,0,0,0,0,0,0,0,19,0
2018-07-17,0,0,0,0,0,0,0,0,0,58,0
2018-07-18,0,0,0,0,0,0,0,0,0,3605,0
2018-07-19,0,0,0,0,0,0,0,0,48,0,0
2018-07-20,48,46,97,58,0,0,97,0,45,63,96
2018-07-24,48,0,100,56,0,0,94,0,53,94,102
2018-07-25,115,0,221,0,0,0,117,0,0,517,0
2018-07-26,34,0,90,64,40,0,21,38,95,90,35
2018-07-27,44,0,99,0,0,100,62,100,0,91,55
2018-07-28,94,0,114,0,68,0,106,78,64,112,124
2018-07-31,52,0,84,72,0,105,0,83,24,84,58
2018-08-01,0,0,671,0,0,0,0,0,0,0,0
2018-08-02,48,47,171,0,0,0,102,103,61,102,0
2018-08-03,35,0,102,59,0,0,102,45,40,52,42
2018-08-06,140,0,0,0,0,0,0,22,0,0,0
2018-08-07,0,0,0,0,0,0,46,0,42,21,0
2018-08-08,15,0,311,0,0,0,445,0,0,3625,0
2018-08-09,37,0,87,0,0,0,25,0,38,87,0
2018-08-10,48,0,152,93,0,0,173,173,0,32,43
2018-08-13,1291,0,0,0,0,0,0,0,956,85,0
2018-08-15,102,72,573,0,0,0,0,0,2542,123,0
2018-08-16,0,0,85,0,0,0,0,0,0,0,0
2018-08-17,37,0,163,0,0,0,0,112,51,94,0
2018-08-20,164,0,0,0,0,0,0,0,0,144,0
2018-08-21,0,0,0,0,0,0,1594,7,0,0,0
2018-08-22,0,0,0,0,0,0,1357,0,76,4549,68
2018-08-23,162,0,39,0,0,0,0,67,1205,0,0
2018-08-24,115,0,117,0,0,0,0,117,56,117,0
2018-08-25,64,0,106,0,36,0,110,65,70,74,38
2018-08-27,0,0,826,0,0,0,0,0,0,0,0
2018-08-28,36,0,45,0,0,0,24,0,25,0,0
2018-08-29,0,0,429,0,0,0,0,0,0,681,0
2018-08-30,0,0,0,0,0,0,28,0,0,0,0
2018-08-31,63,0,123,0,0,0,63,123,74,102,64
2018-09-04,63,0,125,0,0,0,125,1280,0,126,0
2018-09-05,129,0,0,0,0,0,0,0,0,0,0
2018-09-06,58,0,122,68,0,33,117,97,65,78,0
2018-09-07,54,0,120,0,0,0,0,0,42,120,0
2018-09-10,14,0,0,0,0,0,0,0,0,16,0
2018-09-11,89,0,123,120,0,0,0,122,90,122,0
2018-09-12,0,0,576,0,0,0,0,0,0,0,0
2018-09-13,54,0,121,48,0,268,94,121,109,1222,131
2018-09-14,53,0,120,153,0,0,121,0,51,120,53
2018-09-17,21,0,0,0,0,0,0,0,0,1422,0
2018-09-18,105,0,122,0,0,0,86,0,295,160,0
2018-09-19,61,0,99,0,0,0,76,0,21,1272,84
2018-09-20,100,0,121,0,0,0,0,49,59,121,0
2018-09-21,52,0,72,0,27,0,120,120,0,96,29
2018-09-24,1392,0,0,0,0,0,0,0,0,34,0
2018-09-25,51,0,75,0,0,65,62,102,105,101,86
2018-09-26,76,0,502,0,0,0,0,2252,1036,40,0
2018-09-27,64,0,121,53,0,89,74,121,52,75,74
2018-09-28,34,0,121,0,0,0,26,46,52,61,30
2018-10-01,15,15,0,0,0,0,0,0,0,0,0
2018-10-02,51,0,123,1881,0,0,76,102,2629,124,0
2018-10-03,19,0,56,0,0,56,56,104,55,80,0
2018-10-04,102,0,123,76,0,0,1022,37,68,84,0
2018-10-05,47,0,76,61,159,0,0,124,69,110,0
2018-10-09,88,0,126,25,0,0,0,27,70,102,93
2018-10-10,108,0,107,0,0,0,59,0,0,59,0
2018-10-11,74,0,79,43,0,0,127,0,49,79,0
2018-10-12,96,0,102,0,0,126,0,159,126,105,46
2018-10-15,111,0,0,0,0,0,0,0,0,0,0
2018-10-16,49,0,128,0,0,0,33,56,0,106,93
2018-10-17,0,0,608,0,0,0,0,0,0,402,0
2018-10-18,48,0,110,0,34,0,79,40,44,100,0
2018-10-19,48,0,0,0,0,0,0,0,0,0,0
2018-10-22,0,0,0,0,0,0,0,0,0,87,0
2018-10-23,48,0,129,0,0,0,106,132,62,114,0
2018-10-24,2909,0,63,0,0,0,0,0,0,111,0
2018-10-25,46,0,129,48,0,0,106,149,44,81,0
2018-10-26,40,40,129,0,0,0,62,114,0,126,39
2018-10-29,542,0,175,0,0,0,2185,0,0,334,0
2018-10-30,698,0,130,0,0,0,84,220,47,84,82
2018-10-31,94,0,771,0,0,0,78,299,0,122,152
2018-11-01,74,0,82,0,0,0,0,80,50,479,73
2018-11-02,37,0,128,0,0,0,128,57,36,124,0
2018-11-05,190,0,0,0,0,0,0,0,0,2113,0
2018-11-06,44,0,132,0,0,0,130,82,108,83,219
2018-11-07,1980,0,765,0,0,0,0,0,0,638,0
2018-11-09,0,0,24,0,0,0,0,0,0,25,0
2018-11-13,46,0,134,631,0,0,86,0,663,86,0
2018-11-14,5,0,163,0,0,0,0,0,0,0,0
2018-11-15,110,0,127,144,0,140,135,86,106,64,53
2018-11-16,42,0,107,62,0,0,0,106,58,82,120
2018-11-19,259,0,0,0,0,0,0,0,0,0,0
2018-11-20,45,0,88,69,0,0,88,88,40,81,67
2018-11-21,966,0,1551,0,0,0,1808,2023,0,625,0
2018-11-23,0,0,0,0,0,0,0,0,0,4494,0
2018-11-26,335,0,75,0,0,0,0,0,0,0,0
2018-11-27,49,0,136,0,0,0,94,79,83,141,76
2018-11-28,0,0,50,0,0,0,0,0,0,246,0
2018-11-29,75,47,93,0,0,0,92,92,54,93,0
2018-11-30,38,0,92,0,0,0,87,58,72,92,92
2018-12-01,77,80,107,69,107,0,553,91,86,114,162
2018-12-03,28,0,0,0,0,0,0,0,0,0,0
2018-12-04,46,46,93,78,0,0,88,81,56,93,100
2018-12-05,0,0,79,0,0,0,0,0,26,48,48
2018-12-06,44,0,93,48,0,0,78,0,50,48,0
2018-12-07,35,0,74,0,0,0,0,0,76,93,0
2018-12-10,0,0,0,0,0,0,0,0,0,2478,0
2018-12-11,42,0,94,52,0,0,1141,54,48,54,0
2018-12-12,22,0,84,85,0,40,53,85,0,53,84
2018-12-13,40,0,83,39,0,0,68,57,49,55,0
2018-12-14,38,0,88,121,0,0,0,1008,108,93,33
2018-12-15,76,94,146,0,112,148,86,60,83,124,56
2018-12-17,15,0,186,0,0,0,1039,81,0,966,0
2018-12-18,1450,0,0,0,0,0,0,0,0,49,0
2018-12-19,0,0,380,0,0,0,0,0,0,646,0
2018-12-20,15,0,52,0,0,0,52,0,0,52,0
2018-12-21,36,0,68,0,0,0,97,0,0,99,0
2018-12-24,0,0,0,0,0,0,72,0,0,0,0
2018-12-26,133,0,0,0,0,0,0,0,0,53,0
2018-12-27,126,0,181,0,0,0,0,0,0,5276,0
2018-12-28,31,244,95,80,0,0,0,0,50,93,158
2018-12-31,2566,0,476,0,0,0,0,0,0,1823,0
2019-01-02,15,0,0,0,0,0,0,0,0,3673,0
2019-01-03,65,0,1519,0,0,0,0,2321,1028,0,27
2019-01-04,38,0,72,0,0,103,82,1054,41,71,1375
2019-01-07,110,0,59,0,0,0,0,1783,0,612,0
2019-01-08,44,0,106,101,0,74,90,61,0,130,83
2019-01-09,0,0,524,0,0,0,0,0,0,0,0
2019-01-10,110,0,75,0,145,0,75,90,57,88,48
2019-01-11,24,0,89,0,0,0,74,74,39,61,0
2019-01-12,61,0,84,75,70,112,80,64,0,84,48
2019-01-14,16,0,0,0,0,0,0,0,0,0,0
2019-01-15,42,0,107,0,0,0,0,0,0,107,0
2019-01-16,0,0,99,0,0,0,50,0,0,93,0
2019-01-17,42,0,108,0,0,0,77,0,76,108,36
2019-01-18,100,0,108,0,0,0,92,48,42,108,55
2019-01-22,86,0,298,0,0,0,0,195,0,263,0
2019-01-23,1566,0,872,0,0,0,0,1099,0,867,0
2019-01-24,41,0,79,0,0,0,111,77,138,95,131
2019-01-25,32,33,111,0,0,0,0,58,0,58,0
2019-01-28,65,0,0,0,0,0,0,0,1777,1365,0
2019-01-29,70,39,82,45,0,0,114,105,74,114,0
2019-01-30,111,0,118,123,0,0,62,104,49,87,0
2019-01-31,41,38,83,0,0,82,82,0,0,83,0
2019-02-01,34,95,82,0,0,103,103,80,74,82,30
2019-02-04,38,40,1683,0,0,0,0,0,0,2234,0
2019-02-05,26,0,0,2044,0,0,690,2311,0,330,0
2019-02-06,0,0,0,0,0,0,0,0,0,656,0
2019-02-07,41,0,87,88,0,0,88,99,84,102,0
2019-02-08,38,0,84,76,0,0,0,0,43,79,71
2019-02-11,302,0,148,0,0,0,0,1094,0,1840,409
2019-02-12,0,0,433,0,0,0,0,0,403,1048,0
2019-02-13,0,0,0,0,0,0,0,0,0,131,0
2019-02-14,94,0,92,90,0,0,105,137,0,105,104
2019-02-15,42,44,0,0,0,0,0,30,0,49,27
2019-02-19,24,0,0,0,0,0,0,0,0,0,0
2019-02-21,47,0,92,184,187,0,0,83,1516,92,38
2019-02-22,36,0,99,0,0,0,594,99,0,100,680
2019-02-23,74,52,91,117,0,77,109,94,0,106,84
2019-02-25,77,0,0,0,0,0,0,0,0,662,0
2019-02-26,74,0,93,0,0,94,103,61,61,94,43
2019-02-27,39,0,92,0,0,0,0,90,0,92,37
2019-02-28,36,0,89,0,0,0,36,89,0,88,0
2019-03-01,32,0,86,52,0,0,66,1311,0,83,31
2019-03-04,482,0,1083,0,0,0,0,1002,0,574,0
2019-03-05,33,0,90,41,0,0,88,66,59,75,32
2019-03-06,30,0,84,0,0,0,16,85,82,83,0
2019-03-07,482,0,79,0,0,0,81,106,832,80,166
2019-03-08,29,0,83,50,0,0,72,75,17,79,80
2019-03-11,114,0,909,0,0,0,0,0,0,68,0
2019-03-13,0,0,149,0,0,0,0,0,0,0,0
2019-03-14,35,0,88,0,0,83,88,189,0,93,0
2019-03-15,34,0,82,0,20,0,0,34,18,82,22
2019-03-18,2538,0,0,0,0,0,0,0,0,0,0
2019-03-19,38,0,84,126,0,0,16,81,0,83,38
2019-03-20,0,0,82,0,0,0,0,82,0,37,0
2019-03-21,102,0,82,0,0,0,0,53,28,384,1196
2019-03-22,94,0,79,37,0,0,91,138,0,63,0
2019-03-25,0,0,0,0,0,0,0,0,0,4165,0
2019-03-26,95,0,86,68,0,0,86,0,0,114,0
2019-03-27,37,36,86,0,0,0,0,86,0,86,22
2019-03-28,87,0,84,0,0,0,30,56,21,84,0
2019-03-29,36,0,84,0,0,0,0,0,17,84,0
2019-04-02,55,0,87,358,0,0,572,798,0,64,903
2019-04-03,48,0,87,0,0,0,0,0,0,86,24
2019-04-04,44,0,86,35,0,0,194,86,0,86,58
2019-04-05,35,0,86,0,0,0,86,86,0,91,0
2019-04-08,0,0,0,0,0,0,0,78,0,54,0
2019-04-09,3022,0,0,0,0,0,0,0,22,0,0
2019-04-10,14,0,183,0,0,0,0,0,0,0,0
2019-04-11,40,0,91,0,0,0,0,39,1736,90,734
2019-04-12,37,0,90,0,0,0,90,0,31,90,101
2019-04-13,69,0,83,0,107,78,109,74,67,98,0
2019-04-16,37,38,93,0,0,0,0,58,1294,92,0
2019-04-17,38,0,91,0,0,0,0,0,26,90,0
2019-04-18,36,0,90,0,0,90,0,0,20,89,22
2019-04-23,38,0,93,0,0,0,408,0,0,100,399
2019-04-24,36,0,93,0,0,0,142,151,0,93,0
2019-04-25,148,0,93,157,0,0,1026,118,119,160,0
2019-04-26,34,36,0,0,0,0,0,0,0,104,0
2019-04-29,228,0,0,0,0,0,0,0,0,92,0
2019-04-30,38,0,98,0,0,0,97,0,24,38,0
2019-05-01,134,0,97,0,0,0,0,99,97,96,35
2019-05-02,0,0,96,0,0,0,0,1434,0,96,0
2019-05-03,36,0,96,0,0,0,98,0,0,64,32
2019-05-06,1021,0,0,0,0,0,0,0,0,482,671
2019-05-07,48,0,0,0,0,0,0,0,0,0,0
2019-05-08,1556,0,0,0,0,0,45,68,0,184,0
2019-05-09,0,0,339,1371,0,0,0,0,0,8,0
2019-05-10,0,0,0,0,0,0,0,2282,0,0,0
2019-05-13,0,0,426,0,0,0,0,0,0,0,0
2019-05-14,63,0,0,0,0,0,0,2220,0,39,0
2019-05-15,42,0,0,0,0,0,0,0,0,1018,0
2019-05-16,47,0,62,0,0,0,0,49,50,62,0
2019-05-17,51,0,110,0,0,0,0,59,1520,88,116
2019-05-18,64,133,111,0,142,28,74,52,43,97,0
2019-05-20,3377,0,0,0,0,0,0,927,0,535,0
2019-05-22,1337,0,1048,0,0,0,0,2002,0,3502,0
2019-05-23,48,0,88,121,47,0,34,0,47,116,0
2019-05-24,39,0,115,0,0,0,424,50,43,113,0
2019-05-28,39,0,116,0,0,116,82,668,44,116,64
2019-05-29,36,0,111,0,0,0,64,70,42,70,0
2019-05-30,84,0,113,0,26,0,0,80,47,106,0
2019-05-31,34,0,111,38,0,0,0,88,41,90,25
2019-06-03,14,0,0,0,0,0,0,1580,0,334,0
2019-06-04,38,38,114,49,0,0,35,1059,0,85,35
2019-06-05,50,0,114,0,0,0,68,0,36,114,0
2019-06-06,72,0,113,58,0,0,41,570,0,113,0
2019-06-07,30,0,68,0,0,0,92,92,0,68,0
2019-06-10,283,0,0,0,0,0,0,0,0,1023,0
2019-06-11,0,0,0,0,0,0,0,1922,0,0,0
2019-06-12,3038,5,0,0,0,0,0,0,0,218,0
2019-06-13,40,0,66,3133,0,0,0,0,0,111,85
2019-06-14,34,0,119,0,0,0,72,24,60,118,0
2019-06-19,0,0,0,0,0,0,1498,0,0,2134,0
2019-06-20,41,0,120,125,27,0,83,116,36,54,8
2019-06-21,35,0,123,0,0,0,133,123,33,184,0
2019-06-22,48,0,144,0,54,63,77,62,63,83,0
2019-06-24,0,0,0,0,0,0,0,0,0,37,0
2019-06-25,38,0,125,0,0,0,699,79,0,96,0
2019-06-26,54,0,75,0,0,0,19,119,49,42,0
2019-06-27,35,0,71,0,0,0,72,65,0,72,0
2019-06-28,33,0,79,99,0,0,79,0,30,96,34
2019-07-01,17,0,0,0,0,0,0,0,0,0,0
2019-07-02,0,0,0,0,0,0,2135,2594,2979,8,8
2019-07-03,0,0,0,0,0,0,0,0,0,3124,0
2019-07-05,697,0,0,0,0,0,0,0,0,0,0
2019-07-08,1768,0,1097,0,0,0,0,130,681,528,0
2019-07-09,0,0,0,0,0,0,754,0,0,998,0
2019-07-10,0,0,0,0,0,0,0,0,1734,49,0
2019-07-11,42,0,82,0,0,0,38,0,96,68,37
2019-07-12,36,0,876,134,0,0,26,80,37,66,40
2019-07-15,0,0,0,0,0,0,838,0,0,0,0
2019-07-16,859,0,0,0,0,0,0,0,0,2041,0
2019-07-17,0,0,0,0,0,0,0,0,0,2168,0
2019-07-18,39,0,100,0,0,144,83,1501,1609,71,50
2019-07-19,36,0,82,0,0,0,38,39,0,42,0
2019-07-22,184,0,0,0,0,0,0,71,0,0,0
2019-07-23,89,0,0,0,0,0,0,0,0,0,0
2019-07-24,0,0,532,0,0,0,0,0,0,0,0
2019-07-25,40,0,87,0,0,0,0,32,0,207,0
2019-07-26,36,0,88,34,69,0,0,66,111,51,0
2019-07-27,60,0,110,0,73,0,192,68,112,82,54
2019-07-29,0,0,928,0,0,0,0,0,0,13,0
2019-07-30,236,0,0,0,0,0,0,0,0,0,0
2019-07-31,74,0,2427,0,0,0,0,0,0,2168,0
2019-08-01,42,340,1270,89,0,0,0,211,53,163,464
2019-08-02,36,0,170,0,0,0,0,651,84,63,0
2019-08-05,238,0,0,0,0,0,556,0,0,1969,268
2019-08-06,0,0,0,0,0,0,0,1960,0,178,0
2019-08-08,38,0,94,0,0,0,0,93,95,45,275
2019-08-09,36,0,89,0,0,92,0,0,37,52,80
2019-08-12,15,0,868,0,0,0,350,0,0,32,0
2019-08-14,0,0,210,0,0,0,316,0,0,62,0
2019-08-15,37,0,330,51,0,0,0,1465,529,102,0
2019-08-16,32,0,92,41,0,0,92,92,30,87,87
2019-08-19,44,0,0,0,0,0,0,0,0,60,0
2019-08-20,15,0,1900,0,0,0,0,0,0,2266,0
2019-08-21,0,0,146,0,0,0,0,0,0,0,0
2019-08-22,40,0,0,0,0,0,0,352,73,71,657
2019-08-23,29,30,148,0,0,29,88,104,49,77,0
2019-08-26,678,0,639,0,0,0,0,0,0,1588,0
2019-08-27,0,0,0,0,0,0,0,2147,0,2112,0
2019-08-28,0,0,0,0,0,0,2224,0,0,88,0
2019-08-29,41,41,70,0,0,49,47,0,0,47,87
2019-08-30,35,0,0,0,0,0,44,0,0,54,53
2019-09-03,0,0,1055,0,0,0,0,0,0,0,0
2019-09-04,1183,0,0,0,0,0,0,0,0,0,0
2019-09-05,38,0,39,0,0,0,30,64,0,44,41
2019-09-06,35,0,206,0,0,0,0,44,39,44,0
2019-09-09,46,0,1928,0,0,0,0,0,0,0,0
2019-09-10,0,0,0,0,0,0,0,0,0,193,0
2019-09-11,2786,0,60,0,0,0,2430,2130,2343,2342,0
2019-09-12,37,40,0,0,0,0,39,36,0,54,39
2019-09-13,31,0,0,38,0,0,0,50,35,38,18
2019-09-16,86,0,0,0,0,0,1091,0,0,0,0
2019-09-17,36,36,0,60,0,0,18,0,38,59,0
2019-09-18,34,35,103,0,0,0,0,20,27,106,0
2019-09-19,153,0,812,0,0,0,1048,254,38,821,177
2019-09-20,32,0,0,0,0,0,0,0,0,2164,33
2019-09-23,0,0,0,0,0,0,0,964,0,0,0
2019-09-24,36,36,1086,58,0,0,22,20,0,764,0
2019-09-25,35,0,35,0,0,0,0,0,0,2406,0
2019-09-26,36,0,227,0,0,0,0,31,0,35,0
2019-09-27,36,0,0,0,0,0,0,0,0,49,0
2019-09-28,80,84,1907,0,99,0,71,85,52,86,83
2019-09-30,0,0,0,0,0,0,0,753,0,0,0
2019-10-01,0,0,0,0,0,0,0,2655,0,4228,2384
2019-10-02,25,0,884,0,0,0,0,0,0,0,0
2019-10-03,36,0,0,0,0,0,32,0,528,491,186
2019-10-04,42,0,233,32,0,0,27,0,189,34,29
2019-10-08,0,0,957,0,0,0,0,1214,0,0,0
2019-10-09,36,0,49,0,0,0,0,0,0,187,0
2019-10-10,41,0,0,0,0,0,39,96,39,54,39
2019-10-11,32,0,0,0,0,0,0,0,0,1935,0
2019-10-15,36,0,1811,52,0,0,81,0,32,46,32
2019-10-16,41,0,253,82,0,0,19,70,0,179,23
2019-10-17,20,0,0,0,0,0,13,44,69,1126,20
2019-10-18,32,30,0,30,0,0,0,0,0,4261,0
2019-10-21,0,0,0,0,0,0,0,0,0,191,0
2019-10-22,35,72,0,0,0,0,0,31,29,70,36
2019-10-23,0,0,71,0,0,0,0,0,0,1736,0
2019-10-24,34,0,558,0,0,0,0,0,0,303,24
2019-10-25,34,0,0,32,0,0,0,44,0,37,20
2019-10-28,0,0,1922,0,0,0,0,0,0,0,0
2019-10-29,37,0,0,50,0,0,0,32,32,58,36
2019-10-30,64,0,1686,44,0,0,21,2072,0,0,0
2019-10-31,2895,0,0,0,0,0,0,0,0,2030,430
2019-11-01,31,0,0,36,0,0,61,556,2107,46,0
2019-11-02,56,0,264,0,67,0,56,121,60,78,38
2019-11-04,254,0,0,0,0,0,716,0,0,0,0
2019-11-05,24,0,0,0,0,0,47,44,1348,96,492
2019-11-06,35,0,148,39,0,0,66,0,26,26,0
2019-11-08,54,0,0,0,0,0,0,0,0,852,0
2019-11-12,16,0,83,0,0,0,0,0,0,0,0
2019-11-13,55,0,279,0,0,0,0,0,21,0,0
2019-11-14,25,0,0,48,0,0,0,55,0,1496,0
2019-11-15,71,23,20,0,0,0,42,36,0,60,43
2019-11-18,0,0,0,0,0,0,0,0,0,791,0
2019-11-19,43,0,410,0,0,0,323,0,27,1532,0
2019-11-20,98,0,0,0,0,0,0,131,42,26,0
2019-11-21,51,0,0,45,0,0,0,0,0,36,0
2019-11-22,29,0,147,0,0,0,415,141,0,36,24
2019-11-25,17,0,0,0,0,0,0,0,0,2460,0
2019-11-26,1240,0,1173,0,0,0,1170,1464,0,2273,0
2019-11-27,92,0,0,0,0,0,0,0,0,0,0
2019-12-02,3517,0,0,0,0,0,0,0,0,0,0
2019-12-03,0,0,0,0,0,0,0,0,0,739,0
2019-12-04,165,0,314,0,0,0,0,0,0,1912,0
2019-12-05,41,35,375,55,0,0,32,1414,54,39,57
2019-12-06,58,36,0,38,0,0,0,0,0,48,38
2019-12-09,170,0,0,0,0,0,0,0,0,0,0
2019-12-10,0,0,1065,0,0,0,0,0,0,1416,0
2019-12-11,0,0,120,0,0,0,0,0,0,0,0
2019-12-12,70,0,255,34,0,0,2199,51,58,61,244
2019-12-13,26,0,0,0,0,0,1218,77,0,5254,77
2019-12-16,27,0,0,0,0,0,0,0,0,1585,0
2019-12-17,0,0,0,0,0,0,0,1288,0,0,15
2019-12-18,0,0,2224,0,0,0,0,0,1499,0,0
2019-12-19,29,0,386,68,0,0,62,99,0,48,41
2019-12-20,25,0,0,0,0,32,43,42,24,43,24
2019-12-23,142,0,0,255,0,0,0,0,0,0,902
2019-12-24,0,0,0,0,0,0,1085,1519,0,0,0
2019-12-26,27,0,0,0,0,0,51,0,0,38,0
2019-12-27,25,0,0,0,0,0,30,0,0,39,0
2019-12-30,937,0,1931,0,0,0,0,0,0,0,0
2019-12-31,74,0,2583,0,0,0,0,0,0,686,0
2020-01-02,26,0,561,1400,32,0,25,43,0,41,34
2020-01-03,24,0,0,0,0,0,500,36,0,50,0
2020-01-04,78,64,334,0,0,0,110,87,0,92,133
2020-01-06,142,0,0,0,0,0,0,0,0,0,0
2020-01-07,0,0,360,0,0,0,0,0,1933,0,0
2020-01-08,82,0,2290,11,0,0,0,0,0,987,0
2020-01-09,28,0,24,53,0,0,129,0,488,40,0
2020-01-10,24,0,0,52,0,0,0,0,0,28,0
2020-01-13,3146,0,0,0,0,0,0,0,0,2181,0
2020-01-14,36,0,1549,0,0,0,108,0,2519,1302,0
2020-01-15,128,0,0,0,0,0,0,0,0,0,0
2020-01-16,44,0,0,0,0,0,0,878,909,226,0
2020-01-17,30,0,0,0,0,0,0,0,35,30,0
2020-01-21,0,0,0,0,0,0,60,0,0,52,0
2020-01-22,89,0,170,0,0,0,36,30,0,39,0
2020-01-23,176,0,0,0,0,0,0,38,0,2510,0
2020-01-24,83,0,30,0,0,0,145,0,0,44,1254
2020-01-27,104,0,2009,0,0,0,0,0,0,3080,0
2020-01-28,38,39,1191,0,0,0,42,0,0,169,0
2020-01-29,44,0,194,0,0,0,0,59,0,68,0
2020-01-30,123,0,0,0,0,0,0,0,0,94,88
2020-01-31,35,0,349,0,0,0,58,2192,0,337,0
2020-02-04,0,0,0,0,0,0,2351,0,0,4406,0
2020-02-05,138,0,585,0,0,0,0,0,0,0,0
2020-02-06,41,0,772,0,0,0,59,2210,0,2413,69
2020-02-07,38,0,0,110,0,0,9,0,35,124,0
2020-02-10,117,0,0,0,0,0,0,0,0,0,0
2020-02-11,0,0,0,0,0,0,2463,3323,0,0,0
2020-02-12,0,1414,0,0,0,0,0,0,0,0,0
2020-02-13,42,0,28,0,0,0,116,0,40,330,0
2020-02-14,37,0,0,33,0,0,57,0,0,75,60
